mtllib FORMULA_EV_DETAILED_VIEWER.mtl
o Carbon_monocoque
usemtl White_Carbon
v -86.00000 -7.00000 7.00000
v -70.00000 -10.00000 7.00000
v -70.00000 10.00000 7.00000
v -86.00000 7.00000 7.00000
v -70.00000 10.00000 10.00000
v -86.00000 7.00000 8.00000
v -70.00000 8.75000 10.83354
v -86.00000 6.12500 8.41677
v -70.00000 7.50000 11.58222
v -86.00000 5.25000 8.79111
v -70.00000 6.25000 12.24268
v -86.00000 4.37500 9.12134
v -70.00000 5.00000 12.81079
v -86.00000 3.50000 9.40540
v -70.00000 3.75000 13.28119
v -86.00000 2.62500 9.64059
v -70.00000 2.50000 13.64645
v -86.00000 1.75000 9.82322
v -70.00000 1.25000 13.89489
v -86.00000 0.87500 9.94744
v -70.00000 0.00000 14.00000
v -86.00000 0.00000 10.00000
v -70.00000 -1.25000 13.89489
v -86.00000 -0.87500 9.94744
v -70.00000 -2.50000 13.64645
v -86.00000 -1.75000 9.82322
v -70.00000 -3.75000 13.28119
v -86.00000 -2.62500 9.64059
v -70.00000 -5.00000 12.81079
v -86.00000 -3.50000 9.40540
v -70.00000 -6.25000 12.24268
v -86.00000 -4.37500 9.12134
v -70.00000 -7.50000 11.58222
v -86.00000 -5.25000 8.79111
v -70.00000 -8.75000 10.83354
v -86.00000 -6.12500 8.41677
v -70.00000 -10.00000 10.00000
v -86.00000 -7.00000 8.00000
v -48.00000 -14.00000 7.00000
v -48.00000 14.00000 7.00000
v -48.00000 14.00000 14.00000
v -48.00000 12.25000 15.66708
v -48.00000 10.50000 17.16444
v -48.00000 8.75000 18.48537
v -48.00000 7.00000 19.62159
v -48.00000 5.25000 20.56238
v -48.00000 3.50000 21.29289
v -48.00000 1.75000 21.78978
v -48.00000 0.00000 22.00000
v -48.00000 -1.75000 21.78978
v -48.00000 -3.50000 21.29289
v -48.00000 -5.25000 20.56238
v -48.00000 -7.00000 19.62159
v -48.00000 -8.75000 18.48537
v -48.00000 -10.50000 17.16444
v -48.00000 -12.25000 15.66708
v -48.00000 -14.00000 14.00000
v -22.00000 -20.00000 7.00000
v -22.00000 20.00000 7.00000
v -22.00000 20.00000 18.00000
v -22.00000 17.50000 20.70900
v -22.00000 15.00000 23.14221
v -22.00000 12.50000 25.28872
v -22.00000 10.00000 27.13508
v -22.00000 7.50000 28.66386
v -22.00000 5.00000 29.85095
v -22.00000 2.50000 30.65839
v -22.00000 0.00000 31.00000
v -22.00000 -2.50000 30.65839
v -22.00000 -5.00000 29.85095
v -22.00000 -7.50000 28.66386
v -22.00000 -10.00000 27.13508
v -22.00000 -12.50000 25.28872
v -22.00000 -15.00000 23.14221
v -22.00000 -17.50000 20.70900
v -22.00000 -20.00000 18.00000
v 12.00000 -21.00000 7.00000
v 12.00000 21.00000 7.00000
v 12.00000 21.00000 19.00000
v 12.00000 18.37500 22.12577
v 12.00000 15.75000 24.93332
v 12.00000 13.12500 27.41006
v 12.00000 10.50000 29.54047
v 12.00000 7.87500 31.30446
v 12.00000 5.25000 32.67417
v 12.00000 2.62500 33.60583
v 12.00000 0.00000 34.00000
v 12.00000 -2.62500 33.60583
v 12.00000 -5.25000 32.67417
v 12.00000 -7.87500 31.30446
v 12.00000 -10.50000 29.54047
v 12.00000 -13.12500 27.41006
v 12.00000 -15.75000 24.93332
v 12.00000 -18.37500 22.12577
v 12.00000 -21.00000 19.00000
v 42.00000 -19.00000 7.00000
v 42.00000 19.00000 7.00000
v 42.00000 19.00000 17.00000
v 42.00000 16.62500 19.29223
v 42.00000 14.25000 21.35110
v 42.00000 11.87500 23.16738
v 42.00000 9.50000 24.72968
v 42.00000 7.12500 26.02327
v 42.00000 4.75000 27.02773
v 42.00000 2.37500 27.71094
v 42.00000 0.00000 28.00000
v 42.00000 -2.37500 27.71094
v 42.00000 -4.75000 27.02773
v 42.00000 -7.12500 26.02327
v 42.00000 -9.50000 24.72968
v 42.00000 -11.87500 23.16738
v 42.00000 -14.25000 21.35110
v 42.00000 -16.62500 19.29223
v 42.00000 -19.00000 17.00000
v 66.00000 -15.00000 7.00000
v 66.00000 15.00000 7.00000
v 66.00000 15.00000 14.00000
v 66.00000 13.12500 15.25031
v 66.00000 11.25000 16.37333
v 66.00000 9.37500 17.36403
v 66.00000 7.50000 18.21619
v 66.00000 5.62500 18.92178
v 66.00000 3.75000 19.46967
v 66.00000 1.87500 19.84233
v 66.00000 0.00000 20.00000
v 66.00000 -1.87500 19.84233
v 66.00000 -3.75000 19.46967
v 66.00000 -5.62500 18.92178
v 66.00000 -7.50000 18.21619
v 66.00000 -9.37500 17.36403
v 66.00000 -11.25000 16.37333
v 66.00000 -13.12500 15.25031
v 66.00000 -15.00000 14.00000
v 78.00000 -11.00000 7.00000
v 78.00000 11.00000 7.00000
v 78.00000 11.00000 11.00000
v 78.00000 9.62500 11.83354
v 78.00000 8.25000 12.58222
v 78.00000 6.87500 13.24268
v 78.00000 5.50000 13.81079
v 78.00000 4.12500 14.28119
v 78.00000 2.75000 14.64645
v 78.00000 1.37500 14.89489
v 78.00000 0.00000 15.00000
v 78.00000 -1.37500 14.89489
v 78.00000 -2.75000 14.64645
v 78.00000 -4.12500 14.28119
v 78.00000 -5.50000 13.81079
v 78.00000 -6.87500 13.24268
v 78.00000 -8.25000 12.58222
v 78.00000 -9.62500 11.83354
v 78.00000 -11.00000 11.00000
v -86.00000 0.00000 8.96272
v 78.00000 0.00000 12.71492
v -92.00000 -6.00000 3.50000
v -20.00000 6.00000 3.50000
v -20.00000 -6.00000 3.50000
v -92.00000 6.00000 3.50000
v -92.00000 -6.00000 8.50000
v -20.00000 -6.00000 8.50000
v -20.00000 6.00000 8.50000
v -92.00000 6.00000 8.50000
v 19.00000 -10.00000 4.50000
v 77.00000 10.00000 4.50000
v 77.00000 -10.00000 4.50000
v 19.00000 10.00000 4.50000
v 19.00000 -10.00000 9.50000
v 77.00000 -10.00000 9.50000
v 77.00000 10.00000 9.50000
v 19.00000 10.00000 9.50000
v -46.50000 -11.00000 6.00000
v -43.50000 11.00000 6.00000
v -43.50000 -11.00000 6.00000
v -46.50000 11.00000 6.00000
v -46.50000 -11.00000 12.00000
v -43.50000 -11.00000 12.00000
v -43.50000 11.00000 12.00000
v -46.50000 11.00000 12.00000
v -11.50000 -17.00000 6.00000
v -8.50000 17.00000 6.00000
v -8.50000 -17.00000 6.00000
v -11.50000 17.00000 6.00000
v -11.50000 -17.00000 12.00000
v -8.50000 -17.00000 12.00000
v -8.50000 17.00000 12.00000
v -11.50000 17.00000 12.00000
v 23.50000 -17.00000 6.00000
v 26.50000 17.00000 6.00000
v 26.50000 -17.00000 6.00000
v 23.50000 17.00000 6.00000
v 23.50000 -17.00000 12.00000
v 26.50000 -17.00000 12.00000
v 26.50000 17.00000 12.00000
v 23.50000 17.00000 12.00000
v 56.50000 -17.00000 6.00000
v 59.50000 17.00000 6.00000
v 59.50000 -17.00000 6.00000
v 56.50000 17.00000 6.00000
v 56.50000 -17.00000 12.00000
v 59.50000 -17.00000 12.00000
v 59.50000 17.00000 12.00000
v 56.50000 17.00000 12.00000
v -67.00000 -3.00000 18.00000
v -49.00000 3.00000 18.00000
v -49.00000 -3.00000 18.00000
v -67.00000 3.00000 18.00000
v -67.00000 -3.00000 22.00000
v -49.00000 -3.00000 22.00000
v -49.00000 3.00000 22.00000
v -67.00000 3.00000 22.00000
v -17.96445 -20.59961 28.00000
v -17.95356 -20.47754 27.38786
v 27.04644 -19.47754 28.38786
v 27.03555 -19.59961 29.00000
v -17.94974 -20.13053 26.86891
v 27.05026 -19.13053 27.86891
v -17.95357 -19.61141 26.52216
v 27.04643 -18.61141 27.52216
v -17.96447 -18.99921 26.40039
v 27.03553 -17.99921 27.40039
v -17.98078 -18.38713 26.52216
v 27.01922 -17.38713 27.52216
v -18.00001 -17.86835 26.86891
v 26.99999 -16.86835 27.86891
v -18.01924 -17.52186 27.38786
v 26.98076 -16.52186 28.38786
v -18.03555 -17.40039 28.00000
v 26.96445 -16.40039 29.00000
v -18.04644 -17.52246 28.61214
v 26.95356 -16.52246 29.61214
v -18.05026 -17.86947 29.13109
v 26.94974 -16.86947 30.13109
v -18.04643 -18.38859 29.47784
v 26.95357 -17.38859 30.47784
v -18.03553 -19.00079 29.59961
v 26.96447 -18.00079 30.59961
v -18.01922 -19.61287 29.47784
v 26.98078 -18.61287 30.47784
v -17.99999 -20.13165 29.13109
v 27.00001 -19.13165 30.13109
v -17.98076 -20.47814 28.61214
v 27.01924 -19.47814 29.61214
v -18.03555 17.40039 28.00000
v -18.01924 17.52186 27.38786
v 26.98076 16.52186 28.38786
v 26.96445 16.40039 29.00000
v -18.00001 17.86835 26.86891
v 26.99999 16.86835 27.86891
v -17.98078 18.38713 26.52216
v 27.01922 17.38713 27.52216
v -17.96447 18.99921 26.40039
v 27.03553 17.99921 27.40039
v -17.95357 19.61141 26.52216
v 27.04643 18.61141 27.52216
v -17.94974 20.13053 26.86891
v 27.05026 19.13053 27.86891
v -17.95356 20.47754 27.38786
v 27.04644 19.47754 28.38786
v -17.96445 20.59961 28.00000
v 27.03555 19.59961 29.00000
v -17.98076 20.47814 28.61214
v 27.01924 19.47814 29.61214
v -17.99999 20.13165 29.13109
v 27.00001 19.13165 30.13109
v -18.01922 19.61287 29.47784
v 26.98078 18.61287 30.47784
v -18.03553 19.00079 29.59961
v 26.96447 18.00079 30.59961
v -18.04643 18.38859 29.47784
v 26.95357 17.38859 30.47784
v -18.05026 17.86947 29.13109
v 26.94974 16.86947 30.13109
v -18.04644 17.52246 28.61214
v 26.95356 16.52246 29.61214
f 1 2 3
f 1 3 4
f 4 3 5
f 4 5 6
f 6 5 7
f 6 7 8
f 8 7 9
f 8 9 10
f 10 9 11
f 10 11 12
f 12 11 13
f 12 13 14
f 14 13 15
f 14 15 16
f 16 15 17
f 16 17 18
f 18 17 19
f 18 19 20
f 20 19 21
f 20 21 22
f 22 21 23
f 22 23 24
f 24 23 25
f 24 25 26
f 26 25 27
f 26 27 28
f 28 27 29
f 28 29 30
f 30 29 31
f 30 31 32
f 32 31 33
f 32 33 34
f 34 33 35
f 34 35 36
f 36 35 37
f 36 37 38
f 38 37 2
f 38 2 1
f 2 39 40
f 2 40 3
f 3 40 41
f 3 41 5
f 5 41 42
f 5 42 7
f 7 42 43
f 7 43 9
f 9 43 44
f 9 44 11
f 11 44 45
f 11 45 13
f 13 45 46
f 13 46 15
f 15 46 47
f 15 47 17
f 17 47 48
f 17 48 19
f 19 48 49
f 19 49 21
f 21 49 50
f 21 50 23
f 23 50 51
f 23 51 25
f 25 51 52
f 25 52 27
f 27 52 53
f 27 53 29
f 29 53 54
f 29 54 31
f 31 54 55
f 31 55 33
f 33 55 56
f 33 56 35
f 35 56 57
f 35 57 37
f 37 57 39
f 37 39 2
f 39 58 59
f 39 59 40
f 40 59 60
f 40 60 41
f 41 60 61
f 41 61 42
f 42 61 62
f 42 62 43
f 43 62 63
f 43 63 44
f 44 63 64
f 44 64 45
f 45 64 65
f 45 65 46
f 46 65 66
f 46 66 47
f 47 66 67
f 47 67 48
f 48 67 68
f 48 68 49
f 49 68 69
f 49 69 50
f 50 69 70
f 50 70 51
f 51 70 71
f 51 71 52
f 52 71 72
f 52 72 53
f 53 72 73
f 53 73 54
f 54 73 74
f 54 74 55
f 55 74 75
f 55 75 56
f 56 75 76
f 56 76 57
f 57 76 58
f 57 58 39
f 58 77 78
f 58 78 59
f 59 78 79
f 59 79 60
f 60 79 80
f 60 80 61
f 61 80 81
f 61 81 62
f 62 81 82
f 62 82 63
f 63 82 83
f 63 83 64
f 64 83 84
f 64 84 65
f 65 84 85
f 65 85 66
f 66 85 86
f 66 86 67
f 67 86 87
f 67 87 68
f 68 87 88
f 68 88 69
f 69 88 89
f 69 89 70
f 70 89 90
f 70 90 71
f 71 90 91
f 71 91 72
f 72 91 92
f 72 92 73
f 73 92 93
f 73 93 74
f 74 93 94
f 74 94 75
f 75 94 95
f 75 95 76
f 76 95 77
f 76 77 58
f 77 96 97
f 77 97 78
f 78 97 98
f 78 98 79
f 79 98 99
f 79 99 80
f 80 99 100
f 80 100 81
f 81 100 101
f 81 101 82
f 82 101 102
f 82 102 83
f 83 102 103
f 83 103 84
f 84 103 104
f 84 104 85
f 85 104 105
f 85 105 86
f 86 105 106
f 86 106 87
f 87 106 107
f 87 107 88
f 88 107 108
f 88 108 89
f 89 108 109
f 89 109 90
f 90 109 110
f 90 110 91
f 91 110 111
f 91 111 92
f 92 111 112
f 92 112 93
f 93 112 113
f 93 113 94
f 94 113 114
f 94 114 95
f 95 114 96
f 95 96 77
f 96 115 116
f 96 116 97
f 97 116 117
f 97 117 98
f 98 117 118
f 98 118 99
f 99 118 119
f 99 119 100
f 100 119 120
f 100 120 101
f 101 120 121
f 101 121 102
f 102 121 122
f 102 122 103
f 103 122 123
f 103 123 104
f 104 123 124
f 104 124 105
f 105 124 125
f 105 125 106
f 106 125 126
f 106 126 107
f 107 126 127
f 107 127 108
f 108 127 128
f 108 128 109
f 109 128 129
f 109 129 110
f 110 129 130
f 110 130 111
f 111 130 131
f 111 131 112
f 112 131 132
f 112 132 113
f 113 132 133
f 113 133 114
f 114 133 115
f 114 115 96
f 115 134 135
f 115 135 116
f 116 135 136
f 116 136 117
f 117 136 137
f 117 137 118
f 118 137 138
f 118 138 119
f 119 138 139
f 119 139 120
f 120 139 140
f 120 140 121
f 121 140 141
f 121 141 122
f 122 141 142
f 122 142 123
f 123 142 143
f 123 143 124
f 124 143 144
f 124 144 125
f 125 144 145
f 125 145 126
f 126 145 146
f 126 146 127
f 127 146 147
f 127 147 128
f 128 147 148
f 128 148 129
f 129 148 149
f 129 149 130
f 130 149 150
f 130 150 131
f 131 150 151
f 131 151 132
f 132 151 152
f 132 152 133
f 133 152 134
f 133 134 115
f 153 4 1
f 153 6 4
f 153 8 6
f 153 10 8
f 153 12 10
f 153 14 12
f 153 16 14
f 153 18 16
f 153 20 18
f 153 22 20
f 153 24 22
f 153 26 24
f 153 28 26
f 153 30 28
f 153 32 30
f 153 34 32
f 153 36 34
f 153 38 36
f 153 1 38
f 154 134 135
f 154 135 136
f 154 136 137
f 154 137 138
f 154 138 139
f 154 139 140
f 154 140 141
f 154 141 142
f 154 142 143
f 154 143 144
f 154 144 145
f 154 145 146
f 154 146 147
f 154 147 148
f 154 148 149
f 154 149 150
f 154 150 151
f 154 151 152
f 154 152 134
f 155 156 157
f 155 158 156
f 159 160 161
f 159 161 162
f 155 157 160
f 155 160 159
f 157 156 161
f 157 161 160
f 156 158 162
f 156 162 161
f 158 155 159
f 158 159 162
f 163 164 165
f 163 166 164
f 167 168 169
f 167 169 170
f 163 165 168
f 163 168 167
f 165 164 169
f 165 169 168
f 164 166 170
f 164 170 169
f 166 163 167
f 166 167 170
f 171 172 173
f 171 174 172
f 175 176 177
f 175 177 178
f 171 173 176
f 171 176 175
f 173 172 177
f 173 177 176
f 172 174 178
f 172 178 177
f 174 171 175
f 174 175 178
f 179 180 181
f 179 182 180
f 183 184 185
f 183 185 186
f 179 181 184
f 179 184 183
f 181 180 185
f 181 185 184
f 180 182 186
f 180 186 185
f 182 179 183
f 182 183 186
f 187 188 189
f 187 190 188
f 191 192 193
f 191 193 194
f 187 189 192
f 187 192 191
f 189 188 193
f 189 193 192
f 188 190 194
f 188 194 193
f 190 187 191
f 190 191 194
f 195 196 197
f 195 198 196
f 199 200 201
f 199 201 202
f 195 197 200
f 195 200 199
f 197 196 201
f 197 201 200
f 196 198 202
f 196 202 201
f 198 195 199
f 198 199 202
f 203 204 205
f 203 206 204
f 207 208 209
f 207 209 210
f 203 205 208
f 203 208 207
f 205 204 209
f 205 209 208
f 204 206 210
f 204 210 209
f 206 203 207
f 206 207 210
f 211 212 213
f 211 213 214
f 212 215 216
f 212 216 213
f 215 217 218
f 215 218 216
f 217 219 220
f 217 220 218
f 219 221 222
f 219 222 220
f 221 223 224
f 221 224 222
f 223 225 226
f 223 226 224
f 225 227 228
f 225 228 226
f 227 229 230
f 227 230 228
f 229 231 232
f 229 232 230
f 231 233 234
f 231 234 232
f 233 235 236
f 233 236 234
f 235 237 238
f 235 238 236
f 237 239 240
f 237 240 238
f 239 241 242
f 239 242 240
f 241 211 214
f 241 214 242
f 243 244 245
f 243 245 246
f 244 247 248
f 244 248 245
f 247 249 250
f 247 250 248
f 249 251 252
f 249 252 250
f 251 253 254
f 251 254 252
f 253 255 256
f 253 256 254
f 255 257 258
f 255 258 256
f 257 259 260
f 257 260 258
f 259 261 262
f 259 262 260
f 261 263 264
f 261 264 262
f 263 265 266
f 263 266 264
f 265 267 268
f 265 268 266
f 267 269 270
f 267 270 268
f 269 271 272
f 269 272 270
f 271 273 274
f 271 274 272
f 273 243 246
f 273 246 274
o Nose_cone
usemtl White_Carbon
v -103.00000 -3.00000 6.00000
v -94.00000 -5.00000 6.00000
v -94.00000 5.00000 6.00000
v -103.00000 3.00000 6.00000
v -94.00000 5.00000 7.00000
v -103.00000 3.00000 7.00000
v -94.00000 4.16667 7.54634
v -103.00000 2.50000 7.27317
v -94.00000 3.33333 8.01628
v -103.00000 2.00000 7.50814
v -94.00000 2.50000 8.40540
v -103.00000 1.50000 7.70270
v -94.00000 1.66667 8.70754
v -103.00000 1.00000 7.85377
v -94.00000 0.83333 8.91305
v -103.00000 0.50000 7.95653
v -94.00000 0.00000 9.00000
v -103.00000 0.00000 8.00000
v -94.00000 -0.83333 8.91305
v -103.00000 -0.50000 7.95653
v -94.00000 -1.66667 8.70754
v -103.00000 -1.00000 7.85377
v -94.00000 -2.50000 8.40540
v -103.00000 -1.50000 7.70270
v -94.00000 -3.33333 8.01628
v -103.00000 -2.00000 7.50814
v -94.00000 -4.16667 7.54634
v -103.00000 -2.50000 7.27317
v -94.00000 -5.00000 7.00000
v -103.00000 -3.00000 7.00000
v -82.00000 -8.00000 6.00000
v -82.00000 8.00000 6.00000
v -82.00000 8.00000 8.00000
v -82.00000 6.66667 9.09268
v -82.00000 5.33333 10.03257
v -82.00000 4.00000 10.81079
v -82.00000 2.66667 11.41508
v -82.00000 1.33333 11.82610
v -82.00000 0.00000 12.00000
v -82.00000 -1.33333 11.82610
v -82.00000 -2.66667 11.41508
v -82.00000 -4.00000 10.81079
v -82.00000 -5.33333 10.03257
v -82.00000 -6.66667 9.09268
v -82.00000 -8.00000 8.00000
v -68.00000 -11.00000 6.00000
v -68.00000 11.00000 6.00000
v -68.00000 11.00000 10.00000
v -68.00000 9.16667 11.36585
v -68.00000 7.33333 12.54071
v -68.00000 5.50000 13.51349
v -68.00000 3.66667 14.26885
v -68.00000 1.83333 14.78263
v -68.00000 0.00000 15.00000
v -68.00000 -1.83333 14.78263
v -68.00000 -3.66667 14.26885
v -68.00000 -5.50000 13.51349
v -68.00000 -7.33333 12.54071
v -68.00000 -9.16667 11.36585
v -68.00000 -11.00000 10.00000
v -57.00000 -13.00000 6.00000
v -57.00000 13.00000 6.00000
v -57.00000 13.00000 11.00000
v -57.00000 10.83333 12.63902
v -57.00000 8.66667 14.04885
v -57.00000 6.50000 15.21619
v -57.00000 4.33333 16.12262
v -57.00000 2.16667 16.73915
v -57.00000 0.00000 17.00000
v -57.00000 -2.16667 16.73915
v -57.00000 -4.33333 16.12262
v -57.00000 -6.50000 15.21619
v -57.00000 -8.66667 14.04885
v -57.00000 -10.83333 12.63902
v -57.00000 -13.00000 11.00000
v -103.00000 0.00000 7.37257
v -57.00000 0.00000 13.36878
v -60.50000 -9.00000 6.00000
v -55.50000 9.00000 6.00000
v -55.50000 -9.00000 6.00000
v -60.50000 9.00000 6.00000
v -60.50000 -9.00000 12.00000
v -55.50000 -9.00000 12.00000
v -55.50000 9.00000 12.00000
v -60.50000 9.00000 12.00000
v -59.00000 -4.60000 13.00000
v -59.00000 -4.71746 13.74164
v -55.00000 -4.71746 13.74164
v -55.00000 -4.60000 13.00000
v -59.00000 -7.00000 13.00000
v -55.00000 -7.00000 13.00000
v -59.00000 -5.05836 14.41068
v -55.00000 -5.05836 14.41068
v -59.00000 -5.58932 14.94164
v -55.00000 -5.58932 14.94164
v -59.00000 -6.25836 15.28254
v -55.00000 -6.25836 15.28254
v -59.00000 -7.00000 15.40000
v -55.00000 -7.00000 15.40000
v -59.00000 -7.74164 15.28254
v -55.00000 -7.74164 15.28254
v -59.00000 -8.41068 14.94164
v -55.00000 -8.41068 14.94164
v -59.00000 -8.94164 14.41068
v -55.00000 -8.94164 14.41068
v -59.00000 -9.28254 13.74164
v -55.00000 -9.28254 13.74164
v -59.00000 -9.40000 13.00000
v -55.00000 -9.40000 13.00000
v -59.00000 -9.28254 12.25836
v -55.00000 -9.28254 12.25836
v -59.00000 -8.94164 11.58932
v -55.00000 -8.94164 11.58932
v -59.00000 -8.41068 11.05836
v -55.00000 -8.41068 11.05836
v -59.00000 -7.74164 10.71746
v -55.00000 -7.74164 10.71746
v -59.00000 -7.00000 10.60000
v -55.00000 -7.00000 10.60000
v -59.00000 -6.25836 10.71746
v -55.00000 -6.25836 10.71746
v -59.00000 -5.58932 11.05836
v -55.00000 -5.58932 11.05836
v -59.00000 -5.05836 11.58932
v -55.00000 -5.05836 11.58932
v -59.00000 -4.71746 12.25836
v -55.00000 -4.71746 12.25836
v -59.00000 9.40000 13.00000
v -59.00000 9.28254 13.74164
v -55.00000 9.28254 13.74164
v -55.00000 9.40000 13.00000
v -59.00000 7.00000 13.00000
v -55.00000 7.00000 13.00000
v -59.00000 8.94164 14.41068
v -55.00000 8.94164 14.41068
v -59.00000 8.41068 14.94164
v -55.00000 8.41068 14.94164
v -59.00000 7.74164 15.28254
v -55.00000 7.74164 15.28254
v -59.00000 7.00000 15.40000
v -55.00000 7.00000 15.40000
v -59.00000 6.25836 15.28254
v -55.00000 6.25836 15.28254
v -59.00000 5.58932 14.94164
v -55.00000 5.58932 14.94164
v -59.00000 5.05836 14.41068
v -55.00000 5.05836 14.41068
v -59.00000 4.71746 13.74164
v -55.00000 4.71746 13.74164
v -59.00000 4.60000 13.00000
v -55.00000 4.60000 13.00000
v -59.00000 4.71746 12.25836
v -55.00000 4.71746 12.25836
v -59.00000 5.05836 11.58932
v -55.00000 5.05836 11.58932
v -59.00000 5.58932 11.05836
v -55.00000 5.58932 11.05836
v -59.00000 6.25836 10.71746
v -55.00000 6.25836 10.71746
v -59.00000 7.00000 10.60000
v -55.00000 7.00000 10.60000
v -59.00000 7.74164 10.71746
v -55.00000 7.74164 10.71746
v -59.00000 8.41068 11.05836
v -55.00000 8.41068 11.05836
v -59.00000 8.94164 11.58932
v -55.00000 8.94164 11.58932
v -59.00000 9.28254 12.25836
v -55.00000 9.28254 12.25836
f 275 276 277
f 275 277 278
f 278 277 279
f 278 279 280
f 280 279 281
f 280 281 282
f 282 281 283
f 282 283 284
f 284 283 285
f 284 285 286
f 286 285 287
f 286 287 288
f 288 287 289
f 288 289 290
f 290 289 291
f 290 291 292
f 292 291 293
f 292 293 294
f 294 293 295
f 294 295 296
f 296 295 297
f 296 297 298
f 298 297 299
f 298 299 300
f 300 299 301
f 300 301 302
f 302 301 303
f 302 303 304
f 304 303 276
f 304 276 275
f 276 305 306
f 276 306 277
f 277 306 307
f 277 307 279
f 279 307 308
f 279 308 281
f 281 308 309
f 281 309 283
f 283 309 310
f 283 310 285
f 285 310 311
f 285 311 287
f 287 311 312
f 287 312 289
f 289 312 313
f 289 313 291
f 291 313 314
f 291 314 293
f 293 314 315
f 293 315 295
f 295 315 316
f 295 316 297
f 297 316 317
f 297 317 299
f 299 317 318
f 299 318 301
f 301 318 319
f 301 319 303
f 303 319 305
f 303 305 276
f 305 320 321
f 305 321 306
f 306 321 322
f 306 322 307
f 307 322 323
f 307 323 308
f 308 323 324
f 308 324 309
f 309 324 325
f 309 325 310
f 310 325 326
f 310 326 311
f 311 326 327
f 311 327 312
f 312 327 328
f 312 328 313
f 313 328 329
f 313 329 314
f 314 329 330
f 314 330 315
f 315 330 331
f 315 331 316
f 316 331 332
f 316 332 317
f 317 332 333
f 317 333 318
f 318 333 334
f 318 334 319
f 319 334 320
f 319 320 305
f 320 335 336
f 320 336 321
f 321 336 337
f 321 337 322
f 322 337 338
f 322 338 323
f 323 338 339
f 323 339 324
f 324 339 340
f 324 340 325
f 325 340 341
f 325 341 326
f 326 341 342
f 326 342 327
f 327 342 343
f 327 343 328
f 328 343 344
f 328 344 329
f 329 344 345
f 329 345 330
f 330 345 346
f 330 346 331
f 331 346 347
f 331 347 332
f 332 347 348
f 332 348 333
f 333 348 349
f 333 349 334
f 334 349 335
f 334 335 320
f 350 278 275
f 350 280 278
f 350 282 280
f 350 284 282
f 350 286 284
f 350 288 286
f 350 290 288
f 350 292 290
f 350 294 292
f 350 296 294
f 350 298 296
f 350 300 298
f 350 302 300
f 350 304 302
f 350 275 304
f 351 335 336
f 351 336 337
f 351 337 338
f 351 338 339
f 351 339 340
f 351 340 341
f 351 341 342
f 351 342 343
f 351 343 344
f 351 344 345
f 351 345 346
f 351 346 347
f 351 347 348
f 351 348 349
f 351 349 335
f 352 353 354
f 352 355 353
f 356 357 358
f 356 358 359
f 352 354 357
f 352 357 356
f 354 353 358
f 354 358 357
f 353 355 359
f 353 359 358
f 355 352 356
f 355 356 359
f 360 361 362
f 360 362 363
f 364 361 360
f 365 363 362
f 361 366 367
f 361 367 362
f 364 366 361
f 365 362 367
f 366 368 369
f 366 369 367
f 364 368 366
f 365 367 369
f 368 370 371
f 368 371 369
f 364 370 368
f 365 369 371
f 370 372 373
f 370 373 371
f 364 372 370
f 365 371 373
f 372 374 375
f 372 375 373
f 364 374 372
f 365 373 375
f 374 376 377
f 374 377 375
f 364 376 374
f 365 375 377
f 376 378 379
f 376 379 377
f 364 378 376
f 365 377 379
f 378 380 381
f 378 381 379
f 364 380 378
f 365 379 381
f 380 382 383
f 380 383 381
f 364 382 380
f 365 381 383
f 382 384 385
f 382 385 383
f 364 384 382
f 365 383 385
f 384 386 387
f 384 387 385
f 364 386 384
f 365 385 387
f 386 388 389
f 386 389 387
f 364 388 386
f 365 387 389
f 388 390 391
f 388 391 389
f 364 390 388
f 365 389 391
f 390 392 393
f 390 393 391
f 364 392 390
f 365 391 393
f 392 394 395
f 392 395 393
f 364 394 392
f 365 393 395
f 394 396 397
f 394 397 395
f 364 396 394
f 365 395 397
f 396 398 399
f 396 399 397
f 364 398 396
f 365 397 399
f 398 400 401
f 398 401 399
f 364 400 398
f 365 399 401
f 400 360 363
f 400 363 401
f 364 360 400
f 365 401 363
f 402 403 404
f 402 404 405
f 406 403 402
f 407 405 404
f 403 408 409
f 403 409 404
f 406 408 403
f 407 404 409
f 408 410 411
f 408 411 409
f 406 410 408
f 407 409 411
f 410 412 413
f 410 413 411
f 406 412 410
f 407 411 413
f 412 414 415
f 412 415 413
f 406 414 412
f 407 413 415
f 414 416 417
f 414 417 415
f 406 416 414
f 407 415 417
f 416 418 419
f 416 419 417
f 406 418 416
f 407 417 419
f 418 420 421
f 418 421 419
f 406 420 418
f 407 419 421
f 420 422 423
f 420 423 421
f 406 422 420
f 407 421 423
f 422 424 425
f 422 425 423
f 406 424 422
f 407 423 425
f 424 426 427
f 424 427 425
f 406 426 424
f 407 425 427
f 426 428 429
f 426 429 427
f 406 428 426
f 407 427 429
f 428 430 431
f 428 431 429
f 406 430 428
f 407 429 431
f 430 432 433
f 430 433 431
f 406 432 430
f 407 431 433
f 432 434 435
f 432 435 433
f 406 434 432
f 407 433 435
f 434 436 437
f 434 437 435
f 406 436 434
f 407 435 437
f 436 438 439
f 436 439 437
f 406 438 436
f 407 437 439
f 438 440 441
f 438 441 439
f 406 440 438
f 407 439 441
f 440 442 443
f 440 443 441
f 406 442 440
f 407 441 443
f 442 402 405
f 442 405 443
f 406 402 442
f 407 443 405
o Ground_effect_floor
usemtl Black_Carbon
v -65.50000 -36.00000 3.00000
v 79.50000 36.00000 3.00000
v 79.50000 -36.00000 3.00000
v -65.50000 36.00000 3.00000
v -65.50000 -36.00000 6.00000
v 79.50000 -36.00000 6.00000
v 79.50000 36.00000 6.00000
v -65.50000 36.00000 6.00000
v -47.00000 -33.00000 3.00000
v 73.00000 -29.00000 3.00000
v 73.00000 -33.00000 3.00000
v -47.00000 -29.00000 3.00000
v -47.00000 -33.00000 11.00000
v 73.00000 -33.00000 11.00000
v 73.00000 -29.00000 11.00000
v -47.00000 -29.00000 11.00000
v -47.00000 29.00000 3.00000
v 73.00000 33.00000 3.00000
v 73.00000 29.00000 3.00000
v -47.00000 33.00000 3.00000
v -47.00000 29.00000 11.00000
v 73.00000 29.00000 11.00000
v 73.00000 33.00000 11.00000
v -47.00000 33.00000 11.00000
v 45.50000 -22.90000 3.00000
v 80.50000 -21.10000 3.00000
v 80.50000 -22.90000 3.00000
v 45.50000 -21.10000 3.00000
v 45.50000 -22.90000 13.00000
v 80.50000 -22.90000 13.00000
v 80.50000 -21.10000 13.00000
v 45.50000 -21.10000 13.00000
v 45.50000 -10.90000 3.00000
v 80.50000 -9.10000 3.00000
v 80.50000 -10.90000 3.00000
v 45.50000 -9.10000 3.00000
v 45.50000 -10.90000 13.00000
v 80.50000 -10.90000 13.00000
v 80.50000 -9.10000 13.00000
v 45.50000 -9.10000 13.00000
v 45.50000 9.10000 3.00000
v 80.50000 10.90000 3.00000
v 80.50000 9.10000 3.00000
v 45.50000 10.90000 3.00000
v 45.50000 9.10000 13.00000
v 80.50000 9.10000 13.00000
v 80.50000 10.90000 13.00000
v 45.50000 10.90000 13.00000
v 45.50000 21.10000 3.00000
v 80.50000 22.90000 3.00000
v 80.50000 21.10000 3.00000
v 45.50000 22.90000 3.00000
v 45.50000 21.10000 13.00000
v 80.50000 21.10000 13.00000
v 80.50000 22.90000 13.00000
v 45.50000 22.90000 13.00000
v -61.00000 -38.00000 3.00000
v 77.00000 -36.00000 3.00000
v 77.00000 -38.00000 3.00000
v -61.00000 -36.00000 3.00000
v -61.00000 -38.00000 13.00000
v 77.00000 -38.00000 13.00000
v 77.00000 -36.00000 13.00000
v -61.00000 -36.00000 13.00000
v -61.00000 36.00000 3.00000
v 77.00000 38.00000 3.00000
v 77.00000 36.00000 3.00000
v -61.00000 38.00000 3.00000
v -61.00000 36.00000 13.00000
v 77.00000 36.00000 13.00000
v 77.00000 38.00000 13.00000
v -61.00000 38.00000 13.00000
f 444 445 446
f 444 447 445
f 448 449 450
f 448 450 451
f 444 446 449
f 444 449 448
f 446 445 450
f 446 450 449
f 445 447 451
f 445 451 450
f 447 444 448
f 447 448 451
f 452 453 454
f 452 455 453
f 456 457 458
f 456 458 459
f 452 454 457
f 452 457 456
f 454 453 458
f 454 458 457
f 453 455 459
f 453 459 458
f 455 452 456
f 455 456 459
f 460 461 462
f 460 463 461
f 464 465 466
f 464 466 467
f 460 462 465
f 460 465 464
f 462 461 466
f 462 466 465
f 461 463 467
f 461 467 466
f 463 460 464
f 463 464 467
f 468 469 470
f 468 471 469
f 472 473 474
f 472 474 475
f 468 470 473
f 468 473 472
f 470 469 474
f 470 474 473
f 469 471 475
f 469 475 474
f 471 468 472
f 471 472 475
f 476 477 478
f 476 479 477
f 480 481 482
f 480 482 483
f 476 478 481
f 476 481 480
f 478 477 482
f 478 482 481
f 477 479 483
f 477 483 482
f 479 476 480
f 479 480 483
f 484 485 486
f 484 487 485
f 488 489 490
f 488 490 491
f 484 486 489
f 484 489 488
f 486 485 490
f 486 490 489
f 485 487 491
f 485 491 490
f 487 484 488
f 487 488 491
f 492 493 494
f 492 495 493
f 496 497 498
f 496 498 499
f 492 494 497
f 492 497 496
f 494 493 498
f 494 498 497
f 493 495 499
f 493 499 498
f 495 492 496
f 495 496 499
f 500 501 502
f 500 503 501
f 504 505 506
f 504 506 507
f 500 502 505
f 500 505 504
f 502 501 506
f 502 506 505
f 501 503 507
f 501 507 506
f 503 500 504
f 503 504 507
f 508 509 510
f 508 511 509
f 512 513 514
f 512 514 515
f 508 510 513
f 508 513 512
f 510 509 514
f 510 514 513
f 509 511 515
f 509 515 514
f 511 508 512
f 511 512 515
o Sidepods
usemtl White_Carbon
v -20.00000 -49.00000 7.00000
v 0.00000 -53.00000 7.00000
v 0.00000 -9.00000 7.00000
v -20.00000 -13.00000 7.00000
v 0.00000 -9.00000 15.00000
v -20.00000 -13.00000 13.00000
v 0.00000 -12.66667 16.91219
v -20.00000 -16.00000 14.36585
v 0.00000 -16.33333 18.55699
v -20.00000 -19.00000 15.54071
v 0.00000 -20.00000 19.91889
v -20.00000 -22.00000 16.51349
v 0.00000 -23.66667 20.97639
v -20.00000 -25.00000 17.26885
v 0.00000 -27.33333 21.69568
v -20.00000 -28.00000 17.78263
v 0.00000 -31.00000 22.00000
v -20.00000 -31.00000 18.00000
v 0.00000 -34.66667 21.69568
v -20.00000 -34.00000 17.78263
v 0.00000 -38.33333 20.97639
v -20.00000 -37.00000 17.26885
v 0.00000 -42.00000 19.91889
v -20.00000 -40.00000 16.51349
v 0.00000 -45.66667 18.55699
v -20.00000 -43.00000 15.54071
v 0.00000 -49.33333 16.91219
v -20.00000 -46.00000 14.36585
v 0.00000 -53.00000 15.00000
v -20.00000 -49.00000 13.00000
v 30.00000 -52.00000 7.00000
v 30.00000 -10.00000 7.00000
v 30.00000 -10.00000 14.00000
v 30.00000 -13.50000 15.63902
v 30.00000 -17.00000 17.04885
v 30.00000 -20.50000 18.21619
v 30.00000 -24.00000 19.12262
v 30.00000 -27.50000 19.73915
v 30.00000 -31.00000 20.00000
v 30.00000 -34.50000 19.73915
v 30.00000 -38.00000 19.12262
v 30.00000 -41.50000 18.21619
v 30.00000 -45.00000 17.04885
v 30.00000 -48.50000 15.63902
v 30.00000 -52.00000 14.00000
v 58.00000 -43.00000 7.00000
v 58.00000 -19.00000 7.00000
v 58.00000 -19.00000 11.00000
v 58.00000 -21.00000 12.09268
v 58.00000 -23.00000 13.03257
v 58.00000 -25.00000 13.81079
v 58.00000 -27.00000 14.41508
v 58.00000 -29.00000 14.82610
v 58.00000 -31.00000 15.00000
v 58.00000 -33.00000 14.82610
v 58.00000 -35.00000 14.41508
v 58.00000 -37.00000 13.81079
v 58.00000 -39.00000 13.03257
v 58.00000 -41.00000 12.09268
v 58.00000 -43.00000 11.00000
v -20.00000 -31.00000 14.72954
v 58.00000 -31.00000 12.49030
v -19.00000 -22.00000 16.00000
v -19.00000 -22.17293 17.75581
v -15.00000 -22.17293 17.75581
v -15.00000 -22.00000 16.00000
v -19.00000 -25.00000 16.00000
v -15.00000 -25.11529 17.17054
v -19.00000 -25.11529 17.17054
v -15.00000 -25.00000 16.00000
v -19.00000 -22.68508 19.44415
v -15.00000 -22.68508 19.44415
v -15.00000 -25.45672 18.29610
v -19.00000 -25.45672 18.29610
v -19.00000 -23.51677 21.00013
v -15.00000 -23.51677 21.00013
v -15.00000 -26.01118 19.33342
v -19.00000 -26.01118 19.33342
v -19.00000 -24.63604 22.36396
v -15.00000 -24.63604 22.36396
v -15.00000 -26.75736 20.24264
v -19.00000 -26.75736 20.24264
v -19.00000 -25.99987 23.48323
v -15.00000 -25.99987 23.48323
v -15.00000 -27.66658 20.98882
v -19.00000 -27.66658 20.98882
v -19.00000 -27.55585 24.31492
v -15.00000 -27.55585 24.31492
v -15.00000 -28.70390 21.54328
v -19.00000 -28.70390 21.54328
v -19.00000 -29.24419 24.82707
v -15.00000 -29.24419 24.82707
v -15.00000 -29.82946 21.88471
v -19.00000 -29.82946 21.88471
v -19.00000 -31.00000 25.00000
v -15.00000 -31.00000 25.00000
v -15.00000 -31.00000 22.00000
v -19.00000 -31.00000 22.00000
v -19.00000 -32.75581 24.82707
v -15.00000 -32.75581 24.82707
v -15.00000 -32.17054 21.88471
v -19.00000 -32.17054 21.88471
v -19.00000 -34.44415 24.31492
v -15.00000 -34.44415 24.31492
v -15.00000 -33.29610 21.54328
v -19.00000 -33.29610 21.54328
v -19.00000 -36.00013 23.48323
v -15.00000 -36.00013 23.48323
v -15.00000 -34.33342 20.98882
v -19.00000 -34.33342 20.98882
v -19.00000 -37.36396 22.36396
v -15.00000 -37.36396 22.36396
v -15.00000 -35.24264 20.24264
v -19.00000 -35.24264 20.24264
v -19.00000 -38.48323 21.00013
v -15.00000 -38.48323 21.00013
v -15.00000 -35.98882 19.33342
v -19.00000 -35.98882 19.33342
v -19.00000 -39.31492 19.44415
v -15.00000 -39.31492 19.44415
v -15.00000 -36.54328 18.29610
v -19.00000 -36.54328 18.29610
v -19.00000 -39.82707 17.75581
v -15.00000 -39.82707 17.75581
v -15.00000 -36.88471 17.17054
v -19.00000 -36.88471 17.17054
v -19.00000 -40.00000 16.00000
v -15.00000 -40.00000 16.00000
v -15.00000 -37.00000 16.00000
v -19.00000 -37.00000 16.00000
v -19.00000 -39.82707 14.24419
v -15.00000 -39.82707 14.24419
v -15.00000 -36.88471 14.82946
v -19.00000 -36.88471 14.82946
v -19.00000 -39.31492 12.55585
v -15.00000 -39.31492 12.55585
v -15.00000 -36.54328 13.70390
v -19.00000 -36.54328 13.70390
v -19.00000 -38.48323 10.99987
v -15.00000 -38.48323 10.99987
v -15.00000 -35.98882 12.66658
v -19.00000 -35.98882 12.66658
v -19.00000 -37.36396 9.63604
v -15.00000 -37.36396 9.63604
v -15.00000 -35.24264 11.75736
v -19.00000 -35.24264 11.75736
v -19.00000 -36.00013 8.51677
v -15.00000 -36.00013 8.51677
v -15.00000 -34.33342 11.01118
v -19.00000 -34.33342 11.01118
v -19.00000 -34.44415 7.68508
v -15.00000 -34.44415 7.68508
v -15.00000 -33.29610 10.45672
v -19.00000 -33.29610 10.45672
v -19.00000 -32.75581 7.17293
v -15.00000 -32.75581 7.17293
v -15.00000 -32.17054 10.11529
v -19.00000 -32.17054 10.11529
v -19.00000 -31.00000 7.00000
v -15.00000 -31.00000 7.00000
v -15.00000 -31.00000 10.00000
v -19.00000 -31.00000 10.00000
v -19.00000 -29.24419 7.17293
v -15.00000 -29.24419 7.17293
v -15.00000 -29.82946 10.11529
v -19.00000 -29.82946 10.11529
v -19.00000 -27.55585 7.68508
v -15.00000 -27.55585 7.68508
v -15.00000 -28.70390 10.45672
v -19.00000 -28.70390 10.45672
v -19.00000 -25.99987 8.51677
v -15.00000 -25.99987 8.51677
v -15.00000 -27.66658 11.01118
v -19.00000 -27.66658 11.01118
v -19.00000 -24.63604 9.63604
v -15.00000 -24.63604 9.63604
v -15.00000 -26.75736 11.75736
v -19.00000 -26.75736 11.75736
v -19.00000 -23.51677 10.99987
v -15.00000 -23.51677 10.99987
v -15.00000 -26.01118 12.66658
v -19.00000 -26.01118 12.66658
v -19.00000 -22.68508 12.55585
v -15.00000 -22.68508 12.55585
v -15.00000 -25.45672 13.70390
v -19.00000 -25.45672 13.70390
v -19.00000 -22.17293 14.24419
v -15.00000 -22.17293 14.24419
v -15.00000 -25.11529 14.82946
v -19.00000 -25.11529 14.82946
v 7.00000 -46.00000 11.50000
v 9.00000 -44.00000 11.50000
v 9.00000 -46.00000 11.50000
v 7.00000 -44.00000 11.50000
v 7.00000 -46.00000 22.50000
v 9.00000 -46.00000 22.50000
v 9.00000 -44.00000 22.50000
v 7.00000 -44.00000 22.50000
v 16.00000 -46.00000 11.50000
v 18.00000 -44.00000 11.50000
v 18.00000 -46.00000 11.50000
v 16.00000 -44.00000 11.50000
v 16.00000 -46.00000 22.50000
v 18.00000 -46.00000 22.50000
v 18.00000 -44.00000 22.50000
v 16.00000 -44.00000 22.50000
v 25.00000 -46.00000 11.50000
v 27.00000 -44.00000 11.50000
v 27.00000 -46.00000 11.50000
v 25.00000 -44.00000 11.50000
v 25.00000 -46.00000 22.50000
v 27.00000 -46.00000 22.50000
v 27.00000 -44.00000 22.50000
v 25.00000 -44.00000 22.50000
v 34.00000 -46.00000 11.50000
v 36.00000 -44.00000 11.50000
v 36.00000 -46.00000 11.50000
v 34.00000 -44.00000 11.50000
v 34.00000 -46.00000 22.50000
v 36.00000 -46.00000 22.50000
v 36.00000 -44.00000 22.50000
v 34.00000 -44.00000 22.50000
v -20.00000 13.00000 7.00000
v 0.00000 9.00000 7.00000
v 0.00000 53.00000 7.00000
v -20.00000 49.00000 7.00000
v 0.00000 53.00000 15.00000
v -20.00000 49.00000 13.00000
v 0.00000 49.33333 16.91219
v -20.00000 46.00000 14.36585
v 0.00000 45.66667 18.55699
v -20.00000 43.00000 15.54071
v 0.00000 42.00000 19.91889
v -20.00000 40.00000 16.51349
v 0.00000 38.33333 20.97639
v -20.00000 37.00000 17.26885
v 0.00000 34.66667 21.69568
v -20.00000 34.00000 17.78263
v 0.00000 31.00000 22.00000
v -20.00000 31.00000 18.00000
v 0.00000 27.33333 21.69568
v -20.00000 28.00000 17.78263
v 0.00000 23.66667 20.97639
v -20.00000 25.00000 17.26885
v 0.00000 20.00000 19.91889
v -20.00000 22.00000 16.51349
v 0.00000 16.33333 18.55699
v -20.00000 19.00000 15.54071
v 0.00000 12.66667 16.91219
v -20.00000 16.00000 14.36585
v 0.00000 9.00000 15.00000
v -20.00000 13.00000 13.00000
v 30.00000 10.00000 7.00000
v 30.00000 52.00000 7.00000
v 30.00000 52.00000 14.00000
v 30.00000 48.50000 15.63902
v 30.00000 45.00000 17.04885
v 30.00000 41.50000 18.21619
v 30.00000 38.00000 19.12262
v 30.00000 34.50000 19.73915
v 30.00000 31.00000 20.00000
v 30.00000 27.50000 19.73915
v 30.00000 24.00000 19.12262
v 30.00000 20.50000 18.21619
v 30.00000 17.00000 17.04885
v 30.00000 13.50000 15.63902
v 30.00000 10.00000 14.00000
v 58.00000 19.00000 7.00000
v 58.00000 43.00000 7.00000
v 58.00000 43.00000 11.00000
v 58.00000 41.00000 12.09268
v 58.00000 39.00000 13.03257
v 58.00000 37.00000 13.81079
v 58.00000 35.00000 14.41508
v 58.00000 33.00000 14.82610
v 58.00000 31.00000 15.00000
v 58.00000 29.00000 14.82610
v 58.00000 27.00000 14.41508
v 58.00000 25.00000 13.81079
v 58.00000 23.00000 13.03257
v 58.00000 21.00000 12.09268
v 58.00000 19.00000 11.00000
v -20.00000 31.00000 14.72954
v 58.00000 31.00000 12.49030
v -19.00000 40.00000 16.00000
v -19.00000 39.82707 17.75581
v -15.00000 39.82707 17.75581
v -15.00000 40.00000 16.00000
v -19.00000 37.00000 16.00000
v -15.00000 36.88471 17.17054
v -19.00000 36.88471 17.17054
v -15.00000 37.00000 16.00000
v -19.00000 39.31492 19.44415
v -15.00000 39.31492 19.44415
v -15.00000 36.54328 18.29610
v -19.00000 36.54328 18.29610
v -19.00000 38.48323 21.00013
v -15.00000 38.48323 21.00013
v -15.00000 35.98882 19.33342
v -19.00000 35.98882 19.33342
v -19.00000 37.36396 22.36396
v -15.00000 37.36396 22.36396
v -15.00000 35.24264 20.24264
v -19.00000 35.24264 20.24264
v -19.00000 36.00013 23.48323
v -15.00000 36.00013 23.48323
v -15.00000 34.33342 20.98882
v -19.00000 34.33342 20.98882
v -19.00000 34.44415 24.31492
v -15.00000 34.44415 24.31492
v -15.00000 33.29610 21.54328
v -19.00000 33.29610 21.54328
v -19.00000 32.75581 24.82707
v -15.00000 32.75581 24.82707
v -15.00000 32.17054 21.88471
v -19.00000 32.17054 21.88471
v -19.00000 31.00000 25.00000
v -15.00000 31.00000 25.00000
v -15.00000 31.00000 22.00000
v -19.00000 31.00000 22.00000
v -19.00000 29.24419 24.82707
v -15.00000 29.24419 24.82707
v -15.00000 29.82946 21.88471
v -19.00000 29.82946 21.88471
v -19.00000 27.55585 24.31492
v -15.00000 27.55585 24.31492
v -15.00000 28.70390 21.54328
v -19.00000 28.70390 21.54328
v -19.00000 25.99987 23.48323
v -15.00000 25.99987 23.48323
v -15.00000 27.66658 20.98882
v -19.00000 27.66658 20.98882
v -19.00000 24.63604 22.36396
v -15.00000 24.63604 22.36396
v -15.00000 26.75736 20.24264
v -19.00000 26.75736 20.24264
v -19.00000 23.51677 21.00013
v -15.00000 23.51677 21.00013
v -15.00000 26.01118 19.33342
v -19.00000 26.01118 19.33342
v -19.00000 22.68508 19.44415
v -15.00000 22.68508 19.44415
v -15.00000 25.45672 18.29610
v -19.00000 25.45672 18.29610
v -19.00000 22.17293 17.75581
v -15.00000 22.17293 17.75581
v -15.00000 25.11529 17.17054
v -19.00000 25.11529 17.17054
v -19.00000 22.00000 16.00000
v -15.00000 22.00000 16.00000
v -15.00000 25.00000 16.00000
v -19.00000 25.00000 16.00000
v -19.00000 22.17293 14.24419
v -15.00000 22.17293 14.24419
v -15.00000 25.11529 14.82946
v -19.00000 25.11529 14.82946
v -19.00000 22.68508 12.55585
v -15.00000 22.68508 12.55585
v -15.00000 25.45672 13.70390
v -19.00000 25.45672 13.70390
v -19.00000 23.51677 10.99987
v -15.00000 23.51677 10.99987
v -15.00000 26.01118 12.66658
v -19.00000 26.01118 12.66658
v -19.00000 24.63604 9.63604
v -15.00000 24.63604 9.63604
v -15.00000 26.75736 11.75736
v -19.00000 26.75736 11.75736
v -19.00000 25.99987 8.51677
v -15.00000 25.99987 8.51677
v -15.00000 27.66658 11.01118
v -19.00000 27.66658 11.01118
v -19.00000 27.55585 7.68508
v -15.00000 27.55585 7.68508
v -15.00000 28.70390 10.45672
v -19.00000 28.70390 10.45672
v -19.00000 29.24419 7.17293
v -15.00000 29.24419 7.17293
v -15.00000 29.82946 10.11529
v -19.00000 29.82946 10.11529
v -19.00000 31.00000 7.00000
v -15.00000 31.00000 7.00000
v -15.00000 31.00000 10.00000
v -19.00000 31.00000 10.00000
v -19.00000 32.75581 7.17293
v -15.00000 32.75581 7.17293
v -15.00000 32.17054 10.11529
v -19.00000 32.17054 10.11529
v -19.00000 34.44415 7.68508
v -15.00000 34.44415 7.68508
v -15.00000 33.29610 10.45672
v -19.00000 33.29610 10.45672
v -19.00000 36.00013 8.51677
v -15.00000 36.00013 8.51677
v -15.00000 34.33342 11.01118
v -19.00000 34.33342 11.01118
v -19.00000 37.36396 9.63604
v -15.00000 37.36396 9.63604
v -15.00000 35.24264 11.75736
v -19.00000 35.24264 11.75736
v -19.00000 38.48323 10.99987
v -15.00000 38.48323 10.99987
v -15.00000 35.98882 12.66658
v -19.00000 35.98882 12.66658
v -19.00000 39.31492 12.55585
v -15.00000 39.31492 12.55585
v -15.00000 36.54328 13.70390
v -19.00000 36.54328 13.70390
v -19.00000 39.82707 14.24419
v -15.00000 39.82707 14.24419
v -15.00000 36.88471 14.82946
v -19.00000 36.88471 14.82946
v 7.00000 44.00000 11.50000
v 9.00000 46.00000 11.50000
v 9.00000 44.00000 11.50000
v 7.00000 46.00000 11.50000
v 7.00000 44.00000 22.50000
v 9.00000 44.00000 22.50000
v 9.00000 46.00000 22.50000
v 7.00000 46.00000 22.50000
v 16.00000 44.00000 11.50000
v 18.00000 46.00000 11.50000
v 18.00000 44.00000 11.50000
v 16.00000 46.00000 11.50000
v 16.00000 44.00000 22.50000
v 18.00000 44.00000 22.50000
v 18.00000 46.00000 22.50000
v 16.00000 46.00000 22.50000
v 25.00000 44.00000 11.50000
v 27.00000 46.00000 11.50000
v 27.00000 44.00000 11.50000
v 25.00000 46.00000 11.50000
v 25.00000 44.00000 22.50000
v 27.00000 44.00000 22.50000
v 27.00000 46.00000 22.50000
v 25.00000 46.00000 22.50000
v 34.00000 44.00000 11.50000
v 36.00000 46.00000 11.50000
v 36.00000 44.00000 11.50000
v 34.00000 46.00000 11.50000
v 34.00000 44.00000 22.50000
v 36.00000 44.00000 22.50000
v 36.00000 46.00000 22.50000
v 34.00000 46.00000 22.50000
v -7.94646 -26.49904 26.00000
v -8.00152 -26.38676 25.42825
v 47.99848 -24.38676 20.42825
v 48.05354 -24.49904 21.00000
v -8.05635 -26.06335 24.94354
v 47.94365 -24.06335 19.94354
v -8.10260 -25.57806 24.61966
v 47.89740 -23.57806 19.61966
v -8.13323 -25.00476 24.50594
v 47.86677 -23.00476 19.50594
v -8.14358 -24.43074 24.61966
v 47.85642 -22.43074 19.61966
v -8.13206 -23.94338 24.94354
v 47.86794 -21.94338 19.94354
v -8.10045 -23.61688 25.42825
v 47.89955 -21.61688 20.42825
v -8.05354 -23.50096 26.00000
v 47.94646 -21.50096 21.00000
v -7.99848 -23.61324 26.57175
v 48.00152 -21.61324 21.57175
v -7.94365 -23.93665 27.05646
v 48.05635 -21.93665 22.05646
v -7.89740 -24.42194 27.38034
v 48.10260 -22.42194 22.38034
v -7.86677 -24.99524 27.49406
v 48.13323 -22.99524 22.49406
v -7.85642 -25.56926 27.38034
v 48.14358 -23.56926 22.38034
v -7.86794 -26.05662 27.05646
v 48.13206 -24.05662 22.05646
v -7.89955 -26.38312 26.57175
v 48.10045 -24.38312 21.57175
v 29.00000 -36.00000 11.00000
v 59.00000 -26.00000 11.00000
v 59.00000 -36.00000 11.00000
v 29.00000 -26.00000 11.00000
v 29.00000 -36.00000 15.00000
v 59.00000 -36.00000 15.00000
v 59.00000 -26.00000 15.00000
v 29.00000 -26.00000 15.00000
v -8.05354 23.50096 26.00000
v -8.10045 23.61688 25.42825
v 47.89955 21.61688 20.42825
v 47.94646 21.50096 21.00000
v -8.13206 23.94338 24.94354
v 47.86794 21.94338 19.94354
v -8.14358 24.43074 24.61966
v 47.85642 22.43074 19.61966
v -8.13323 25.00476 24.50594
v 47.86677 23.00476 19.50594
v -8.10260 25.57806 24.61966
v 47.89740 23.57806 19.61966
v -8.05635 26.06335 24.94354
v 47.94365 24.06335 19.94354
v -8.00152 26.38676 25.42825
v 47.99848 24.38676 20.42825
v -7.94646 26.49904 26.00000
v 48.05354 24.49904 21.00000
v -7.89955 26.38312 26.57175
v 48.10045 24.38312 21.57175
v -7.86794 26.05662 27.05646
v 48.13206 24.05662 22.05646
v -7.85642 25.56926 27.38034
v 48.14358 23.56926 22.38034
v -7.86677 24.99524 27.49406
v 48.13323 22.99524 22.49406
v -7.89740 24.42194 27.38034
v 48.10260 22.42194 22.38034
v -7.94365 23.93665 27.05646
v 48.05635 21.93665 22.05646
v -7.99848 23.61324 26.57175
v 48.00152 21.61324 21.57175
v 29.00000 26.00000 11.00000
v 59.00000 36.00000 11.00000
v 59.00000 26.00000 11.00000
v 29.00000 36.00000 11.00000
v 29.00000 26.00000 15.00000
v 59.00000 26.00000 15.00000
v 59.00000 36.00000 15.00000
v 29.00000 36.00000 15.00000
f 516 517 518
f 516 518 519
f 519 518 520
f 519 520 521
f 521 520 522
f 521 522 523
f 523 522 524
f 523 524 525
f 525 524 526
f 525 526 527
f 527 526 528
f 527 528 529
f 529 528 530
f 529 530 531
f 531 530 532
f 531 532 533
f 533 532 534
f 533 534 535
f 535 534 536
f 535 536 537
f 537 536 538
f 537 538 539
f 539 538 540
f 539 540 541
f 541 540 542
f 541 542 543
f 543 542 544
f 543 544 545
f 545 544 517
f 545 517 516
f 517 546 547
f 517 547 518
f 518 547 548
f 518 548 520
f 520 548 549
f 520 549 522
f 522 549 550
f 522 550 524
f 524 550 551
f 524 551 526
f 526 551 552
f 526 552 528
f 528 552 553
f 528 553 530
f 530 553 554
f 530 554 532
f 532 554 555
f 532 555 534
f 534 555 556
f 534 556 536
f 536 556 557
f 536 557 538
f 538 557 558
f 538 558 540
f 540 558 559
f 540 559 542
f 542 559 560
f 542 560 544
f 544 560 546
f 544 546 517
f 546 561 562
f 546 562 547
f 547 562 563
f 547 563 548
f 548 563 564
f 548 564 549
f 549 564 565
f 549 565 550
f 550 565 566
f 550 566 551
f 551 566 567
f 551 567 552
f 552 567 568
f 552 568 553
f 553 568 569
f 553 569 554
f 554 569 570
f 554 570 555
f 555 570 571
f 555 571 556
f 556 571 572
f 556 572 557
f 557 572 573
f 557 573 558
f 558 573 574
f 558 574 559
f 559 574 575
f 559 575 560
f 560 575 561
f 560 561 546
f 576 519 516
f 576 521 519
f 576 523 521
f 576 525 523
f 576 527 525
f 576 529 527
f 576 531 529
f 576 533 531
f 576 535 533
f 576 537 535
f 576 539 537
f 576 541 539
f 576 543 541
f 576 545 543
f 576 516 545
f 577 561 562
f 577 562 563
f 577 563 564
f 577 564 565
f 577 565 566
f 577 566 567
f 577 567 568
f 577 568 569
f 577 569 570
f 577 570 571
f 577 571 572
f 577 572 573
f 577 573 574
f 577 574 575
f 577 575 561
f 578 579 580
f 578 580 581
f 582 583 584
f 582 585 583
f 578 584 579
f 578 582 584
f 581 580 583
f 581 583 585
f 579 586 587
f 579 587 580
f 584 588 589
f 584 583 588
f 579 589 586
f 579 584 589
f 580 587 588
f 580 588 583
f 586 590 591
f 586 591 587
f 589 592 593
f 589 588 592
f 586 593 590
f 586 589 593
f 587 591 592
f 587 592 588
f 590 594 595
f 590 595 591
f 593 596 597
f 593 592 596
f 590 597 594
f 590 593 597
f 591 595 596
f 591 596 592
f 594 598 599
f 594 599 595
f 597 600 601
f 597 596 600
f 594 601 598
f 594 597 601
f 595 599 600
f 595 600 596
f 598 602 603
f 598 603 599
f 601 604 605
f 601 600 604
f 598 605 602
f 598 601 605
f 599 603 604
f 599 604 600
f 602 606 607
f 602 607 603
f 605 608 609
f 605 604 608
f 602 609 606
f 602 605 609
f 603 607 608
f 603 608 604
f 606 610 611
f 606 611 607
f 609 612 613
f 609 608 612
f 606 613 610
f 606 609 613
f 607 611 612
f 607 612 608
f 610 614 615
f 610 615 611
f 613 616 617
f 613 612 616
f 610 617 614
f 610 613 617
f 611 615 616
f 611 616 612
f 614 618 619
f 614 619 615
f 617 620 621
f 617 616 620
f 614 621 618
f 614 617 621
f 615 619 620
f 615 620 616
f 618 622 623
f 618 623 619
f 621 624 625
f 621 620 624
f 618 625 622
f 618 621 625
f 619 623 624
f 619 624 620
f 622 626 627
f 622 627 623
f 625 628 629
f 625 624 628
f 622 629 626
f 622 625 629
f 623 627 628
f 623 628 624
f 626 630 631
f 626 631 627
f 629 632 633
f 629 628 632
f 626 633 630
f 626 629 633
f 627 631 632
f 627 632 628
f 630 634 635
f 630 635 631
f 633 636 637
f 633 632 636
f 630 637 634
f 630 633 637
f 631 635 636
f 631 636 632
f 634 638 639
f 634 639 635
f 637 640 641
f 637 636 640
f 634 641 638
f 634 637 641
f 635 639 640
f 635 640 636
f 638 642 643
f 638 643 639
f 641 644 645
f 641 640 644
f 638 645 642
f 638 641 645
f 639 643 644
f 639 644 640
f 642 646 647
f 642 647 643
f 645 648 649
f 645 644 648
f 642 649 646
f 642 645 649
f 643 647 648
f 643 648 644
f 646 650 651
f 646 651 647
f 649 652 653
f 649 648 652
f 646 653 650
f 646 649 653
f 647 651 652
f 647 652 648
f 650 654 655
f 650 655 651
f 653 656 657
f 653 652 656
f 650 657 654
f 650 653 657
f 651 655 656
f 651 656 652
f 654 658 659
f 654 659 655
f 657 660 661
f 657 656 660
f 654 661 658
f 654 657 661
f 655 659 660
f 655 660 656
f 658 662 663
f 658 663 659
f 661 664 665
f 661 660 664
f 658 665 662
f 658 661 665
f 659 663 664
f 659 664 660
f 662 666 667
f 662 667 663
f 665 668 669
f 665 664 668
f 662 669 666
f 662 665 669
f 663 667 668
f 663 668 664
f 666 670 671
f 666 671 667
f 669 672 673
f 669 668 672
f 666 673 670
f 666 669 673
f 667 671 672
f 667 672 668
f 670 674 675
f 670 675 671
f 673 676 677
f 673 672 676
f 670 677 674
f 670 673 677
f 671 675 676
f 671 676 672
f 674 678 679
f 674 679 675
f 677 680 681
f 677 676 680
f 674 681 678
f 674 677 681
f 675 679 680
f 675 680 676
f 678 682 683
f 678 683 679
f 681 684 685
f 681 680 684
f 678 685 682
f 678 681 685
f 679 683 684
f 679 684 680
f 682 686 687
f 682 687 683
f 685 688 689
f 685 684 688
f 682 689 686
f 682 685 689
f 683 687 688
f 683 688 684
f 686 690 691
f 686 691 687
f 689 692 693
f 689 688 692
f 686 693 690
f 686 689 693
f 687 691 692
f 687 692 688
f 690 694 695
f 690 695 691
f 693 696 697
f 693 692 696
f 690 697 694
f 690 693 697
f 691 695 696
f 691 696 692
f 694 698 699
f 694 699 695
f 697 700 701
f 697 696 700
f 694 701 698
f 694 697 701
f 695 699 700
f 695 700 696
f 698 702 703
f 698 703 699
f 701 704 705
f 701 700 704
f 698 705 702
f 698 701 705
f 699 703 704
f 699 704 700
f 702 578 581
f 702 581 703
f 705 585 582
f 705 704 585
f 702 582 578
f 702 705 582
f 703 581 585
f 703 585 704
f 706 707 708
f 706 709 707
f 710 711 712
f 710 712 713
f 706 708 711
f 706 711 710
f 708 707 712
f 708 712 711
f 707 709 713
f 707 713 712
f 709 706 710
f 709 710 713
f 714 715 716
f 714 717 715
f 718 719 720
f 718 720 721
f 714 716 719
f 714 719 718
f 716 715 720
f 716 720 719
f 715 717 721
f 715 721 720
f 717 714 718
f 717 718 721
f 722 723 724
f 722 725 723
f 726 727 728
f 726 728 729
f 722 724 727
f 722 727 726
f 724 723 728
f 724 728 727
f 723 725 729
f 723 729 728
f 725 722 726
f 725 726 729
f 730 731 732
f 730 733 731
f 734 735 736
f 734 736 737
f 730 732 735
f 730 735 734
f 732 731 736
f 732 736 735
f 731 733 737
f 731 737 736
f 733 730 734
f 733 734 737
f 738 739 740
f 738 740 741
f 741 740 742
f 741 742 743
f 743 742 744
f 743 744 745
f 745 744 746
f 745 746 747
f 747 746 748
f 747 748 749
f 749 748 750
f 749 750 751
f 751 750 752
f 751 752 753
f 753 752 754
f 753 754 755
f 755 754 756
f 755 756 757
f 757 756 758
f 757 758 759
f 759 758 760
f 759 760 761
f 761 760 762
f 761 762 763
f 763 762 764
f 763 764 765
f 765 764 766
f 765 766 767
f 767 766 739
f 767 739 738
f 739 768 769
f 739 769 740
f 740 769 770
f 740 770 742
f 742 770 771
f 742 771 744
f 744 771 772
f 744 772 746
f 746 772 773
f 746 773 748
f 748 773 774
f 748 774 750
f 750 774 775
f 750 775 752
f 752 775 776
f 752 776 754
f 754 776 777
f 754 777 756
f 756 777 778
f 756 778 758
f 758 778 779
f 758 779 760
f 760 779 780
f 760 780 762
f 762 780 781
f 762 781 764
f 764 781 782
f 764 782 766
f 766 782 768
f 766 768 739
f 768 783 784
f 768 784 769
f 769 784 785
f 769 785 770
f 770 785 786
f 770 786 771
f 771 786 787
f 771 787 772
f 772 787 788
f 772 788 773
f 773 788 789
f 773 789 774
f 774 789 790
f 774 790 775
f 775 790 791
f 775 791 776
f 776 791 792
f 776 792 777
f 777 792 793
f 777 793 778
f 778 793 794
f 778 794 779
f 779 794 795
f 779 795 780
f 780 795 796
f 780 796 781
f 781 796 797
f 781 797 782
f 782 797 783
f 782 783 768
f 798 741 738
f 798 743 741
f 798 745 743
f 798 747 745
f 798 749 747
f 798 751 749
f 798 753 751
f 798 755 753
f 798 757 755
f 798 759 757
f 798 761 759
f 798 763 761
f 798 765 763
f 798 767 765
f 798 738 767
f 799 783 784
f 799 784 785
f 799 785 786
f 799 786 787
f 799 787 788
f 799 788 789
f 799 789 790
f 799 790 791
f 799 791 792
f 799 792 793
f 799 793 794
f 799 794 795
f 799 795 796
f 799 796 797
f 799 797 783
f 800 801 802
f 800 802 803
f 804 805 806
f 804 807 805
f 800 806 801
f 800 804 806
f 803 802 805
f 803 805 807
f 801 808 809
f 801 809 802
f 806 810 811
f 806 805 810
f 801 811 808
f 801 806 811
f 802 809 810
f 802 810 805
f 808 812 813
f 808 813 809
f 811 814 815
f 811 810 814
f 808 815 812
f 808 811 815
f 809 813 814
f 809 814 810
f 812 816 817
f 812 817 813
f 815 818 819
f 815 814 818
f 812 819 816
f 812 815 819
f 813 817 818
f 813 818 814
f 816 820 821
f 816 821 817
f 819 822 823
f 819 818 822
f 816 823 820
f 816 819 823
f 817 821 822
f 817 822 818
f 820 824 825
f 820 825 821
f 823 826 827
f 823 822 826
f 820 827 824
f 820 823 827
f 821 825 826
f 821 826 822
f 824 828 829
f 824 829 825
f 827 830 831
f 827 826 830
f 824 831 828
f 824 827 831
f 825 829 830
f 825 830 826
f 828 832 833
f 828 833 829
f 831 834 835
f 831 830 834
f 828 835 832
f 828 831 835
f 829 833 834
f 829 834 830
f 832 836 837
f 832 837 833
f 835 838 839
f 835 834 838
f 832 839 836
f 832 835 839
f 833 837 838
f 833 838 834
f 836 840 841
f 836 841 837
f 839 842 843
f 839 838 842
f 836 843 840
f 836 839 843
f 837 841 842
f 837 842 838
f 840 844 845
f 840 845 841
f 843 846 847
f 843 842 846
f 840 847 844
f 840 843 847
f 841 845 846
f 841 846 842
f 844 848 849
f 844 849 845
f 847 850 851
f 847 846 850
f 844 851 848
f 844 847 851
f 845 849 850
f 845 850 846
f 848 852 853
f 848 853 849
f 851 854 855
f 851 850 854
f 848 855 852
f 848 851 855
f 849 853 854
f 849 854 850
f 852 856 857
f 852 857 853
f 855 858 859
f 855 854 858
f 852 859 856
f 852 855 859
f 853 857 858
f 853 858 854
f 856 860 861
f 856 861 857
f 859 862 863
f 859 858 862
f 856 863 860
f 856 859 863
f 857 861 862
f 857 862 858
f 860 864 865
f 860 865 861
f 863 866 867
f 863 862 866
f 860 867 864
f 860 863 867
f 861 865 866
f 861 866 862
f 864 868 869
f 864 869 865
f 867 870 871
f 867 866 870
f 864 871 868
f 864 867 871
f 865 869 870
f 865 870 866
f 868 872 873
f 868 873 869
f 871 874 875
f 871 870 874
f 868 875 872
f 868 871 875
f 869 873 874
f 869 874 870
f 872 876 877
f 872 877 873
f 875 878 879
f 875 874 878
f 872 879 876
f 872 875 879
f 873 877 878
f 873 878 874
f 876 880 881
f 876 881 877
f 879 882 883
f 879 878 882
f 876 883 880
f 876 879 883
f 877 881 882
f 877 882 878
f 880 884 885
f 880 885 881
f 883 886 887
f 883 882 886
f 880 887 884
f 880 883 887
f 881 885 886
f 881 886 882
f 884 888 889
f 884 889 885
f 887 890 891
f 887 886 890
f 884 891 888
f 884 887 891
f 885 889 890
f 885 890 886
f 888 892 893
f 888 893 889
f 891 894 895
f 891 890 894
f 888 895 892
f 888 891 895
f 889 893 894
f 889 894 890
f 892 896 897
f 892 897 893
f 895 898 899
f 895 894 898
f 892 899 896
f 892 895 899
f 893 897 898
f 893 898 894
f 896 900 901
f 896 901 897
f 899 902 903
f 899 898 902
f 896 903 900
f 896 899 903
f 897 901 902
f 897 902 898
f 900 904 905
f 900 905 901
f 903 906 907
f 903 902 906
f 900 907 904
f 900 903 907
f 901 905 906
f 901 906 902
f 904 908 909
f 904 909 905
f 907 910 911
f 907 906 910
f 904 911 908
f 904 907 911
f 905 909 910
f 905 910 906
f 908 912 913
f 908 913 909
f 911 914 915
f 911 910 914
f 908 915 912
f 908 911 915
f 909 913 914
f 909 914 910
f 912 916 917
f 912 917 913
f 915 918 919
f 915 914 918
f 912 919 916
f 912 915 919
f 913 917 918
f 913 918 914
f 916 920 921
f 916 921 917
f 919 922 923
f 919 918 922
f 916 923 920
f 916 919 923
f 917 921 922
f 917 922 918
f 920 924 925
f 920 925 921
f 923 926 927
f 923 922 926
f 920 927 924
f 920 923 927
f 921 925 926
f 921 926 922
f 924 800 803
f 924 803 925
f 927 807 804
f 927 926 807
f 924 804 800
f 924 927 804
f 925 803 807
f 925 807 926
f 928 929 930
f 928 931 929
f 932 933 934
f 932 934 935
f 928 930 933
f 928 933 932
f 930 929 934
f 930 934 933
f 929 931 935
f 929 935 934
f 931 928 932
f 931 932 935
f 936 937 938
f 936 939 937
f 940 941 942
f 940 942 943
f 936 938 941
f 936 941 940
f 938 937 942
f 938 942 941
f 937 939 943
f 937 943 942
f 939 936 940
f 939 940 943
f 944 945 946
f 944 947 945
f 948 949 950
f 948 950 951
f 944 946 949
f 944 949 948
f 946 945 950
f 946 950 949
f 945 947 951
f 945 951 950
f 947 944 948
f 947 948 951
f 952 953 954
f 952 955 953
f 956 957 958
f 956 958 959
f 952 954 957
f 952 957 956
f 954 953 958
f 954 958 957
f 953 955 959
f 953 959 958
f 955 952 956
f 955 956 959
f 960 961 962
f 960 962 963
f 961 964 965
f 961 965 962
f 964 966 967
f 964 967 965
f 966 968 969
f 966 969 967
f 968 970 971
f 968 971 969
f 970 972 973
f 970 973 971
f 972 974 975
f 972 975 973
f 974 976 977
f 974 977 975
f 976 978 979
f 976 979 977
f 978 980 981
f 978 981 979
f 980 982 983
f 980 983 981
f 982 984 985
f 982 985 983
f 984 986 987
f 984 987 985
f 986 988 989
f 986 989 987
f 988 990 991
f 988 991 989
f 990 960 963
f 990 963 991
f 992 993 994
f 992 995 993
f 996 997 998
f 996 998 999
f 992 994 997
f 992 997 996
f 994 993 998
f 994 998 997
f 993 995 999
f 993 999 998
f 995 992 996
f 995 996 999
f 1000 1001 1002
f 1000 1002 1003
f 1001 1004 1005
f 1001 1005 1002
f 1004 1006 1007
f 1004 1007 1005
f 1006 1008 1009
f 1006 1009 1007
f 1008 1010 1011
f 1008 1011 1009
f 1010 1012 1013
f 1010 1013 1011
f 1012 1014 1015
f 1012 1015 1013
f 1014 1016 1017
f 1014 1017 1015
f 1016 1018 1019
f 1016 1019 1017
f 1018 1020 1021
f 1018 1021 1019
f 1020 1022 1023
f 1020 1023 1021
f 1022 1024 1025
f 1022 1025 1023
f 1024 1026 1027
f 1024 1027 1025
f 1026 1028 1029
f 1026 1029 1027
f 1028 1030 1031
f 1028 1031 1029
f 1030 1000 1003
f 1030 1003 1031
f 1032 1033 1034
f 1032 1035 1033
f 1036 1037 1038
f 1036 1038 1039
f 1032 1034 1037
f 1032 1037 1036
f 1034 1033 1038
f 1034 1038 1037
f 1033 1035 1039
f 1033 1039 1038
f 1035 1032 1036
f 1035 1036 1039
o Front_wing
usemtl Black_Carbon
v -103.00000 -71.00000 3.75000
v -85.00000 71.00000 3.75000
v -85.00000 -71.00000 3.75000
v -103.00000 71.00000 3.75000
v -103.00000 -71.00000 6.25000
v -85.00000 -71.00000 6.25000
v -85.00000 71.00000 6.25000
v -103.00000 71.00000 6.25000
v -96.00000 -65.00000 8.00000
v -80.00000 65.00000 8.00000
v -80.00000 -65.00000 8.00000
v -96.00000 65.00000 8.00000
v -96.00000 -65.00000 10.00000
v -80.00000 -65.00000 10.00000
v -80.00000 65.00000 10.00000
v -96.00000 65.00000 10.00000
v -89.00000 -56.00000 11.10000
v -75.00000 56.00000 11.10000
v -75.00000 -56.00000 11.10000
v -89.00000 56.00000 11.10000
v -89.00000 -56.00000 12.90000
v -75.00000 -56.00000 12.90000
v -75.00000 56.00000 12.90000
v -89.00000 56.00000 12.90000
v -106.00000 -73.50000 2.50000
v -76.00000 -70.50000 2.50000
v -76.00000 -73.50000 2.50000
v -106.00000 -70.50000 2.50000
v -106.00000 -73.50000 23.50000
v -76.00000 -73.50000 23.50000
v -76.00000 -70.50000 23.50000
v -106.00000 -70.50000 23.50000
v -95.41862 -59.16276 7.00000
v -95.31299 -58.99930 6.53159
v -75.31299 -48.99930 14.53159
v -75.41862 -49.16276 15.00000
v -95.31194 -58.68371 6.13449
v -75.31194 -48.68371 14.13449
v -95.41565 -58.26403 5.86915
v -75.41565 -48.26403 13.86915
v -95.60831 -57.80416 5.77598
v -75.60831 -47.80416 13.77598
v -95.86061 -57.37410 5.86915
v -75.86061 -47.37410 13.86915
v -96.13413 -57.03933 6.13449
v -76.13413 -47.03933 14.13449
v -96.38723 -56.85081 6.53159
v -76.38723 -46.85081 14.53159
v -96.58138 -56.83724 7.00000
v -76.58138 -46.83724 15.00000
v -96.68701 -57.00070 7.46841
v -76.68701 -47.00070 15.46841
v -96.68806 -57.31629 7.86551
v -76.68806 -47.31629 15.86551
v -96.58435 -57.73597 8.13085
v -76.58435 -47.73597 16.13085
v -96.39169 -58.19584 8.22402
v -76.39169 -48.19584 16.22402
v -96.13939 -58.62590 8.13085
v -76.13939 -48.62590 16.13085
v -95.86587 -58.96067 7.86551
v -75.86587 -48.96067 15.86551
v -95.61277 -59.14919 7.46841
v -75.61277 -49.14919 15.46841
v -106.00000 70.50000 2.50000
v -76.00000 73.50000 2.50000
v -76.00000 70.50000 2.50000
v -106.00000 73.50000 2.50000
v -106.00000 70.50000 23.50000
v -76.00000 70.50000 23.50000
v -76.00000 73.50000 23.50000
v -106.00000 73.50000 23.50000
v -96.58138 56.83724 7.00000
v -96.38723 56.85081 6.53159
v -76.38723 46.85081 14.53159
v -76.58138 46.83724 15.00000
v -96.13413 57.03933 6.13449
v -76.13413 47.03933 14.13449
v -95.86061 57.37410 5.86915
v -75.86061 47.37410 13.86915
v -95.60831 57.80416 5.77598
v -75.60831 47.80416 13.77598
v -95.41565 58.26403 5.86915
v -75.41565 48.26403 13.86915
v -95.31194 58.68371 6.13449
v -75.31194 48.68371 14.13449
v -95.31299 58.99930 6.53159
v -75.31299 48.99930 14.53159
v -95.41862 59.16276 7.00000
v -75.41862 49.16276 15.00000
v -95.61277 59.14919 7.46841
v -75.61277 49.14919 15.46841
v -95.86587 58.96067 7.86551
v -75.86587 48.96067 15.86551
v -96.13939 58.62590 8.13085
v -76.13939 48.62590 16.13085
v -96.39169 58.19584 8.22402
v -76.39169 48.19584 16.22402
v -96.58435 57.73597 8.13085
v -76.58435 47.73597 16.13085
v -96.68806 57.31629 7.86551
v -76.68806 47.31629 15.86551
v -96.68701 57.00070 7.46841
v -76.68701 47.00070 15.46841
v -88.00000 -6.80000 7.00000
v -87.69195 -6.66298 6.38389
v -71.69195 -6.66298 14.38389
v -72.00000 -6.80000 15.00000
v -87.43079 -6.27279 5.86158
v -71.43079 -6.27279 13.86158
v -87.25629 -5.68883 5.51258
v -71.25629 -5.68883 13.51258
v -87.19502 -5.00000 5.39003
v -71.19502 -5.00000 13.39003
v -87.25629 -4.31117 5.51258
v -71.25629 -4.31117 13.51258
v -87.43079 -3.72721 5.86158
v -71.43079 -3.72721 13.86158
v -87.69195 -3.33702 6.38389
v -71.69195 -3.33702 14.38389
v -88.00000 -3.20000 7.00000
v -72.00000 -3.20000 15.00000
v -88.30805 -3.33702 7.61611
v -72.30805 -3.33702 15.61611
v -88.56921 -3.72721 8.13842
v -72.56921 -3.72721 16.13842
v -88.74371 -4.31117 8.48742
v -72.74371 -4.31117 16.48742
v -88.80498 -5.00000 8.60997
v -72.80498 -5.00000 16.60997
v -88.74371 -5.68883 8.48742
v -72.74371 -5.68883 16.48742
v -88.56921 -6.27279 8.13842
v -72.56921 -6.27279 16.13842
v -88.30805 -6.66298 7.61611
v -72.30805 -6.66298 15.61611
v -88.00000 3.20000 7.00000
v -87.69195 3.33702 6.38389
v -71.69195 3.33702 14.38389
v -72.00000 3.20000 15.00000
v -87.43079 3.72721 5.86158
v -71.43079 3.72721 13.86158
v -87.25629 4.31117 5.51258
v -71.25629 4.31117 13.51258
v -87.19502 5.00000 5.39003
v -71.19502 5.00000 13.39003
v -87.25629 5.68883 5.51258
v -71.25629 5.68883 13.51258
v -87.43079 6.27279 5.86158
v -71.43079 6.27279 13.86158
v -87.69195 6.66298 6.38389
v -71.69195 6.66298 14.38389
v -88.00000 6.80000 7.00000
v -72.00000 6.80000 15.00000
v -88.30805 6.66298 7.61611
v -72.30805 6.66298 15.61611
v -88.56921 6.27279 8.13842
v -72.56921 6.27279 16.13842
v -88.74371 5.68883 8.48742
v -72.74371 5.68883 16.48742
v -88.80498 5.00000 8.60997
v -72.80498 5.00000 16.60997
v -88.74371 4.31117 8.48742
v -72.74371 4.31117 16.48742
v -88.56921 3.72721 8.13842
v -72.56921 3.72721 16.13842
v -88.30805 3.33702 7.61611
v -72.30805 3.33702 15.61611
f 1040 1041 1042
f 1040 1043 1041
f 1044 1045 1046
f 1044 1046 1047
f 1040 1042 1045
f 1040 1045 1044
f 1042 1041 1046
f 1042 1046 1045
f 1041 1043 1047
f 1041 1047 1046
f 1043 1040 1044
f 1043 1044 1047
f 1048 1049 1050
f 1048 1051 1049
f 1052 1053 1054
f 1052 1054 1055
f 1048 1050 1053
f 1048 1053 1052
f 1050 1049 1054
f 1050 1054 1053
f 1049 1051 1055
f 1049 1055 1054
f 1051 1048 1052
f 1051 1052 1055
f 1056 1057 1058
f 1056 1059 1057
f 1060 1061 1062
f 1060 1062 1063
f 1056 1058 1061
f 1056 1061 1060
f 1058 1057 1062
f 1058 1062 1061
f 1057 1059 1063
f 1057 1063 1062
f 1059 1056 1060
f 1059 1060 1063
f 1064 1065 1066
f 1064 1067 1065
f 1068 1069 1070
f 1068 1070 1071
f 1064 1066 1069
f 1064 1069 1068
f 1066 1065 1070
f 1066 1070 1069
f 1065 1067 1071
f 1065 1071 1070
f 1067 1064 1068
f 1067 1068 1071
f 1072 1073 1074
f 1072 1074 1075
f 1073 1076 1077
f 1073 1077 1074
f 1076 1078 1079
f 1076 1079 1077
f 1078 1080 1081
f 1078 1081 1079
f 1080 1082 1083
f 1080 1083 1081
f 1082 1084 1085
f 1082 1085 1083
f 1084 1086 1087
f 1084 1087 1085
f 1086 1088 1089
f 1086 1089 1087
f 1088 1090 1091
f 1088 1091 1089
f 1090 1092 1093
f 1090 1093 1091
f 1092 1094 1095
f 1092 1095 1093
f 1094 1096 1097
f 1094 1097 1095
f 1096 1098 1099
f 1096 1099 1097
f 1098 1100 1101
f 1098 1101 1099
f 1100 1102 1103
f 1100 1103 1101
f 1102 1072 1075
f 1102 1075 1103
f 1104 1105 1106
f 1104 1107 1105
f 1108 1109 1110
f 1108 1110 1111
f 1104 1106 1109
f 1104 1109 1108
f 1106 1105 1110
f 1106 1110 1109
f 1105 1107 1111
f 1105 1111 1110
f 1107 1104 1108
f 1107 1108 1111
f 1112 1113 1114
f 1112 1114 1115
f 1113 1116 1117
f 1113 1117 1114
f 1116 1118 1119
f 1116 1119 1117
f 1118 1120 1121
f 1118 1121 1119
f 1120 1122 1123
f 1120 1123 1121
f 1122 1124 1125
f 1122 1125 1123
f 1124 1126 1127
f 1124 1127 1125
f 1126 1128 1129
f 1126 1129 1127
f 1128 1130 1131
f 1128 1131 1129
f 1130 1132 1133
f 1130 1133 1131
f 1132 1134 1135
f 1132 1135 1133
f 1134 1136 1137
f 1134 1137 1135
f 1136 1138 1139
f 1136 1139 1137
f 1138 1140 1141
f 1138 1141 1139
f 1140 1142 1143
f 1140 1143 1141
f 1142 1112 1115
f 1142 1115 1143
f 1144 1145 1146
f 1144 1146 1147
f 1145 1148 1149
f 1145 1149 1146
f 1148 1150 1151
f 1148 1151 1149
f 1150 1152 1153
f 1150 1153 1151
f 1152 1154 1155
f 1152 1155 1153
f 1154 1156 1157
f 1154 1157 1155
f 1156 1158 1159
f 1156 1159 1157
f 1158 1160 1161
f 1158 1161 1159
f 1160 1162 1163
f 1160 1163 1161
f 1162 1164 1165
f 1162 1165 1163
f 1164 1166 1167
f 1164 1167 1165
f 1166 1168 1169
f 1166 1169 1167
f 1168 1170 1171
f 1168 1171 1169
f 1170 1172 1173
f 1170 1173 1171
f 1172 1174 1175
f 1172 1175 1173
f 1174 1144 1147
f 1174 1147 1175
f 1176 1177 1178
f 1176 1178 1179
f 1177 1180 1181
f 1177 1181 1178
f 1180 1182 1183
f 1180 1183 1181
f 1182 1184 1185
f 1182 1185 1183
f 1184 1186 1187
f 1184 1187 1185
f 1186 1188 1189
f 1186 1189 1187
f 1188 1190 1191
f 1188 1191 1189
f 1190 1192 1193
f 1190 1193 1191
f 1192 1194 1195
f 1192 1195 1193
f 1194 1196 1197
f 1194 1197 1195
f 1196 1198 1199
f 1196 1199 1197
f 1198 1200 1201
f 1198 1201 1199
f 1200 1202 1203
f 1200 1203 1201
f 1202 1204 1205
f 1202 1205 1203
f 1204 1206 1207
f 1204 1207 1205
f 1206 1176 1179
f 1206 1179 1207
o Rear_wing
usemtl Black_Carbon
v 70.50000 -57.50000 46.50000
v 95.50000 57.50000 46.50000
v 95.50000 -57.50000 46.50000
v 70.50000 57.50000 46.50000
v 70.50000 -57.50000 49.50000
v 95.50000 -57.50000 49.50000
v 95.50000 57.50000 49.50000
v 70.50000 57.50000 49.50000
v 68.00000 -54.00000 55.75000
v 86.00000 54.00000 55.75000
v 86.00000 -54.00000 55.75000
v 68.00000 54.00000 55.75000
v 68.00000 -54.00000 58.25000
v 86.00000 -54.00000 58.25000
v 86.00000 54.00000 58.25000
v 68.00000 54.00000 58.25000
v 64.50000 -60.50000 33.50000
v 95.50000 -57.50000 33.50000
v 95.50000 -60.50000 33.50000
v 64.50000 -57.50000 33.50000
v 64.50000 -60.50000 64.50000
v 95.50000 -60.50000 64.50000
v 95.50000 -57.50000 64.50000
v 64.50000 -57.50000 64.50000
v 64.50000 57.50000 33.50000
v 95.50000 60.50000 33.50000
v 95.50000 57.50000 33.50000
v 64.50000 60.50000 33.50000
v 64.50000 57.50000 64.50000
v 95.50000 57.50000 64.50000
v 95.50000 60.50000 64.50000
v 64.50000 60.50000 64.50000
v 61.27268 -20.18197 25.00000
v 61.94761 -20.22240 24.40993
v 79.94761 -26.22240 45.40993
v 79.27268 -26.18197 46.00000
v 62.63052 -19.92449 23.90970
v 80.63052 -25.92449 44.90970
v 63.21744 -19.33360 23.57545
v 81.21744 -25.33360 44.57545
v 63.61902 -18.53967 23.45808
v 81.61902 -24.53967 44.45808
v 63.77411 -17.66359 23.57545
v 81.77411 -23.66359 44.57545
v 63.65912 -16.83872 23.90970
v 81.65912 -22.83872 44.90970
v 63.29153 -16.19065 24.40993
v 81.29153 -22.19065 45.40993
v 62.72732 -15.81803 25.00000
v 80.72732 -21.81803 46.00000
v 62.05239 -15.77760 25.59007
v 80.05239 -21.77760 46.59007
v 61.36948 -16.07551 26.09030
v 79.36948 -22.07551 47.09030
v 60.78256 -16.66640 26.42455
v 78.78256 -22.66640 47.42455
v 60.38098 -17.46033 26.54192
v 78.38098 -23.46033 47.54192
v 60.22589 -18.33641 26.42455
v 78.22589 -24.33641 47.42455
v 60.34088 -19.16128 26.09030
v 78.34088 -25.16128 47.09030
v 60.70847 -19.80935 25.59007
v 78.70847 -25.80935 46.59007
v 70.97141 -20.05718 25.00000
v 71.71312 -20.23230 24.52613
v 83.71312 -26.23230 45.52613
v 82.97141 -26.05718 46.00000
v 72.49851 -20.06756 24.12440
v 84.49851 -26.06756 45.12440
v 73.20800 -19.58806 23.85598
v 85.20800 -25.58806 44.85598
v 73.73359 -18.86679 23.76172
v 85.73359 -24.86679 44.76172
v 73.99525 -18.01356 23.85598
v 85.99525 -24.01356 44.85598
v 73.95316 -17.15827 24.12440
v 85.95316 -23.15827 45.12440
v 73.61371 -16.43112 24.52613
v 85.61371 -22.43112 45.52613
v 73.02859 -15.94282 25.00000
v 85.02859 -21.94282 46.00000
v 72.28688 -15.76770 25.47387
v 84.28688 -21.76770 46.47387
v 71.50149 -15.93244 25.87560
v 83.50149 -21.93244 46.87560
v 70.79200 -16.41194 26.14402
v 82.79200 -22.41194 47.14402
v 70.26641 -17.13321 26.23828
v 82.26641 -23.13321 47.23828
v 70.00475 -17.98644 26.14402
v 82.00475 -23.98644 47.14402
v 70.04684 -18.84173 25.87560
v 82.04684 -24.84173 46.87560
v 70.38629 -19.56888 25.47387
v 82.38629 -25.56888 46.47387
v 62.72732 15.81803 25.00000
v 63.29153 16.19065 24.40993
v 81.29153 22.19065 45.40993
v 80.72732 21.81803 46.00000
v 63.65912 16.83872 23.90970
v 81.65912 22.83872 44.90970
v 63.77411 17.66359 23.57545
v 81.77411 23.66359 44.57545
v 63.61902 18.53967 23.45808
v 81.61902 24.53967 44.45808
v 63.21744 19.33360 23.57545
v 81.21744 25.33360 44.57545
v 62.63052 19.92449 23.90970
v 80.63052 25.92449 44.90970
v 61.94761 20.22240 24.40993
v 79.94761 26.22240 45.40993
v 61.27268 20.18197 25.00000
v 79.27268 26.18197 46.00000
v 60.70847 19.80935 25.59007
v 78.70847 25.80935 46.59007
v 60.34088 19.16128 26.09030
v 78.34088 25.16128 47.09030
v 60.22589 18.33641 26.42455
v 78.22589 24.33641 47.42455
v 60.38098 17.46033 26.54192
v 78.38098 23.46033 47.54192
v 60.78256 16.66640 26.42455
v 78.78256 22.66640 47.42455
v 61.36948 16.07551 26.09030
v 79.36948 22.07551 47.09030
v 62.05239 15.77760 25.59007
v 80.05239 21.77760 46.59007
v 73.02859 15.94282 25.00000
v 73.61371 16.43112 24.52613
v 85.61371 22.43112 45.52613
v 85.02859 21.94282 46.00000
v 73.95316 17.15827 24.12440
v 85.95316 23.15827 45.12440
v 73.99525 18.01356 23.85598
v 85.99525 24.01356 44.85598
v 73.73359 18.86679 23.76172
v 85.73359 24.86679 44.76172
v 73.20800 19.58806 23.85598
v 85.20800 25.58806 44.85598
v 72.49851 20.06756 24.12440
v 84.49851 26.06756 45.12440
v 71.71312 20.23230 24.52613
v 83.71312 26.23230 45.52613
v 70.97141 20.05718 25.00000
v 82.97141 26.05718 46.00000
v 70.38629 19.56888 25.47387
v 82.38629 25.56888 46.47387
v 70.04684 18.84173 25.87560
v 82.04684 24.84173 46.87560
v 70.00475 17.98644 26.14402
v 82.00475 23.98644 47.14402
v 70.26641 17.13321 26.23828
v 82.26641 23.13321 47.23828
v 70.79200 16.41194 26.14402
v 82.79200 22.41194 47.14402
v 71.50149 15.93244 25.87560
v 83.50149 21.93244 46.87560
v 72.28688 15.76770 25.47387
v 84.28688 21.76770 46.47387
f 1208 1209 1210
f 1208 1211 1209
f 1212 1213 1214
f 1212 1214 1215
f 1208 1210 1213
f 1208 1213 1212
f 1210 1209 1214
f 1210 1214 1213
f 1209 1211 1215
f 1209 1215 1214
f 1211 1208 1212
f 1211 1212 1215
f 1216 1217 1218
f 1216 1219 1217
f 1220 1221 1222
f 1220 1222 1223
f 1216 1218 1221
f 1216 1221 1220
f 1218 1217 1222
f 1218 1222 1221
f 1217 1219 1223
f 1217 1223 1222
f 1219 1216 1220
f 1219 1220 1223
f 1224 1225 1226
f 1224 1227 1225
f 1228 1229 1230
f 1228 1230 1231
f 1224 1226 1229
f 1224 1229 1228
f 1226 1225 1230
f 1226 1230 1229
f 1225 1227 1231
f 1225 1231 1230
f 1227 1224 1228
f 1227 1228 1231
f 1232 1233 1234
f 1232 1235 1233
f 1236 1237 1238
f 1236 1238 1239
f 1232 1234 1237
f 1232 1237 1236
f 1234 1233 1238
f 1234 1238 1237
f 1233 1235 1239
f 1233 1239 1238
f 1235 1232 1236
f 1235 1236 1239
f 1240 1241 1242
f 1240 1242 1243
f 1241 1244 1245
f 1241 1245 1242
f 1244 1246 1247
f 1244 1247 1245
f 1246 1248 1249
f 1246 1249 1247
f 1248 1250 1251
f 1248 1251 1249
f 1250 1252 1253
f 1250 1253 1251
f 1252 1254 1255
f 1252 1255 1253
f 1254 1256 1257
f 1254 1257 1255
f 1256 1258 1259
f 1256 1259 1257
f 1258 1260 1261
f 1258 1261 1259
f 1260 1262 1263
f 1260 1263 1261
f 1262 1264 1265
f 1262 1265 1263
f 1264 1266 1267
f 1264 1267 1265
f 1266 1268 1269
f 1266 1269 1267
f 1268 1270 1271
f 1268 1271 1269
f 1270 1240 1243
f 1270 1243 1271
f 1272 1273 1274
f 1272 1274 1275
f 1273 1276 1277
f 1273 1277 1274
f 1276 1278 1279
f 1276 1279 1277
f 1278 1280 1281
f 1278 1281 1279
f 1280 1282 1283
f 1280 1283 1281
f 1282 1284 1285
f 1282 1285 1283
f 1284 1286 1287
f 1284 1287 1285
f 1286 1288 1289
f 1286 1289 1287
f 1288 1290 1291
f 1288 1291 1289
f 1290 1292 1293
f 1290 1293 1291
f 1292 1294 1295
f 1292 1295 1293
f 1294 1296 1297
f 1294 1297 1295
f 1296 1298 1299
f 1296 1299 1297
f 1298 1300 1301
f 1298 1301 1299
f 1300 1302 1303
f 1300 1303 1301
f 1302 1272 1275
f 1302 1275 1303
f 1304 1305 1306
f 1304 1306 1307
f 1305 1308 1309
f 1305 1309 1306
f 1308 1310 1311
f 1308 1311 1309
f 1310 1312 1313
f 1310 1313 1311
f 1312 1314 1315
f 1312 1315 1313
f 1314 1316 1317
f 1314 1317 1315
f 1316 1318 1319
f 1316 1319 1317
f 1318 1320 1321
f 1318 1321 1319
f 1320 1322 1323
f 1320 1323 1321
f 1322 1324 1325
f 1322 1325 1323
f 1324 1326 1327
f 1324 1327 1325
f 1326 1328 1329
f 1326 1329 1327
f 1328 1330 1331
f 1328 1331 1329
f 1330 1332 1333
f 1330 1333 1331
f 1332 1334 1335
f 1332 1335 1333
f 1334 1304 1307
f 1334 1307 1335
f 1336 1337 1338
f 1336 1338 1339
f 1337 1340 1341
f 1337 1341 1338
f 1340 1342 1343
f 1340 1343 1341
f 1342 1344 1345
f 1342 1345 1343
f 1344 1346 1347
f 1344 1347 1345
f 1346 1348 1349
f 1346 1349 1347
f 1348 1350 1351
f 1348 1351 1349
f 1350 1352 1353
f 1350 1353 1351
f 1352 1354 1355
f 1352 1355 1353
f 1354 1356 1357
f 1354 1357 1355
f 1356 1358 1359
f 1356 1359 1357
f 1358 1360 1361
f 1358 1361 1359
f 1360 1362 1363
f 1360 1363 1361
f 1362 1364 1365
f 1362 1365 1363
f 1364 1366 1367
f 1364 1367 1365
f 1366 1336 1339
f 1366 1339 1367
o Halo
usemtl Black_Carbon
v -7.50000 -17.00000 34.00000
v -7.69030 -16.23463 33.42597
v -7.69030 -4.23463 49.42597
v -7.50000 -5.00000 50.00000
v -8.23223 -15.58579 32.93934
v -8.23223 -3.58579 48.93934
v -9.04329 -15.15224 32.61418
v -9.04329 -3.15224 48.61418
v -10.00000 -15.00000 32.50000
v -10.00000 -3.00000 48.50000
v -10.95671 -15.15224 32.61418
v -10.95671 -3.15224 48.61418
v -11.76777 -15.58579 32.93934
v -11.76777 -3.58579 48.93934
v -12.30970 -16.23463 33.42597
v -12.30970 -4.23463 49.42597
v -12.50000 -17.00000 34.00000
v -12.50000 -5.00000 50.00000
v -12.30970 -17.76537 34.57403
v -12.30970 -5.76537 50.57403
v -11.76777 -18.41421 35.06066
v -11.76777 -6.41421 51.06066
v -10.95671 -18.84776 35.38582
v -10.95671 -6.84776 51.38582
v -10.00000 -19.00000 35.50000
v -10.00000 -7.00000 51.50000
v -9.04329 -18.84776 35.38582
v -9.04329 -6.84776 51.38582
v -8.23223 -18.41421 35.06066
v -8.23223 -6.41421 51.06066
v -7.69030 -17.76537 34.57403
v -7.69030 -5.76537 50.57403
v -12.50000 17.00000 34.00000
v -12.30970 16.23463 33.42597
v -12.30970 4.23463 49.42597
v -12.50000 5.00000 50.00000
v -11.76777 15.58579 32.93934
v -11.76777 3.58579 48.93934
v -10.95671 15.15224 32.61418
v -10.95671 3.15224 48.61418
v -10.00000 15.00000 32.50000
v -10.00000 3.00000 48.50000
v -9.04329 15.15224 32.61418
v -9.04329 3.15224 48.61418
v -8.23223 15.58579 32.93934
v -8.23223 3.58579 48.93934
v -7.69030 16.23463 33.42597
v -7.69030 4.23463 49.42597
v -7.50000 17.00000 34.00000
v -7.50000 5.00000 50.00000
v -7.69030 17.76537 34.57403
v -7.69030 5.76537 50.57403
v -8.23223 18.41421 35.06066
v -8.23223 6.41421 51.06066
v -9.04329 18.84776 35.38582
v -9.04329 6.84776 51.38582
v -10.00000 19.00000 35.50000
v -10.00000 7.00000 51.50000
v -10.95671 18.84776 35.38582
v -10.95671 6.84776 51.38582
v -11.76777 18.41421 35.06066
v -11.76777 6.41421 51.06066
v -12.30970 17.76537 34.57403
v -12.30970 5.76537 50.57403
v -10.00000 -7.50000 50.00000
v -10.13530 -7.30970 49.05291
v 24.86470 -7.30970 44.05291
v 25.00000 -7.50000 45.00000
v -10.25000 -6.76777 48.25000
v 24.75000 -6.76777 43.25000
v -10.32664 -5.95671 47.71351
v 24.67336 -5.95671 42.71351
v -10.35355 -5.00000 47.52513
v 24.64645 -5.00000 42.52513
v -10.32664 -4.04329 47.71351
v 24.67336 -4.04329 42.71351
v -10.25000 -3.23223 48.25000
v 24.75000 -3.23223 43.25000
v -10.13530 -2.69030 49.05291
v 24.86470 -2.69030 44.05291
v -10.00000 -2.50000 50.00000
v 25.00000 -2.50000 45.00000
v -9.86470 -2.69030 50.94709
v 25.13530 -2.69030 45.94709
v -9.75000 -3.23223 51.75000
v 25.25000 -3.23223 46.75000
v -9.67336 -4.04329 52.28649
v 25.32664 -4.04329 47.28649
v -9.64645 -5.00000 52.47487
v 25.35355 -5.00000 47.47487
v -9.67336 -5.95671 52.28649
v 25.32664 -5.95671 47.28649
v -9.75000 -6.76777 51.75000
v 25.25000 -6.76777 46.75000
v -9.86470 -7.30970 50.94709
v 25.13530 -7.30970 45.94709
v -10.00000 2.50000 50.00000
v -10.13530 2.69030 49.05291
v 24.86470 2.69030 44.05291
v 25.00000 2.50000 45.00000
v -10.25000 3.23223 48.25000
v 24.75000 3.23223 43.25000
v -10.32664 4.04329 47.71351
v 24.67336 4.04329 42.71351
v -10.35355 5.00000 47.52513
v 24.64645 5.00000 42.52513
v -10.32664 5.95671 47.71351
v 24.67336 5.95671 42.71351
v -10.25000 6.76777 48.25000
v 24.75000 6.76777 43.25000
v -10.13530 7.30970 49.05291
v 24.86470 7.30970 44.05291
v -10.00000 7.50000 50.00000
v 25.00000 7.50000 45.00000
v -9.86470 7.30970 50.94709
v 25.13530 7.30970 45.94709
v -9.75000 6.76777 51.75000
v 25.25000 6.76777 46.75000
v -9.67336 5.95671 52.28649
v 25.32664 5.95671 47.28649
v -9.64645 5.00000 52.47487
v 25.35355 5.00000 47.47487
v -9.67336 4.04329 52.28649
v 25.32664 4.04329 47.28649
v -9.75000 3.23223 51.75000
v 25.25000 3.23223 46.75000
v -9.86470 2.69030 50.94709
v 25.13530 2.69030 45.94709
v 26.95217 -6.56174 45.00000
v 26.28706 -7.08850 44.51870
v 30.28706 -2.08850 33.51870
v 30.95217 -1.56174 34.00000
v 25.42600 -7.29731 44.11068
v 29.42600 -2.29731 33.11068
v 24.50009 -7.15637 43.83804
v 28.50009 -2.15637 32.83804
v 23.65028 -6.68715 43.74231
v 27.65028 -1.68715 32.74231
v 23.00596 -5.96107 43.83804
v 27.00596 -0.96107 32.83804
v 22.66521 -5.08868 44.11068
v 26.66521 -0.08868 33.11068
v 22.67991 -4.20279 44.51870
v 26.67991 0.79721 33.51870
v 23.04783 -3.43826 45.00000
v 27.04783 1.56174 34.00000
v 23.71294 -2.91150 45.48130
v 27.71294 2.08850 34.48130
v 24.57400 -2.70269 45.88932
v 28.57400 2.29731 34.88932
v 25.49991 -2.84363 46.16196
v 29.49991 2.15637 35.16196
v 26.34972 -3.31285 46.25769
v 30.34972 1.68715 35.25769
v 26.99404 -4.03893 46.16196
v 30.99404 0.96107 35.16196
v 27.33479 -4.91132 45.88932
v 31.33479 0.08868 34.88932
v 27.32009 -5.79721 45.48130
v 31.32009 -0.79721 34.48130
v 23.04783 3.43826 45.00000
v 22.67991 4.20279 44.51870
v 26.67991 -0.79721 33.51870
v 27.04783 -1.56174 34.00000
v 22.66521 5.08868 44.11068
v 26.66521 0.08868 33.11068
v 23.00596 5.96107 43.83804
v 27.00596 0.96107 32.83804
v 23.65028 6.68715 43.74231
v 27.65028 1.68715 32.74231
v 24.50009 7.15637 43.83804
v 28.50009 2.15637 32.83804
v 25.42600 7.29731 44.11068
v 29.42600 2.29731 33.11068
v 26.28706 7.08850 44.51870
v 30.28706 2.08850 33.51870
v 26.95217 6.56174 45.00000
v 30.95217 1.56174 34.00000
v 27.32009 5.79721 45.48130
v 31.32009 0.79721 34.48130
v 27.33479 4.91132 45.88932
v 31.33479 -0.08868 34.88932
v 26.99404 4.03893 46.16196
v 30.99404 -0.96107 35.16196
v 26.34972 3.31285 46.25769
v 30.34972 -1.68715 35.25769
v 25.49991 2.84363 46.16196
v 29.49991 -2.15637 35.16196
v 24.57400 2.70269 45.88932
v 28.57400 -2.29731 34.88932
v 23.71294 2.91150 45.48130
v 27.71294 -2.08850 34.48130
f 1368 1369 1370
f 1368 1370 1371
f 1369 1372 1373
f 1369 1373 1370
f 1372 1374 1375
f 1372 1375 1373
f 1374 1376 1377
f 1374 1377 1375
f 1376 1378 1379
f 1376 1379 1377
f 1378 1380 1381
f 1378 1381 1379
f 1380 1382 1383
f 1380 1383 1381
f 1382 1384 1385
f 1382 1385 1383
f 1384 1386 1387
f 1384 1387 1385
f 1386 1388 1389
f 1386 1389 1387
f 1388 1390 1391
f 1388 1391 1389
f 1390 1392 1393
f 1390 1393 1391
f 1392 1394 1395
f 1392 1395 1393
f 1394 1396 1397
f 1394 1397 1395
f 1396 1398 1399
f 1396 1399 1397
f 1398 1368 1371
f 1398 1371 1399
f 1400 1401 1402
f 1400 1402 1403
f 1401 1404 1405
f 1401 1405 1402
f 1404 1406 1407
f 1404 1407 1405
f 1406 1408 1409
f 1406 1409 1407
f 1408 1410 1411
f 1408 1411 1409
f 1410 1412 1413
f 1410 1413 1411
f 1412 1414 1415
f 1412 1415 1413
f 1414 1416 1417
f 1414 1417 1415
f 1416 1418 1419
f 1416 1419 1417
f 1418 1420 1421
f 1418 1421 1419
f 1420 1422 1423
f 1420 1423 1421
f 1422 1424 1425
f 1422 1425 1423
f 1424 1426 1427
f 1424 1427 1425
f 1426 1428 1429
f 1426 1429 1427
f 1428 1430 1431
f 1428 1431 1429
f 1430 1400 1403
f 1430 1403 1431
f 1432 1433 1434
f 1432 1434 1435
f 1433 1436 1437
f 1433 1437 1434
f 1436 1438 1439
f 1436 1439 1437
f 1438 1440 1441
f 1438 1441 1439
f 1440 1442 1443
f 1440 1443 1441
f 1442 1444 1445
f 1442 1445 1443
f 1444 1446 1447
f 1444 1447 1445
f 1446 1448 1449
f 1446 1449 1447
f 1448 1450 1451
f 1448 1451 1449
f 1450 1452 1453
f 1450 1453 1451
f 1452 1454 1455
f 1452 1455 1453
f 1454 1456 1457
f 1454 1457 1455
f 1456 1458 1459
f 1456 1459 1457
f 1458 1460 1461
f 1458 1461 1459
f 1460 1462 1463
f 1460 1463 1461
f 1462 1432 1435
f 1462 1435 1463
f 1464 1465 1466
f 1464 1466 1467
f 1465 1468 1469
f 1465 1469 1466
f 1468 1470 1471
f 1468 1471 1469
f 1470 1472 1473
f 1470 1473 1471
f 1472 1474 1475
f 1472 1475 1473
f 1474 1476 1477
f 1474 1477 1475
f 1476 1478 1479
f 1476 1479 1477
f 1478 1480 1481
f 1478 1481 1479
f 1480 1482 1483
f 1480 1483 1481
f 1482 1484 1485
f 1482 1485 1483
f 1484 1486 1487
f 1484 1487 1485
f 1486 1488 1489
f 1486 1489 1487
f 1488 1490 1491
f 1488 1491 1489
f 1490 1492 1493
f 1490 1493 1491
f 1492 1494 1495
f 1492 1495 1493
f 1494 1464 1467
f 1494 1467 1495
f 1496 1497 1498
f 1496 1498 1499
f 1497 1500 1501
f 1497 1501 1498
f 1500 1502 1503
f 1500 1503 1501
f 1502 1504 1505
f 1502 1505 1503
f 1504 1506 1507
f 1504 1507 1505
f 1506 1508 1509
f 1506 1509 1507
f 1508 1510 1511
f 1508 1511 1509
f 1510 1512 1513
f 1510 1513 1511
f 1512 1514 1515
f 1512 1515 1513
f 1514 1516 1517
f 1514 1517 1515
f 1516 1518 1519
f 1516 1519 1517
f 1518 1520 1521
f 1518 1521 1519
f 1520 1522 1523
f 1520 1523 1521
f 1522 1524 1525
f 1522 1525 1523
f 1524 1526 1527
f 1524 1527 1525
f 1526 1496 1499
f 1526 1499 1527
f 1528 1529 1530
f 1528 1530 1531
f 1529 1532 1533
f 1529 1533 1530
f 1532 1534 1535
f 1532 1535 1533
f 1534 1536 1537
f 1534 1537 1535
f 1536 1538 1539
f 1536 1539 1537
f 1538 1540 1541
f 1538 1541 1539
f 1540 1542 1543
f 1540 1543 1541
f 1542 1544 1545
f 1542 1545 1543
f 1544 1546 1547
f 1544 1547 1545
f 1546 1548 1549
f 1546 1549 1547
f 1548 1550 1551
f 1548 1551 1549
f 1550 1552 1553
f 1550 1553 1551
f 1552 1554 1555
f 1552 1555 1553
f 1554 1556 1557
f 1554 1557 1555
f 1556 1558 1559
f 1556 1559 1557
f 1558 1528 1531
f 1558 1531 1559
o Cockpit
usemtl Cockpit
v -20.00000 -12.00000 11.00000
v 28.00000 12.00000 11.00000
v 28.00000 -12.00000 11.00000
v -20.00000 12.00000 11.00000
v -20.00000 -12.00000 15.00000
v 28.00000 -12.00000 15.00000
v 28.00000 12.00000 15.00000
v -20.00000 12.00000 15.00000
v 14.00000 -9.50000 11.00000
v 22.00000 9.50000 11.00000
v 22.00000 -9.50000 11.00000
v 14.00000 9.50000 11.00000
v 14.00000 -9.50000 33.00000
v 22.00000 -9.50000 33.00000
v 22.00000 9.50000 33.00000
v 14.00000 9.50000 33.00000
v -18.50000 -12.50000 15.00000
v -13.50000 12.50000 15.00000
v -13.50000 -12.50000 15.00000
v -18.50000 12.50000 15.00000
v -18.50000 -12.50000 27.00000
v -13.50000 -12.50000 27.00000
v -13.50000 12.50000 27.00000
v -18.50000 12.50000 27.00000
v -13.25000 6.00000 28.00000
v -13.25000 5.88471 29.17054
v -10.75000 5.88471 29.17054
v -10.75000 6.00000 28.00000
v -13.25000 0.00000 28.00000
v -10.75000 0.00000 28.00000
v -13.25000 5.54328 30.29610
v -10.75000 5.54328 30.29610
v -13.25000 4.98882 31.33342
v -10.75000 4.98882 31.33342
v -13.25000 4.24264 32.24264
v -10.75000 4.24264 32.24264
v -13.25000 3.33342 32.98882
v -10.75000 3.33342 32.98882
v -13.25000 2.29610 33.54328
v -10.75000 2.29610 33.54328
v -13.25000 1.17054 33.88471
v -10.75000 1.17054 33.88471
v -13.25000 0.00000 34.00000
v -10.75000 0.00000 34.00000
v -13.25000 -1.17054 33.88471
v -10.75000 -1.17054 33.88471
v -13.25000 -2.29610 33.54328
v -10.75000 -2.29610 33.54328
v -13.25000 -3.33342 32.98882
v -10.75000 -3.33342 32.98882
v -13.25000 -4.24264 32.24264
v -10.75000 -4.24264 32.24264
v -13.25000 -4.98882 31.33342
v -10.75000 -4.98882 31.33342
v -13.25000 -5.54328 30.29610
v -10.75000 -5.54328 30.29610
v -13.25000 -5.88471 29.17054
v -10.75000 -5.88471 29.17054
v -13.25000 -6.00000 28.00000
v -10.75000 -6.00000 28.00000
v -13.25000 -5.88471 26.82946
v -10.75000 -5.88471 26.82946
v -13.25000 -5.54328 25.70390
v -10.75000 -5.54328 25.70390
v -13.25000 -4.98882 24.66658
v -10.75000 -4.98882 24.66658
v -13.25000 -4.24264 23.75736
v -10.75000 -4.24264 23.75736
v -13.25000 -3.33342 23.01118
v -10.75000 -3.33342 23.01118
v -13.25000 -2.29610 22.45672
v -10.75000 -2.29610 22.45672
v -13.25000 -1.17054 22.11529
v -10.75000 -1.17054 22.11529
v -13.25000 -0.00000 22.00000
v -10.75000 -0.00000 22.00000
v -13.25000 1.17054 22.11529
v -10.75000 1.17054 22.11529
v -13.25000 2.29610 22.45672
v -10.75000 2.29610 22.45672
v -13.25000 3.33342 23.01118
v -10.75000 3.33342 23.01118
v -13.25000 4.24264 23.75736
v -10.75000 4.24264 23.75736
v -13.25000 4.98882 24.66658
v -10.75000 4.98882 24.66658
v -13.25000 5.54328 25.70390
v -10.75000 5.54328 25.70390
v -13.25000 5.88471 26.82946
v -10.75000 5.88471 26.82946
v -15.00000 1.40000 28.00000
v -14.66532 1.29343 27.58164
v -19.66532 1.29343 23.58164
v -20.00000 1.40000 24.00000
v -14.38158 0.98995 27.22698
v -19.38158 0.98995 23.22698
v -14.19200 0.53576 26.99000
v -19.19200 0.53576 22.99000
v -14.12543 0.00000 26.90678
v -19.12543 0.00000 22.90678
v -14.19200 -0.53576 26.99000
v -19.19200 -0.53576 22.99000
v -14.38158 -0.98995 27.22698
v -19.38158 -0.98995 23.22698
v -14.66532 -1.29343 27.58164
v -19.66532 -1.29343 23.58164
v -15.00000 -1.40000 28.00000
v -20.00000 -1.40000 24.00000
v -15.33468 -1.29343 28.41836
v -20.33468 -1.29343 24.41836
v -15.61842 -0.98995 28.77302
v -20.61842 -0.98995 24.77302
v -15.80800 -0.53576 29.01000
v -20.80800 -0.53576 25.01000
v -15.87457 -0.00000 29.09322
v -20.87457 -0.00000 25.09322
v -15.80800 0.53576 29.01000
v -20.80800 0.53576 25.01000
v -15.61842 0.98995 28.77302
v -20.61842 0.98995 24.77302
v -15.33468 1.29343 28.41836
v -20.33468 1.29343 24.41836
v 13.00000 -12.00000 23.00000
v 25.00000 -8.00000 23.00000
v 25.00000 -12.00000 23.00000
v 13.00000 -8.00000 23.00000
v 13.00000 -12.00000 33.00000
v 25.00000 -12.00000 33.00000
v 25.00000 -8.00000 33.00000
v 13.00000 -8.00000 33.00000
v 13.00000 8.00000 23.00000
v 25.00000 12.00000 23.00000
v 25.00000 8.00000 23.00000
v 13.00000 12.00000 23.00000
v 13.00000 8.00000 33.00000
v 25.00000 8.00000 33.00000
v 25.00000 12.00000 33.00000
v 13.00000 12.00000 33.00000
f 1560 1561 1562
f 1560 1563 1561
f 1564 1565 1566
f 1564 1566 1567
f 1560 1562 1565
f 1560 1565 1564
f 1562 1561 1566
f 1562 1566 1565
f 1561 1563 1567
f 1561 1567 1566
f 1563 1560 1564
f 1563 1564 1567
f 1568 1569 1570
f 1568 1571 1569
f 1572 1573 1574
f 1572 1574 1575
f 1568 1570 1573
f 1568 1573 1572
f 1570 1569 1574
f 1570 1574 1573
f 1569 1571 1575
f 1569 1575 1574
f 1571 1568 1572
f 1571 1572 1575
f 1576 1577 1578
f 1576 1579 1577
f 1580 1581 1582
f 1580 1582 1583
f 1576 1578 1581
f 1576 1581 1580
f 1578 1577 1582
f 1578 1582 1581
f 1577 1579 1583
f 1577 1583 1582
f 1579 1576 1580
f 1579 1580 1583
f 1584 1585 1586
f 1584 1586 1587
f 1588 1585 1584
f 1589 1587 1586
f 1585 1590 1591
f 1585 1591 1586
f 1588 1590 1585
f 1589 1586 1591
f 1590 1592 1593
f 1590 1593 1591
f 1588 1592 1590
f 1589 1591 1593
f 1592 1594 1595
f 1592 1595 1593
f 1588 1594 1592
f 1589 1593 1595
f 1594 1596 1597
f 1594 1597 1595
f 1588 1596 1594
f 1589 1595 1597
f 1596 1598 1599
f 1596 1599 1597
f 1588 1598 1596
f 1589 1597 1599
f 1598 1600 1601
f 1598 1601 1599
f 1588 1600 1598
f 1589 1599 1601
f 1600 1602 1603
f 1600 1603 1601
f 1588 1602 1600
f 1589 1601 1603
f 1602 1604 1605
f 1602 1605 1603
f 1588 1604 1602
f 1589 1603 1605
f 1604 1606 1607
f 1604 1607 1605
f 1588 1606 1604
f 1589 1605 1607
f 1606 1608 1609
f 1606 1609 1607
f 1588 1608 1606
f 1589 1607 1609
f 1608 1610 1611
f 1608 1611 1609
f 1588 1610 1608
f 1589 1609 1611
f 1610 1612 1613
f 1610 1613 1611
f 1588 1612 1610
f 1589 1611 1613
f 1612 1614 1615
f 1612 1615 1613
f 1588 1614 1612
f 1589 1613 1615
f 1614 1616 1617
f 1614 1617 1615
f 1588 1616 1614
f 1589 1615 1617
f 1616 1618 1619
f 1616 1619 1617
f 1588 1618 1616
f 1589 1617 1619
f 1618 1620 1621
f 1618 1621 1619
f 1588 1620 1618
f 1589 1619 1621
f 1620 1622 1623
f 1620 1623 1621
f 1588 1622 1620
f 1589 1621 1623
f 1622 1624 1625
f 1622 1625 1623
f 1588 1624 1622
f 1589 1623 1625
f 1624 1626 1627
f 1624 1627 1625
f 1588 1626 1624
f 1589 1625 1627
f 1626 1628 1629
f 1626 1629 1627
f 1588 1628 1626
f 1589 1627 1629
f 1628 1630 1631
f 1628 1631 1629
f 1588 1630 1628
f 1589 1629 1631
f 1630 1632 1633
f 1630 1633 1631
f 1588 1632 1630
f 1589 1631 1633
f 1632 1634 1635
f 1632 1635 1633
f 1588 1634 1632
f 1589 1633 1635
f 1634 1636 1637
f 1634 1637 1635
f 1588 1636 1634
f 1589 1635 1637
f 1636 1638 1639
f 1636 1639 1637
f 1588 1638 1636
f 1589 1637 1639
f 1638 1640 1641
f 1638 1641 1639
f 1588 1640 1638
f 1589 1639 1641
f 1640 1642 1643
f 1640 1643 1641
f 1588 1642 1640
f 1589 1641 1643
f 1642 1644 1645
f 1642 1645 1643
f 1588 1644 1642
f 1589 1643 1645
f 1644 1646 1647
f 1644 1647 1645
f 1588 1646 1644
f 1589 1645 1647
f 1646 1648 1649
f 1646 1649 1647
f 1588 1648 1646
f 1589 1647 1649
f 1648 1584 1587
f 1648 1587 1649
f 1588 1584 1648
f 1589 1649 1587
f 1650 1651 1652
f 1650 1652 1653
f 1651 1654 1655
f 1651 1655 1652
f 1654 1656 1657
f 1654 1657 1655
f 1656 1658 1659
f 1656 1659 1657
f 1658 1660 1661
f 1658 1661 1659
f 1660 1662 1663
f 1660 1663 1661
f 1662 1664 1665
f 1662 1665 1663
f 1664 1666 1667
f 1664 1667 1665
f 1666 1668 1669
f 1666 1669 1667
f 1668 1670 1671
f 1668 1671 1669
f 1670 1672 1673
f 1670 1673 1671
f 1672 1674 1675
f 1672 1675 1673
f 1674 1676 1677
f 1674 1677 1675
f 1676 1678 1679
f 1676 1679 1677
f 1678 1680 1681
f 1678 1681 1679
f 1680 1650 1653
f 1680 1653 1681
f 1682 1683 1684
f 1682 1685 1683
f 1686 1687 1688
f 1686 1688 1689
f 1682 1684 1687
f 1682 1687 1686
f 1684 1683 1688
f 1684 1688 1687
f 1683 1685 1689
f 1683 1689 1688
f 1685 1682 1686
f 1685 1686 1689
f 1690 1691 1692
f 1690 1693 1691
f 1694 1695 1696
f 1694 1696 1697
f 1690 1692 1695
f 1690 1695 1694
f 1692 1691 1696
f 1692 1696 1695
f 1691 1693 1697
f 1691 1697 1696
f 1693 1690 1694
f 1693 1694 1697
o Front_suspension
usemtl Aluminum
v -81.60308 -18.56579 11.00000
v -81.45718 -18.59037 10.35341
v -69.45718 -52.59037 14.35341
v -69.60308 -52.56579 15.00000
v -81.08944 -18.52507 9.80525
v -69.08944 -52.52507 13.80525
v -80.55584 -18.37983 9.43898
v -68.55584 -52.37983 13.43898
v -79.93761 -18.17676 9.31037
v -67.93761 -52.17676 13.31037
v -79.32889 -17.94679 9.43898
v -67.32889 -51.94679 13.43898
v -78.82233 -17.72491 9.80525
v -66.82233 -51.72491 13.80525
v -78.49507 -17.54492 10.35341
v -66.49507 -51.54492 14.35341
v -78.39692 -17.43421 11.00000
v -66.39692 -51.43421 15.00000
v -78.54282 -17.40963 11.64659
v -66.54282 -51.40963 15.64659
v -78.91056 -17.47493 12.19475
v -66.91056 -51.47493 16.19475
v -79.44416 -17.62017 12.56102
v -67.44416 -51.62017 16.56102
v -80.06239 -17.82324 12.68963
v -68.06239 -51.82324 16.68963
v -80.67111 -18.05321 12.56102
v -68.67111 -52.05321 16.56102
v -81.17767 -18.27509 12.19475
v -69.17767 -52.27509 16.19475
v -81.50493 -18.45508 11.64659
v -69.50493 -52.45508 15.64659
v -57.60308 -17.43421 11.00000
v -57.50493 -17.54492 10.35341
v -69.50493 -51.54492 14.35341
v -69.60308 -51.43421 15.00000
v -57.17767 -17.72491 9.80525
v -69.17767 -51.72491 13.80525
v -56.67111 -17.94679 9.43898
v -68.67111 -51.94679 13.43898
v -56.06239 -18.17676 9.31037
v -68.06239 -52.17676 13.31037
v -55.44416 -18.37983 9.43898
v -67.44416 -52.37983 13.43898
v -54.91056 -18.52507 9.80525
v -66.91056 -52.52507 13.80525
v -54.54282 -18.59037 10.35341
v -66.54282 -52.59037 14.35341
v -54.39692 -18.56579 11.00000
v -66.39692 -52.56579 15.00000
v -54.49507 -18.45508 11.64659
v -66.49507 -52.45508 15.64659
v -54.82233 -18.27509 12.19475
v -66.82233 -52.27509 16.19475
v -55.32889 -18.05321 12.56102
v -67.32889 -52.05321 16.56102
v -55.93761 -17.82324 12.68963
v -67.93761 -51.82324 16.68963
v -56.55584 -17.62017 12.56102
v -68.55584 -51.62017 16.56102
v -57.08944 -17.47493 12.19475
v -69.08944 -51.47493 16.19475
v -57.45718 -17.40963 11.64659
v -69.45718 -51.40963 15.64659
v -81.41449 -18.49923 22.00000
v -81.34323 -18.35806 21.43650
v -69.34323 -52.35806 14.43650
v -69.41449 -52.49923 15.00000
v -81.06747 -18.16239 20.95878
v -69.06747 -52.16239 13.95878
v -80.62920 -17.94199 20.63958
v -68.62920 -51.94199 13.63958
v -80.09515 -17.73042 20.52749
v -68.09515 -51.73042 13.52749
v -79.54660 -17.55989 20.63958
v -67.54660 -51.55989 13.63958
v -79.06709 -17.45637 20.95878
v -67.06709 -51.45637 13.95878
v -78.72960 -17.43561 21.43650
v -66.72960 -51.43561 14.43650
v -78.58551 -17.50077 22.00000
v -66.58551 -51.50077 15.00000
v -78.65677 -17.64194 22.56350
v -66.65677 -51.64194 15.56350
v -78.93253 -17.83761 23.04122
v -66.93253 -51.83761 16.04122
v -79.37080 -18.05801 23.36042
v -67.37080 -52.05801 16.36042
v -79.90485 -18.26958 23.47251
v -67.90485 -52.26958 16.47251
v -80.45340 -18.44011 23.36042
v -68.45340 -52.44011 16.36042
v -80.93291 -18.54363 23.04122
v -68.93291 -52.54363 16.04122
v -81.27040 -18.56439 22.56350
v -69.27040 -52.56439 15.56350
v -57.41449 -17.50077 22.00000
v -57.27040 -17.43561 21.43650
v -69.27040 -51.43561 14.43650
v -69.41449 -51.50077 15.00000
v -56.93291 -17.45637 20.95878
v -68.93291 -51.45637 13.95878
v -56.45340 -17.55989 20.63958
v -68.45340 -51.55989 13.63958
v -55.90485 -17.73042 20.52749
v -67.90485 -51.73042 13.52749
v -55.37080 -17.94199 20.63958
v -67.37080 -51.94199 13.63958
v -54.93253 -18.16239 20.95878
v -66.93253 -52.16239 13.95878
v -54.65677 -18.35806 21.43650
v -66.65677 -52.35806 14.43650
v -54.58551 -18.49923 22.00000
v -66.58551 -52.49923 15.00000
v -54.72960 -18.56439 22.56350
v -66.72960 -52.56439 15.56350
v -55.06709 -18.54363 23.04122
v -67.06709 -52.54363 16.04122
v -55.54660 -18.44011 23.36042
v -67.54660 -52.44011 16.36042
v -56.09515 -18.26958 23.47251
v -68.09515 -52.26958 16.47251
v -56.62920 -18.05801 23.36042
v -68.62920 -52.05801 16.36042
v -57.06747 -17.83761 23.04122
v -69.06747 -51.83761 16.04122
v -57.34323 -17.64194 22.56350
v -69.34323 -51.64194 15.56350
v -70.00000 -52.00000 8.00000
v -69.84776 -52.76537 8.00000
v -69.84776 -52.76537 25.00000
v -70.00000 -52.00000 25.00000
v -69.41421 -53.41421 8.00000
v -69.41421 -53.41421 25.00000
v -68.76537 -53.84776 8.00000
v -68.76537 -53.84776 25.00000
v -68.00000 -54.00000 8.00000
v -68.00000 -54.00000 25.00000
v -67.23463 -53.84776 8.00000
v -67.23463 -53.84776 25.00000
v -66.58579 -53.41421 8.00000
v -66.58579 -53.41421 25.00000
v -66.15224 -52.76537 8.00000
v -66.15224 -52.76537 25.00000
v -66.00000 -52.00000 8.00000
v -66.00000 -52.00000 25.00000
v -66.15224 -51.23463 8.00000
v -66.15224 -51.23463 25.00000
v -66.58579 -50.58579 8.00000
v -66.58579 -50.58579 25.00000
v -67.23463 -50.15224 8.00000
v -67.23463 -50.15224 25.00000
v -68.00000 -50.00000 8.00000
v -68.00000 -50.00000 25.00000
v -68.76537 -50.15224 8.00000
v -68.76537 -50.15224 25.00000
v -69.41421 -50.58579 8.00000
v -69.41421 -50.58579 25.00000
v -69.84776 -51.23463 8.00000
v -69.84776 -51.23463 25.00000
v -64.20000 -66.00000 16.00000
v -64.25773 -66.00000 16.65986
v -64.25773 -50.00000 16.65986
v -64.20000 -50.00000 16.00000
v -68.00000 -66.00000 16.00000
v -68.00000 -50.00000 16.00000
v -64.42917 -66.00000 17.29968
v -64.42917 -50.00000 17.29968
v -64.70910 -66.00000 17.90000
v -64.70910 -50.00000 17.90000
v -65.08903 -66.00000 18.44259
v -65.08903 -50.00000 18.44259
v -65.55741 -66.00000 18.91097
v -65.55741 -50.00000 18.91097
v -66.10000 -66.00000 19.29090
v -66.10000 -50.00000 19.29090
v -66.70032 -66.00000 19.57083
v -66.70032 -50.00000 19.57083
v -67.34014 -66.00000 19.74227
v -67.34014 -50.00000 19.74227
v -68.00000 -66.00000 19.80000
v -68.00000 -50.00000 19.80000
v -68.65986 -66.00000 19.74227
v -68.65986 -50.00000 19.74227
v -69.29968 -66.00000 19.57083
v -69.29968 -50.00000 19.57083
v -69.90000 -66.00000 19.29090
v -69.90000 -50.00000 19.29090
v -70.44259 -66.00000 18.91097
v -70.44259 -50.00000 18.91097
v -70.91097 -66.00000 18.44259
v -70.91097 -50.00000 18.44259
v -71.29090 -66.00000 17.90000
v -71.29090 -50.00000 17.90000
v -71.57083 -66.00000 17.29968
v -71.57083 -50.00000 17.29968
v -71.74227 -66.00000 16.65986
v -71.74227 -50.00000 16.65986
v -71.80000 -66.00000 16.00000
v -71.80000 -50.00000 16.00000
v -71.74227 -66.00000 15.34014
v -71.74227 -50.00000 15.34014
v -71.57083 -66.00000 14.70032
v -71.57083 -50.00000 14.70032
v -71.29090 -66.00000 14.10000
v -71.29090 -50.00000 14.10000
v -70.91097 -66.00000 13.55741
v -70.91097 -50.00000 13.55741
v -70.44259 -66.00000 13.08903
v -70.44259 -50.00000 13.08903
v -69.90000 -66.00000 12.70910
v -69.90000 -50.00000 12.70910
v -69.29968 -66.00000 12.42917
v -69.29968 -50.00000 12.42917
v -68.65986 -66.00000 12.25773
v -68.65986 -50.00000 12.25773
v -68.00000 -66.00000 12.20000
v -68.00000 -50.00000 12.20000
v -67.34014 -66.00000 12.25773
v -67.34014 -50.00000 12.25773
v -66.70032 -66.00000 12.42917
v -66.70032 -50.00000 12.42917
v -66.10000 -66.00000 12.70910
v -66.10000 -50.00000 12.70910
v -65.55741 -66.00000 13.08903
v -65.55741 -50.00000 13.08903
v -65.08903 -66.00000 13.55741
v -65.08903 -50.00000 13.55741
v -64.70910 -66.00000 14.10000
v -64.70910 -50.00000 14.10000
v -64.42917 -66.00000 14.70032
v -64.42917 -50.00000 14.70032
v -64.25773 -66.00000 15.34014
v -64.25773 -50.00000 15.34014
v -66.42581 -52.28622 20.00000
v -66.52173 -52.13297 19.40246
v -58.52173 -8.13297 29.40246
v -58.42581 -8.28622 30.00000
v -66.84271 -51.95948 18.89590
v -58.84271 -7.95948 28.89590
v -67.33988 -51.79216 18.55742
v -59.33988 -7.79216 28.55742
v -67.93754 -51.65648 18.43856
v -59.93754 -7.65648 28.43856
v -68.54471 -51.57310 18.55742
v -60.54471 -7.57310 28.55742
v -69.06896 -51.55471 18.89590
v -61.06896 -7.55471 28.89590
v -69.43046 -51.60411 19.40246
v -61.43046 -7.60411 29.40246
v -69.57419 -51.71378 20.00000
v -61.57419 -7.71378 30.00000
v -69.47827 -51.86703 20.59754
v -61.47827 -7.86703 30.59754
v -69.15729 -52.04052 21.10410
v -61.15729 -8.04052 31.10410
v -68.66012 -52.20784 21.44258
v -60.66012 -8.20784 31.44258
v -68.06246 -52.34352 21.56144
v -60.06246 -8.34352 31.56144
v -67.45529 -52.42690 21.44258
v -59.45529 -8.42690 31.44258
v -66.93104 -52.44529 21.10410
v -58.93104 -8.44529 31.10410
v -66.56954 -52.39589 20.59754
v -58.56954 -8.39589 30.59754
v -75.28022 -18.22592 14.00000
v -75.18277 -18.20872 13.50251
v -69.18277 -52.20872 13.50251
v -69.28022 -52.22592 14.00000
v -74.90525 -18.15975 13.08076
v -68.90525 -52.15975 13.08076
v -74.48992 -18.08646 12.79896
v -68.48992 -52.08646 12.79896
v -74.00000 -18.00000 12.70000
v -68.00000 -52.00000 12.70000
v -73.51008 -17.91354 12.79896
v -67.51008 -51.91354 12.79896
v -73.09475 -17.84025 13.08076
v -67.09475 -51.84025 13.08076
v -72.81723 -17.79128 13.50251
v -66.81723 -51.79128 13.50251
v -72.71978 -17.77408 14.00000
v -66.71978 -51.77408 14.00000
v -72.81723 -17.79128 14.49749
v -66.81723 -51.79128 14.49749
v -73.09475 -17.84025 14.91924
v -67.09475 -51.84025 14.91924
v -73.51008 -17.91354 15.20104
v -67.51008 -51.91354 15.20104
v -74.00000 -18.00000 15.30000
v -68.00000 -52.00000 15.30000
v -74.48992 -18.08646 15.20104
v -68.48992 -52.08646 15.20104
v -74.90525 -18.15975 14.91924
v -68.90525 -52.15975 14.91924
v -75.18277 -18.20872 14.49749
v -69.18277 -52.20872 14.49749
v -78.39692 17.43421 11.00000
v -78.49507 17.54492 10.35341
v -66.49507 51.54492 14.35341
v -66.39692 51.43421 15.00000
v -78.82233 17.72491 9.80525
v -66.82233 51.72491 13.80525
v -79.32889 17.94679 9.43898
v -67.32889 51.94679 13.43898
v -79.93761 18.17676 9.31037
v -67.93761 52.17676 13.31037
v -80.55584 18.37983 9.43898
v -68.55584 52.37983 13.43898
v -81.08944 18.52507 9.80525
v -69.08944 52.52507 13.80525
v -81.45718 18.59037 10.35341
v -69.45718 52.59037 14.35341
v -81.60308 18.56579 11.00000
v -69.60308 52.56579 15.00000
v -81.50493 18.45508 11.64659
v -69.50493 52.45508 15.64659
v -81.17767 18.27509 12.19475
v -69.17767 52.27509 16.19475
v -80.67111 18.05321 12.56102
v -68.67111 52.05321 16.56102
v -80.06239 17.82324 12.68963
v -68.06239 51.82324 16.68963
v -79.44416 17.62017 12.56102
v -67.44416 51.62017 16.56102
v -78.91056 17.47493 12.19475
v -66.91056 51.47493 16.19475
v -78.54282 17.40963 11.64659
v -66.54282 51.40963 15.64659
v -54.39692 18.56579 11.00000
v -54.54282 18.59037 10.35341
v -66.54282 52.59037 14.35341
v -66.39692 52.56579 15.00000
v -54.91056 18.52507 9.80525
v -66.91056 52.52507 13.80525
v -55.44416 18.37983 9.43898
v -67.44416 52.37983 13.43898
v -56.06239 18.17676 9.31037
v -68.06239 52.17676 13.31037
v -56.67111 17.94679 9.43898
v -68.67111 51.94679 13.43898
v -57.17767 17.72491 9.80525
v -69.17767 51.72491 13.80525
v -57.50493 17.54492 10.35341
v -69.50493 51.54492 14.35341
v -57.60308 17.43421 11.00000
v -69.60308 51.43421 15.00000
v -57.45718 17.40963 11.64659
v -69.45718 51.40963 15.64659
v -57.08944 17.47493 12.19475
v -69.08944 51.47493 16.19475
v -56.55584 17.62017 12.56102
v -68.55584 51.62017 16.56102
v -55.93761 17.82324 12.68963
v -67.93761 51.82324 16.68963
v -55.32889 18.05321 12.56102
v -67.32889 52.05321 16.56102
v -54.82233 18.27509 12.19475
v -66.82233 52.27509 16.19475
v -54.49507 18.45508 11.64659
v -66.49507 52.45508 15.64659
v -78.58551 17.50077 22.00000
v -78.72960 17.43561 21.43650
v -66.72960 51.43561 14.43650
v -66.58551 51.50077 15.00000
v -79.06709 17.45637 20.95878
v -67.06709 51.45637 13.95878
v -79.54660 17.55989 20.63958
v -67.54660 51.55989 13.63958
v -80.09515 17.73042 20.52749
v -68.09515 51.73042 13.52749
v -80.62920 17.94199 20.63958
v -68.62920 51.94199 13.63958
v -81.06747 18.16239 20.95878
v -69.06747 52.16239 13.95878
v -81.34323 18.35806 21.43650
v -69.34323 52.35806 14.43650
v -81.41449 18.49923 22.00000
v -69.41449 52.49923 15.00000
v -81.27040 18.56439 22.56350
v -69.27040 52.56439 15.56350
v -80.93291 18.54363 23.04122
v -68.93291 52.54363 16.04122
v -80.45340 18.44011 23.36042
v -68.45340 52.44011 16.36042
v -79.90485 18.26958 23.47251
v -67.90485 52.26958 16.47251
v -79.37080 18.05801 23.36042
v -67.37080 52.05801 16.36042
v -78.93253 17.83761 23.04122
v -66.93253 51.83761 16.04122
v -78.65677 17.64194 22.56350
v -66.65677 51.64194 15.56350
v -54.58551 18.49923 22.00000
v -54.65677 18.35806 21.43650
v -66.65677 52.35806 14.43650
v -66.58551 52.49923 15.00000
v -54.93253 18.16239 20.95878
v -66.93253 52.16239 13.95878
v -55.37080 17.94199 20.63958
v -67.37080 51.94199 13.63958
v -55.90485 17.73042 20.52749
v -67.90485 51.73042 13.52749
v -56.45340 17.55989 20.63958
v -68.45340 51.55989 13.63958
v -56.93291 17.45637 20.95878
v -68.93291 51.45637 13.95878
v -57.27040 17.43561 21.43650
v -69.27040 51.43561 14.43650
v -57.41449 17.50077 22.00000
v -69.41449 51.50077 15.00000
v -57.34323 17.64194 22.56350
v -69.34323 51.64194 15.56350
v -57.06747 17.83761 23.04122
v -69.06747 51.83761 16.04122
v -56.62920 18.05801 23.36042
v -68.62920 52.05801 16.36042
v -56.09515 18.26958 23.47251
v -68.09515 52.26958 16.47251
v -55.54660 18.44011 23.36042
v -67.54660 52.44011 16.36042
v -55.06709 18.54363 23.04122
v -67.06709 52.54363 16.04122
v -54.72960 18.56439 22.56350
v -66.72960 52.56439 15.56350
v -70.00000 52.00000 8.00000
v -69.84776 51.23463 8.00000
v -69.84776 51.23463 25.00000
v -70.00000 52.00000 25.00000
v -69.41421 50.58579 8.00000
v -69.41421 50.58579 25.00000
v -68.76537 50.15224 8.00000
v -68.76537 50.15224 25.00000
v -68.00000 50.00000 8.00000
v -68.00000 50.00000 25.00000
v -67.23463 50.15224 8.00000
v -67.23463 50.15224 25.00000
v -66.58579 50.58579 8.00000
v -66.58579 50.58579 25.00000
v -66.15224 51.23463 8.00000
v -66.15224 51.23463 25.00000
v -66.00000 52.00000 8.00000
v -66.00000 52.00000 25.00000
v -66.15224 52.76537 8.00000
v -66.15224 52.76537 25.00000
v -66.58579 53.41421 8.00000
v -66.58579 53.41421 25.00000
v -67.23463 53.84776 8.00000
v -67.23463 53.84776 25.00000
v -68.00000 54.00000 8.00000
v -68.00000 54.00000 25.00000
v -68.76537 53.84776 8.00000
v -68.76537 53.84776 25.00000
v -69.41421 53.41421 8.00000
v -69.41421 53.41421 25.00000
v -69.84776 52.76537 8.00000
v -69.84776 52.76537 25.00000
v -64.20000 50.00000 16.00000
v -64.25773 50.00000 16.65986
v -64.25773 66.00000 16.65986
v -64.20000 66.00000 16.00000
v -68.00000 50.00000 16.00000
v -68.00000 66.00000 16.00000
v -64.42917 50.00000 17.29968
v -64.42917 66.00000 17.29968
v -64.70910 50.00000 17.90000
v -64.70910 66.00000 17.90000
v -65.08903 50.00000 18.44259
v -65.08903 66.00000 18.44259
v -65.55741 50.00000 18.91097
v -65.55741 66.00000 18.91097
v -66.10000 50.00000 19.29090
v -66.10000 66.00000 19.29090
v -66.70032 50.00000 19.57083
v -66.70032 66.00000 19.57083
v -67.34014 50.00000 19.74227
v -67.34014 66.00000 19.74227
v -68.00000 50.00000 19.80000
v -68.00000 66.00000 19.80000
v -68.65986 50.00000 19.74227
v -68.65986 66.00000 19.74227
v -69.29968 50.00000 19.57083
v -69.29968 66.00000 19.57083
v -69.90000 50.00000 19.29090
v -69.90000 66.00000 19.29090
v -70.44259 50.00000 18.91097
v -70.44259 66.00000 18.91097
v -70.91097 50.00000 18.44259
v -70.91097 66.00000 18.44259
v -71.29090 50.00000 17.90000
v -71.29090 66.00000 17.90000
v -71.57083 50.00000 17.29968
v -71.57083 66.00000 17.29968
v -71.74227 50.00000 16.65986
v -71.74227 66.00000 16.65986
v -71.80000 50.00000 16.00000
v -71.80000 66.00000 16.00000
v -71.74227 50.00000 15.34014
v -71.74227 66.00000 15.34014
v -71.57083 50.00000 14.70032
v -71.57083 66.00000 14.70032
v -71.29090 50.00000 14.10000
v -71.29090 66.00000 14.10000
v -70.91097 50.00000 13.55741
v -70.91097 66.00000 13.55741
v -70.44259 50.00000 13.08903
v -70.44259 66.00000 13.08903
v -69.90000 50.00000 12.70910
v -69.90000 66.00000 12.70910
v -69.29968 50.00000 12.42917
v -69.29968 66.00000 12.42917
v -68.65986 50.00000 12.25773
v -68.65986 66.00000 12.25773
v -68.00000 50.00000 12.20000
v -68.00000 66.00000 12.20000
v -67.34014 50.00000 12.25773
v -67.34014 66.00000 12.25773
v -66.70032 50.00000 12.42917
v -66.70032 66.00000 12.42917
v -66.10000 50.00000 12.70910
v -66.10000 66.00000 12.70910
v -65.55741 50.00000 13.08903
v -65.55741 66.00000 13.08903
v -65.08903 50.00000 13.55741
v -65.08903 66.00000 13.55741
v -64.70910 50.00000 14.10000
v -64.70910 66.00000 14.10000
v -64.42917 50.00000 14.70032
v -64.42917 66.00000 14.70032
v -64.25773 50.00000 15.34014
v -64.25773 66.00000 15.34014
v -69.57419 51.71378 20.00000
v -69.43046 51.60411 19.40246
v -61.43046 7.60411 29.40246
v -61.57419 7.71378 30.00000
v -69.06896 51.55471 18.89590
v -61.06896 7.55471 28.89590
v -68.54471 51.57310 18.55742
v -60.54471 7.57310 28.55742
v -67.93754 51.65648 18.43856
v -59.93754 7.65648 28.43856
v -67.33988 51.79216 18.55742
v -59.33988 7.79216 28.55742
v -66.84271 51.95948 18.89590
v -58.84271 7.95948 28.89590
v -66.52173 52.13297 19.40246
v -58.52173 8.13297 29.40246
v -66.42581 52.28622 20.00000
v -58.42581 8.28622 30.00000
v -66.56954 52.39589 20.59754
v -58.56954 8.39589 30.59754
v -66.93104 52.44529 21.10410
v -58.93104 8.44529 31.10410
v -67.45529 52.42690 21.44258
v -59.45529 8.42690 31.44258
v -68.06246 52.34352 21.56144
v -60.06246 8.34352 31.56144
v -68.66012 52.20784 21.44258
v -60.66012 8.20784 31.44258
v -69.15729 52.04052 21.10410
v -61.15729 8.04052 31.10410
v -69.47827 51.86703 20.59754
v -61.47827 7.86703 30.59754
v -72.71978 17.77408 14.00000
v -72.81723 17.79128 13.50251
v -66.81723 51.79128 13.50251
v -66.71978 51.77408 14.00000
v -73.09475 17.84025 13.08076
v -67.09475 51.84025 13.08076
v -73.51008 17.91354 12.79896
v -67.51008 51.91354 12.79896
v -74.00000 18.00000 12.70000
v -68.00000 52.00000 12.70000
v -74.48992 18.08646 12.79896
v -68.48992 52.08646 12.79896
v -74.90525 18.15975 13.08076
v -68.90525 52.15975 13.08076
v -75.18277 18.20872 13.50251
v -69.18277 52.20872 13.50251
v -75.28022 18.22592 14.00000
v -69.28022 52.22592 14.00000
v -75.18277 18.20872 14.49749
v -69.18277 52.20872 14.49749
v -74.90525 18.15975 14.91924
v -68.90525 52.15975 14.91924
v -74.48992 18.08646 15.20104
v -68.48992 52.08646 15.20104
v -74.00000 18.00000 15.30000
v -68.00000 52.00000 15.30000
v -73.51008 17.91354 15.20104
v -67.51008 51.91354 15.20104
v -73.09475 17.84025 14.91924
v -67.09475 51.84025 14.91924
v -72.81723 17.79128 14.49749
v -66.81723 51.79128 14.49749
v -59.42309 -10.01920 30.00000
v -59.90446 -9.99049 29.33756
v -45.90446 -5.99049 19.33756
v -45.42309 -6.01920 20.00000
v -60.40039 -9.65874 28.77596
v -46.40039 -5.65874 18.77596
v -60.83535 -9.07447 28.40072
v -46.83535 -5.07447 18.40072
v -61.14315 -8.32661 28.26895
v -47.14315 -4.32661 18.26895
v -61.27691 -7.52904 28.40072
v -47.27691 -3.52904 18.40072
v -61.21627 -6.80316 28.77596
v -47.21627 -2.80316 18.77596
v -60.97046 -6.25949 29.33756
v -46.97046 -2.25949 19.33756
v -60.57691 -5.98080 30.00000
v -46.57691 -1.98080 20.00000
v -60.09554 -6.00951 30.66244
v -46.09554 -2.00951 20.66244
v -59.59961 -6.34126 31.22404
v -45.59961 -2.34126 21.22404
v -59.16465 -6.92553 31.59928
v -45.16465 -2.92553 21.59928
v -58.85685 -7.67339 31.73105
v -44.85685 -3.67339 21.73105
v -58.72309 -8.47096 31.59928
v -44.72309 -4.47096 21.59928
v -58.78373 -9.19684 31.22404
v -44.78373 -5.19684 21.22404
v -59.02954 -9.74051 30.66244
v -45.02954 -5.74051 20.66244
v -60.57691 5.98080 30.00000
v -60.97046 6.25949 29.33756
v -46.97046 2.25949 19.33756
v -46.57691 1.98080 20.00000
v -61.21627 6.80316 28.77596
v -47.21627 2.80316 18.77596
v -61.27691 7.52904 28.40072
v -47.27691 3.52904 18.40072
v -61.14315 8.32661 28.26895
v -47.14315 4.32661 18.26895
v -60.83535 9.07447 28.40072
v -46.83535 5.07447 18.40072
v -60.40039 9.65874 28.77596
v -46.40039 5.65874 18.77596
v -59.90446 9.99049 29.33756
v -45.90446 5.99049 19.33756
v -59.42309 10.01920 30.00000
v -45.42309 6.01920 20.00000
v -59.02954 9.74051 30.66244
v -45.02954 5.74051 20.66244
v -58.78373 9.19684 31.22404
v -44.78373 5.19684 21.22404
v -58.72309 8.47096 31.59928
v -44.72309 4.47096 21.59928
v -58.85685 7.67339 31.73105
v -44.85685 3.67339 21.73105
v -59.16465 6.92553 31.59928
v -45.16465 2.92553 21.59928
v -59.59961 6.34126 31.22404
v -45.59961 2.34126 21.22404
v -60.09554 6.00951 30.66244
v -46.09554 2.00951 20.66244
v -70.70000 -52.00000 14.00000
v -70.79896 -52.00000 13.50251
v -70.79896 52.00000 13.50251
v -70.70000 52.00000 14.00000
v -71.08076 -52.00000 13.08076
v -71.08076 52.00000 13.08076
v -71.50251 -52.00000 12.79896
v -71.50251 52.00000 12.79896
v -72.00000 -52.00000 12.70000
v -72.00000 52.00000 12.70000
v -72.49749 -52.00000 12.79896
v -72.49749 52.00000 12.79896
v -72.91924 -52.00000 13.08076
v -72.91924 52.00000 13.08076
v -73.20104 -52.00000 13.50251
v -73.20104 52.00000 13.50251
v -73.30000 -52.00000 14.00000
v -73.30000 52.00000 14.00000
v -73.20104 -52.00000 14.49749
v -73.20104 52.00000 14.49749
v -72.91924 -52.00000 14.91924
v -72.91924 52.00000 14.91924
v -72.49749 -52.00000 15.20104
v -72.49749 52.00000 15.20104
v -72.00000 -52.00000 15.30000
v -72.00000 52.00000 15.30000
v -71.50251 -52.00000 15.20104
v -71.50251 52.00000 15.20104
v -71.08076 -52.00000 14.91924
v -71.08076 52.00000 14.91924
v -70.79896 -52.00000 14.49749
v -70.79896 52.00000 14.49749
v -76.00000 -6.00000 12.00000
v -68.00000 6.00000 12.00000
v -68.00000 -6.00000 12.00000
v -76.00000 6.00000 12.00000
v -76.00000 -6.00000 16.00000
v -68.00000 -6.00000 16.00000
v -68.00000 6.00000 16.00000
v -76.00000 6.00000 16.00000
f 1698 1699 1700
f 1698 1700 1701
f 1699 1702 1703
f 1699 1703 1700
f 1702 1704 1705
f 1702 1705 1703
f 1704 1706 1707
f 1704 1707 1705
f 1706 1708 1709
f 1706 1709 1707
f 1708 1710 1711
f 1708 1711 1709
f 1710 1712 1713
f 1710 1713 1711
f 1712 1714 1715
f 1712 1715 1713
f 1714 1716 1717
f 1714 1717 1715
f 1716 1718 1719
f 1716 1719 1717
f 1718 1720 1721
f 1718 1721 1719
f 1720 1722 1723
f 1720 1723 1721
f 1722 1724 1725
f 1722 1725 1723
f 1724 1726 1727
f 1724 1727 1725
f 1726 1728 1729
f 1726 1729 1727
f 1728 1698 1701
f 1728 1701 1729
f 1730 1731 1732
f 1730 1732 1733
f 1731 1734 1735
f 1731 1735 1732
f 1734 1736 1737
f 1734 1737 1735
f 1736 1738 1739
f 1736 1739 1737
f 1738 1740 1741
f 1738 1741 1739
f 1740 1742 1743
f 1740 1743 1741
f 1742 1744 1745
f 1742 1745 1743
f 1744 1746 1747
f 1744 1747 1745
f 1746 1748 1749
f 1746 1749 1747
f 1748 1750 1751
f 1748 1751 1749
f 1750 1752 1753
f 1750 1753 1751
f 1752 1754 1755
f 1752 1755 1753
f 1754 1756 1757
f 1754 1757 1755
f 1756 1758 1759
f 1756 1759 1757
f 1758 1760 1761
f 1758 1761 1759
f 1760 1730 1733
f 1760 1733 1761
f 1762 1763 1764
f 1762 1764 1765
f 1763 1766 1767
f 1763 1767 1764
f 1766 1768 1769
f 1766 1769 1767
f 1768 1770 1771
f 1768 1771 1769
f 1770 1772 1773
f 1770 1773 1771
f 1772 1774 1775
f 1772 1775 1773
f 1774 1776 1777
f 1774 1777 1775
f 1776 1778 1779
f 1776 1779 1777
f 1778 1780 1781
f 1778 1781 1779
f 1780 1782 1783
f 1780 1783 1781
f 1782 1784 1785
f 1782 1785 1783
f 1784 1786 1787
f 1784 1787 1785
f 1786 1788 1789
f 1786 1789 1787
f 1788 1790 1791
f 1788 1791 1789
f 1790 1792 1793
f 1790 1793 1791
f 1792 1762 1765
f 1792 1765 1793
f 1794 1795 1796
f 1794 1796 1797
f 1795 1798 1799
f 1795 1799 1796
f 1798 1800 1801
f 1798 1801 1799
f 1800 1802 1803
f 1800 1803 1801
f 1802 1804 1805
f 1802 1805 1803
f 1804 1806 1807
f 1804 1807 1805
f 1806 1808 1809
f 1806 1809 1807
f 1808 1810 1811
f 1808 1811 1809
f 1810 1812 1813
f 1810 1813 1811
f 1812 1814 1815
f 1812 1815 1813
f 1814 1816 1817
f 1814 1817 1815
f 1816 1818 1819
f 1816 1819 1817
f 1818 1820 1821
f 1818 1821 1819
f 1820 1822 1823
f 1820 1823 1821
f 1822 1824 1825
f 1822 1825 1823
f 1824 1794 1797
f 1824 1797 1825
f 1826 1827 1828
f 1826 1828 1829
f 1827 1830 1831
f 1827 1831 1828
f 1830 1832 1833
f 1830 1833 1831
f 1832 1834 1835
f 1832 1835 1833
f 1834 1836 1837
f 1834 1837 1835
f 1836 1838 1839
f 1836 1839 1837
f 1838 1840 1841
f 1838 1841 1839
f 1840 1842 1843
f 1840 1843 1841
f 1842 1844 1845
f 1842 1845 1843
f 1844 1846 1847
f 1844 1847 1845
f 1846 1848 1849
f 1846 1849 1847
f 1848 1850 1851
f 1848 1851 1849
f 1850 1852 1853
f 1850 1853 1851
f 1852 1854 1855
f 1852 1855 1853
f 1854 1856 1857
f 1854 1857 1855
f 1856 1826 1829
f 1856 1829 1857
f 1858 1859 1860
f 1858 1860 1861
f 1862 1859 1858
f 1863 1861 1860
f 1859 1864 1865
f 1859 1865 1860
f 1862 1864 1859
f 1863 1860 1865
f 1864 1866 1867
f 1864 1867 1865
f 1862 1866 1864
f 1863 1865 1867
f 1866 1868 1869
f 1866 1869 1867
f 1862 1868 1866
f 1863 1867 1869
f 1868 1870 1871
f 1868 1871 1869
f 1862 1870 1868
f 1863 1869 1871
f 1870 1872 1873
f 1870 1873 1871
f 1862 1872 1870
f 1863 1871 1873
f 1872 1874 1875
f 1872 1875 1873
f 1862 1874 1872
f 1863 1873 1875
f 1874 1876 1877
f 1874 1877 1875
f 1862 1876 1874
f 1863 1875 1877
f 1876 1878 1879
f 1876 1879 1877
f 1862 1878 1876
f 1863 1877 1879
f 1878 1880 1881
f 1878 1881 1879
f 1862 1880 1878
f 1863 1879 1881
f 1880 1882 1883
f 1880 1883 1881
f 1862 1882 1880
f 1863 1881 1883
f 1882 1884 1885
f 1882 1885 1883
f 1862 1884 1882
f 1863 1883 1885
f 1884 1886 1887
f 1884 1887 1885
f 1862 1886 1884
f 1863 1885 1887
f 1886 1888 1889
f 1886 1889 1887
f 1862 1888 1886
f 1863 1887 1889
f 1888 1890 1891
f 1888 1891 1889
f 1862 1890 1888
f 1863 1889 1891
f 1890 1892 1893
f 1890 1893 1891
f 1862 1892 1890
f 1863 1891 1893
f 1892 1894 1895
f 1892 1895 1893
f 1862 1894 1892
f 1863 1893 1895
f 1894 1896 1897
f 1894 1897 1895
f 1862 1896 1894
f 1863 1895 1897
f 1896 1898 1899
f 1896 1899 1897
f 1862 1898 1896
f 1863 1897 1899
f 1898 1900 1901
f 1898 1901 1899
f 1862 1900 1898
f 1863 1899 1901
f 1900 1902 1903
f 1900 1903 1901
f 1862 1902 1900
f 1863 1901 1903
f 1902 1904 1905
f 1902 1905 1903
f 1862 1904 1902
f 1863 1903 1905
f 1904 1906 1907
f 1904 1907 1905
f 1862 1906 1904
f 1863 1905 1907
f 1906 1908 1909
f 1906 1909 1907
f 1862 1908 1906
f 1863 1907 1909
f 1908 1910 1911
f 1908 1911 1909
f 1862 1910 1908
f 1863 1909 1911
f 1910 1912 1913
f 1910 1913 1911
f 1862 1912 1910
f 1863 1911 1913
f 1912 1914 1915
f 1912 1915 1913
f 1862 1914 1912
f 1863 1913 1915
f 1914 1916 1917
f 1914 1917 1915
f 1862 1916 1914
f 1863 1915 1917
f 1916 1918 1919
f 1916 1919 1917
f 1862 1918 1916
f 1863 1917 1919
f 1918 1920 1921
f 1918 1921 1919
f 1862 1920 1918
f 1863 1919 1921
f 1920 1922 1923
f 1920 1923 1921
f 1862 1922 1920
f 1863 1921 1923
f 1922 1924 1925
f 1922 1925 1923
f 1862 1924 1922
f 1863 1923 1925
f 1924 1926 1927
f 1924 1927 1925
f 1862 1926 1924
f 1863 1925 1927
f 1926 1928 1929
f 1926 1929 1927
f 1862 1928 1926
f 1863 1927 1929
f 1928 1930 1931
f 1928 1931 1929
f 1862 1930 1928
f 1863 1929 1931
f 1930 1858 1861
f 1930 1861 1931
f 1862 1858 1930
f 1863 1931 1861
f 1932 1933 1934
f 1932 1934 1935
f 1933 1936 1937
f 1933 1937 1934
f 1936 1938 1939
f 1936 1939 1937
f 1938 1940 1941
f 1938 1941 1939
f 1940 1942 1943
f 1940 1943 1941
f 1942 1944 1945
f 1942 1945 1943
f 1944 1946 1947
f 1944 1947 1945
f 1946 1948 1949
f 1946 1949 1947
f 1948 1950 1951
f 1948 1951 1949
f 1950 1952 1953
f 1950 1953 1951
f 1952 1954 1955
f 1952 1955 1953
f 1954 1956 1957
f 1954 1957 1955
f 1956 1958 1959
f 1956 1959 1957
f 1958 1960 1961
f 1958 1961 1959
f 1960 1962 1963
f 1960 1963 1961
f 1962 1932 1935
f 1962 1935 1963
f 1964 1965 1966
f 1964 1966 1967
f 1965 1968 1969
f 1965 1969 1966
f 1968 1970 1971
f 1968 1971 1969
f 1970 1972 1973
f 1970 1973 1971
f 1972 1974 1975
f 1972 1975 1973
f 1974 1976 1977
f 1974 1977 1975
f 1976 1978 1979
f 1976 1979 1977
f 1978 1980 1981
f 1978 1981 1979
f 1980 1982 1983
f 1980 1983 1981
f 1982 1984 1985
f 1982 1985 1983
f 1984 1986 1987
f 1984 1987 1985
f 1986 1988 1989
f 1986 1989 1987
f 1988 1990 1991
f 1988 1991 1989
f 1990 1992 1993
f 1990 1993 1991
f 1992 1994 1995
f 1992 1995 1993
f 1994 1964 1967
f 1994 1967 1995
f 1996 1997 1998
f 1996 1998 1999
f 1997 2000 2001
f 1997 2001 1998
f 2000 2002 2003
f 2000 2003 2001
f 2002 2004 2005
f 2002 2005 2003
f 2004 2006 2007
f 2004 2007 2005
f 2006 2008 2009
f 2006 2009 2007
f 2008 2010 2011
f 2008 2011 2009
f 2010 2012 2013
f 2010 2013 2011
f 2012 2014 2015
f 2012 2015 2013
f 2014 2016 2017
f 2014 2017 2015
f 2016 2018 2019
f 2016 2019 2017
f 2018 2020 2021
f 2018 2021 2019
f 2020 2022 2023
f 2020 2023 2021
f 2022 2024 2025
f 2022 2025 2023
f 2024 2026 2027
f 2024 2027 2025
f 2026 1996 1999
f 2026 1999 2027
f 2028 2029 2030
f 2028 2030 2031
f 2029 2032 2033
f 2029 2033 2030
f 2032 2034 2035
f 2032 2035 2033
f 2034 2036 2037
f 2034 2037 2035
f 2036 2038 2039
f 2036 2039 2037
f 2038 2040 2041
f 2038 2041 2039
f 2040 2042 2043
f 2040 2043 2041
f 2042 2044 2045
f 2042 2045 2043
f 2044 2046 2047
f 2044 2047 2045
f 2046 2048 2049
f 2046 2049 2047
f 2048 2050 2051
f 2048 2051 2049
f 2050 2052 2053
f 2050 2053 2051
f 2052 2054 2055
f 2052 2055 2053
f 2054 2056 2057
f 2054 2057 2055
f 2056 2058 2059
f 2056 2059 2057
f 2058 2028 2031
f 2058 2031 2059
f 2060 2061 2062
f 2060 2062 2063
f 2061 2064 2065
f 2061 2065 2062
f 2064 2066 2067
f 2064 2067 2065
f 2066 2068 2069
f 2066 2069 2067
f 2068 2070 2071
f 2068 2071 2069
f 2070 2072 2073
f 2070 2073 2071
f 2072 2074 2075
f 2072 2075 2073
f 2074 2076 2077
f 2074 2077 2075
f 2076 2078 2079
f 2076 2079 2077
f 2078 2080 2081
f 2078 2081 2079
f 2080 2082 2083
f 2080 2083 2081
f 2082 2084 2085
f 2082 2085 2083
f 2084 2086 2087
f 2084 2087 2085
f 2086 2088 2089
f 2086 2089 2087
f 2088 2090 2091
f 2088 2091 2089
f 2090 2060 2063
f 2090 2063 2091
f 2092 2093 2094
f 2092 2094 2095
f 2093 2096 2097
f 2093 2097 2094
f 2096 2098 2099
f 2096 2099 2097
f 2098 2100 2101
f 2098 2101 2099
f 2100 2102 2103
f 2100 2103 2101
f 2102 2104 2105
f 2102 2105 2103
f 2104 2106 2107
f 2104 2107 2105
f 2106 2108 2109
f 2106 2109 2107
f 2108 2110 2111
f 2108 2111 2109
f 2110 2112 2113
f 2110 2113 2111
f 2112 2114 2115
f 2112 2115 2113
f 2114 2116 2117
f 2114 2117 2115
f 2116 2118 2119
f 2116 2119 2117
f 2118 2120 2121
f 2118 2121 2119
f 2120 2122 2123
f 2120 2123 2121
f 2122 2092 2095
f 2122 2095 2123
f 2124 2125 2126
f 2124 2126 2127
f 2125 2128 2129
f 2125 2129 2126
f 2128 2130 2131
f 2128 2131 2129
f 2130 2132 2133
f 2130 2133 2131
f 2132 2134 2135
f 2132 2135 2133
f 2134 2136 2137
f 2134 2137 2135
f 2136 2138 2139
f 2136 2139 2137
f 2138 2140 2141
f 2138 2141 2139
f 2140 2142 2143
f 2140 2143 2141
f 2142 2144 2145
f 2142 2145 2143
f 2144 2146 2147
f 2144 2147 2145
f 2146 2148 2149
f 2146 2149 2147
f 2148 2150 2151
f 2148 2151 2149
f 2150 2152 2153
f 2150 2153 2151
f 2152 2154 2155
f 2152 2155 2153
f 2154 2124 2127
f 2154 2127 2155
f 2156 2157 2158
f 2156 2158 2159
f 2160 2157 2156
f 2161 2159 2158
f 2157 2162 2163
f 2157 2163 2158
f 2160 2162 2157
f 2161 2158 2163
f 2162 2164 2165
f 2162 2165 2163
f 2160 2164 2162
f 2161 2163 2165
f 2164 2166 2167
f 2164 2167 2165
f 2160 2166 2164
f 2161 2165 2167
f 2166 2168 2169
f 2166 2169 2167
f 2160 2168 2166
f 2161 2167 2169
f 2168 2170 2171
f 2168 2171 2169
f 2160 2170 2168
f 2161 2169 2171
f 2170 2172 2173
f 2170 2173 2171
f 2160 2172 2170
f 2161 2171 2173
f 2172 2174 2175
f 2172 2175 2173
f 2160 2174 2172
f 2161 2173 2175
f 2174 2176 2177
f 2174 2177 2175
f 2160 2176 2174
f 2161 2175 2177
f 2176 2178 2179
f 2176 2179 2177
f 2160 2178 2176
f 2161 2177 2179
f 2178 2180 2181
f 2178 2181 2179
f 2160 2180 2178
f 2161 2179 2181
f 2180 2182 2183
f 2180 2183 2181
f 2160 2182 2180
f 2161 2181 2183
f 2182 2184 2185
f 2182 2185 2183
f 2160 2184 2182
f 2161 2183 2185
f 2184 2186 2187
f 2184 2187 2185
f 2160 2186 2184
f 2161 2185 2187
f 2186 2188 2189
f 2186 2189 2187
f 2160 2188 2186
f 2161 2187 2189
f 2188 2190 2191
f 2188 2191 2189
f 2160 2190 2188
f 2161 2189 2191
f 2190 2192 2193
f 2190 2193 2191
f 2160 2192 2190
f 2161 2191 2193
f 2192 2194 2195
f 2192 2195 2193
f 2160 2194 2192
f 2161 2193 2195
f 2194 2196 2197
f 2194 2197 2195
f 2160 2196 2194
f 2161 2195 2197
f 2196 2198 2199
f 2196 2199 2197
f 2160 2198 2196
f 2161 2197 2199
f 2198 2200 2201
f 2198 2201 2199
f 2160 2200 2198
f 2161 2199 2201
f 2200 2202 2203
f 2200 2203 2201
f 2160 2202 2200
f 2161 2201 2203
f 2202 2204 2205
f 2202 2205 2203
f 2160 2204 2202
f 2161 2203 2205
f 2204 2206 2207
f 2204 2207 2205
f 2160 2206 2204
f 2161 2205 2207
f 2206 2208 2209
f 2206 2209 2207
f 2160 2208 2206
f 2161 2207 2209
f 2208 2210 2211
f 2208 2211 2209
f 2160 2210 2208
f 2161 2209 2211
f 2210 2212 2213
f 2210 2213 2211
f 2160 2212 2210
f 2161 2211 2213
f 2212 2214 2215
f 2212 2215 2213
f 2160 2214 2212
f 2161 2213 2215
f 2214 2216 2217
f 2214 2217 2215
f 2160 2216 2214
f 2161 2215 2217
f 2216 2218 2219
f 2216 2219 2217
f 2160 2218 2216
f 2161 2217 2219
f 2218 2220 2221
f 2218 2221 2219
f 2160 2220 2218
f 2161 2219 2221
f 2220 2222 2223
f 2220 2223 2221
f 2160 2222 2220
f 2161 2221 2223
f 2222 2224 2225
f 2222 2225 2223
f 2160 2224 2222
f 2161 2223 2225
f 2224 2226 2227
f 2224 2227 2225
f 2160 2226 2224
f 2161 2225 2227
f 2226 2228 2229
f 2226 2229 2227
f 2160 2228 2226
f 2161 2227 2229
f 2228 2156 2159
f 2228 2159 2229
f 2160 2156 2228
f 2161 2229 2159
f 2230 2231 2232
f 2230 2232 2233
f 2231 2234 2235
f 2231 2235 2232
f 2234 2236 2237
f 2234 2237 2235
f 2236 2238 2239
f 2236 2239 2237
f 2238 2240 2241
f 2238 2241 2239
f 2240 2242 2243
f 2240 2243 2241
f 2242 2244 2245
f 2242 2245 2243
f 2244 2246 2247
f 2244 2247 2245
f 2246 2248 2249
f 2246 2249 2247
f 2248 2250 2251
f 2248 2251 2249
f 2250 2252 2253
f 2250 2253 2251
f 2252 2254 2255
f 2252 2255 2253
f 2254 2256 2257
f 2254 2257 2255
f 2256 2258 2259
f 2256 2259 2257
f 2258 2260 2261
f 2258 2261 2259
f 2260 2230 2233
f 2260 2233 2261
f 2262 2263 2264
f 2262 2264 2265
f 2263 2266 2267
f 2263 2267 2264
f 2266 2268 2269
f 2266 2269 2267
f 2268 2270 2271
f 2268 2271 2269
f 2270 2272 2273
f 2270 2273 2271
f 2272 2274 2275
f 2272 2275 2273
f 2274 2276 2277
f 2274 2277 2275
f 2276 2278 2279
f 2276 2279 2277
f 2278 2280 2281
f 2278 2281 2279
f 2280 2282 2283
f 2280 2283 2281
f 2282 2284 2285
f 2282 2285 2283
f 2284 2286 2287
f 2284 2287 2285
f 2286 2288 2289
f 2286 2289 2287
f 2288 2290 2291
f 2288 2291 2289
f 2290 2292 2293
f 2290 2293 2291
f 2292 2262 2265
f 2292 2265 2293
f 2294 2295 2296
f 2294 2296 2297
f 2295 2298 2299
f 2295 2299 2296
f 2298 2300 2301
f 2298 2301 2299
f 2300 2302 2303
f 2300 2303 2301
f 2302 2304 2305
f 2302 2305 2303
f 2304 2306 2307
f 2304 2307 2305
f 2306 2308 2309
f 2306 2309 2307
f 2308 2310 2311
f 2308 2311 2309
f 2310 2312 2313
f 2310 2313 2311
f 2312 2314 2315
f 2312 2315 2313
f 2314 2316 2317
f 2314 2317 2315
f 2316 2318 2319
f 2316 2319 2317
f 2318 2320 2321
f 2318 2321 2319
f 2320 2322 2323
f 2320 2323 2321
f 2322 2324 2325
f 2322 2325 2323
f 2324 2294 2297
f 2324 2297 2325
f 2326 2327 2328
f 2326 2328 2329
f 2327 2330 2331
f 2327 2331 2328
f 2330 2332 2333
f 2330 2333 2331
f 2332 2334 2335
f 2332 2335 2333
f 2334 2336 2337
f 2334 2337 2335
f 2336 2338 2339
f 2336 2339 2337
f 2338 2340 2341
f 2338 2341 2339
f 2340 2342 2343
f 2340 2343 2341
f 2342 2344 2345
f 2342 2345 2343
f 2344 2346 2347
f 2344 2347 2345
f 2346 2348 2349
f 2346 2349 2347
f 2348 2350 2351
f 2348 2351 2349
f 2350 2352 2353
f 2350 2353 2351
f 2352 2354 2355
f 2352 2355 2353
f 2354 2356 2357
f 2354 2357 2355
f 2356 2326 2329
f 2356 2329 2357
f 2358 2359 2360
f 2358 2360 2361
f 2359 2362 2363
f 2359 2363 2360
f 2362 2364 2365
f 2362 2365 2363
f 2364 2366 2367
f 2364 2367 2365
f 2366 2368 2369
f 2366 2369 2367
f 2368 2370 2371
f 2368 2371 2369
f 2370 2372 2373
f 2370 2373 2371
f 2372 2374 2375
f 2372 2375 2373
f 2374 2376 2377
f 2374 2377 2375
f 2376 2378 2379
f 2376 2379 2377
f 2378 2380 2381
f 2378 2381 2379
f 2380 2382 2383
f 2380 2383 2381
f 2382 2384 2385
f 2382 2385 2383
f 2384 2386 2387
f 2384 2387 2385
f 2386 2388 2389
f 2386 2389 2387
f 2388 2358 2361
f 2388 2361 2389
f 2390 2391 2392
f 2390 2393 2391
f 2394 2395 2396
f 2394 2396 2397
f 2390 2392 2395
f 2390 2395 2394
f 2392 2391 2396
f 2392 2396 2395
f 2391 2393 2397
f 2391 2397 2396
f 2393 2390 2394
f 2393 2394 2397
o Rear_suspension
usemtl Aluminum
v 53.38724 -16.53759 11.00000
v 53.53157 -16.56136 10.35302
v 65.53157 -52.56136 14.35302
v 65.38724 -52.53759 15.00000
v 53.89945 -16.49968 9.80454
v 65.89945 -52.49968 13.80454
v 54.43489 -16.36192 9.43806
v 66.43489 -52.36192 13.43806
v 55.05635 -16.16906 9.30937
v 67.05635 -52.16906 13.30937
v 55.66924 -15.95047 9.43806
v 67.66924 -51.95047 13.43806
v 56.18024 -15.73941 9.80454
v 68.18024 -51.73941 13.80454
v 56.51156 -15.56803 10.35302
v 68.51156 -51.56803 14.35302
v 56.61276 -15.46241 11.00000
v 68.61276 -51.46241 15.00000
v 56.46843 -15.43864 11.64698
v 68.46843 -51.43864 15.64698
v 56.10055 -15.50032 12.19546
v 68.10055 -51.50032 16.19546
v 55.56511 -15.63808 12.56194
v 67.56511 -51.63808 16.56194
v 54.94365 -15.83094 12.69063
v 66.94365 -51.83094 16.69063
v 54.33076 -16.04953 12.56194
v 66.33076 -52.04953 16.56194
v 53.81976 -16.26059 12.19546
v 65.81976 -52.26059 16.19546
v 53.48844 -16.43197 11.64698
v 65.48844 -52.43197 15.64698
v 77.38724 -15.46241 11.00000
v 77.48844 -15.56803 10.35302
v 65.48844 -51.56803 14.35302
v 65.38724 -51.46241 15.00000
v 77.81976 -15.73941 9.80454
v 65.81976 -51.73941 13.80454
v 78.33076 -15.95047 9.43806
v 66.33076 -51.95047 13.43806
v 78.94365 -16.16906 9.30937
v 66.94365 -52.16906 13.30937
v 79.56511 -16.36192 9.43806
v 67.56511 -52.36192 13.43806
v 80.10055 -16.49968 9.80454
v 68.10055 -52.49968 13.80454
v 80.46843 -16.56136 10.35302
v 68.46843 -52.56136 14.35302
v 80.61276 -16.53759 11.00000
v 68.61276 -52.53759 15.00000
v 80.51156 -16.43197 11.64698
v 68.51156 -52.43197 15.64698
v 80.18024 -16.26059 12.19546
v 68.18024 -52.26059 16.19546
v 79.66924 -16.04953 12.56194
v 67.66924 -52.04953 16.56194
v 79.05635 -15.83094 12.69063
v 67.05635 -51.83094 16.69063
v 78.43489 -15.63808 12.56194
v 66.43489 -51.63808 16.56194
v 77.89945 -15.50032 12.19546
v 65.89945 -51.50032 16.19546
v 77.53157 -15.43864 11.64698
v 65.53157 -51.43864 15.64698
v 53.57698 -16.47434 22.00000
v 53.65237 -16.33945 21.43550
v 65.65237 -52.33945 14.43550
v 65.57698 -52.47434 15.00000
v 53.93292 -16.15287 20.95694
v 65.93292 -52.15287 13.95694
v 54.37593 -15.94303 20.63717
v 66.37593 -51.94303 13.63717
v 54.91395 -15.74186 20.52489
v 66.91395 -51.74186 13.52489
v 55.46507 -15.57998 20.63717
v 67.46507 -51.57998 13.63717
v 55.94539 -15.48205 20.95694
v 67.94539 -51.48205 13.95694
v 56.28177 -15.46298 21.43550
v 68.28177 -51.46298 14.43550
v 56.42302 -15.52566 22.00000
v 68.42302 -51.52566 15.00000
v 56.34763 -15.66055 22.56450
v 68.34763 -51.66055 15.56450
v 56.06708 -15.84713 23.04306
v 68.06708 -51.84713 16.04306
v 55.62407 -16.05697 23.36283
v 67.62407 -52.05697 16.36283
v 55.08605 -16.25814 23.47511
v 67.08605 -52.25814 16.47511
v 54.53493 -16.42002 23.36283
v 66.53493 -52.42002 16.36283
v 54.05461 -16.51795 23.04306
v 66.05461 -52.51795 16.04306
v 53.71823 -16.53702 22.56450
v 65.71823 -52.53702 15.56450
v 77.57698 -15.52566 22.00000
v 77.71823 -15.46298 21.43550
v 65.71823 -51.46298 14.43550
v 65.57698 -51.52566 15.00000
v 78.05461 -15.48205 20.95694
v 66.05461 -51.48205 13.95694
v 78.53493 -15.57998 20.63717
v 66.53493 -51.57998 13.63717
v 79.08605 -15.74186 20.52489
v 67.08605 -51.74186 13.52489
v 79.62407 -15.94303 20.63717
v 67.62407 -51.94303 13.63717
v 80.06708 -16.15287 20.95694
v 68.06708 -52.15287 13.95694
v 80.34763 -16.33945 21.43550
v 68.34763 -52.33945 14.43550
v 80.42302 -16.47434 22.00000
v 68.42302 -52.47434 15.00000
v 80.28177 -16.53702 22.56450
v 68.28177 -52.53702 15.56450
v 79.94539 -16.51795 23.04306
v 67.94539 -52.51795 16.04306
v 79.46507 -16.42002 23.36283
v 67.46507 -52.42002 16.36283
v 78.91395 -16.25814 23.47511
v 66.91395 -52.25814 16.47511
v 78.37593 -16.05697 23.36283
v 66.37593 -52.05697 16.36283
v 77.93292 -15.84713 23.04306
v 65.93292 -51.84713 16.04306
v 77.65237 -15.66055 22.56450
v 65.65237 -51.66055 15.56450
v 65.00000 -52.00000 8.00000
v 65.15224 -52.76537 8.00000
v 65.15224 -52.76537 25.00000
v 65.00000 -52.00000 25.00000
v 65.58579 -53.41421 8.00000
v 65.58579 -53.41421 25.00000
v 66.23463 -53.84776 8.00000
v 66.23463 -53.84776 25.00000
v 67.00000 -54.00000 8.00000
v 67.00000 -54.00000 25.00000
v 67.76537 -53.84776 8.00000
v 67.76537 -53.84776 25.00000
v 68.41421 -53.41421 8.00000
v 68.41421 -53.41421 25.00000
v 68.84776 -52.76537 8.00000
v 68.84776 -52.76537 25.00000
v 69.00000 -52.00000 8.00000
v 69.00000 -52.00000 25.00000
v 68.84776 -51.23463 8.00000
v 68.84776 -51.23463 25.00000
v 68.41421 -50.58579 8.00000
v 68.41421 -50.58579 25.00000
v 67.76537 -50.15224 8.00000
v 67.76537 -50.15224 25.00000
v 67.00000 -50.00000 8.00000
v 67.00000 -50.00000 25.00000
v 66.23463 -50.15224 8.00000
v 66.23463 -50.15224 25.00000
v 65.58579 -50.58579 8.00000
v 65.58579 -50.58579 25.00000
v 65.15224 -51.23463 8.00000
v 65.15224 -51.23463 25.00000
v 70.80000 -66.00000 16.00000
v 70.74227 -66.00000 16.65986
v 70.74227 -50.00000 16.65986
v 70.80000 -50.00000 16.00000
v 67.00000 -66.00000 16.00000
v 67.00000 -50.00000 16.00000
v 70.57083 -66.00000 17.29968
v 70.57083 -50.00000 17.29968
v 70.29090 -66.00000 17.90000
v 70.29090 -50.00000 17.90000
v 69.91097 -66.00000 18.44259
v 69.91097 -50.00000 18.44259
v 69.44259 -66.00000 18.91097
v 69.44259 -50.00000 18.91097
v 68.90000 -66.00000 19.29090
v 68.90000 -50.00000 19.29090
v 68.29968 -66.00000 19.57083
v 68.29968 -50.00000 19.57083
v 67.65986 -66.00000 19.74227
v 67.65986 -50.00000 19.74227
v 67.00000 -66.00000 19.80000
v 67.00000 -50.00000 19.80000
v 66.34014 -66.00000 19.74227
v 66.34014 -50.00000 19.74227
v 65.70032 -66.00000 19.57083
v 65.70032 -50.00000 19.57083
v 65.10000 -66.00000 19.29090
v 65.10000 -50.00000 19.29090
v 64.55741 -66.00000 18.91097
v 64.55741 -50.00000 18.91097
v 64.08903 -66.00000 18.44259
v 64.08903 -50.00000 18.44259
v 63.70910 -66.00000 17.90000
v 63.70910 -50.00000 17.90000
v 63.42917 -66.00000 17.29968
v 63.42917 -50.00000 17.29968
v 63.25773 -66.00000 16.65986
v 63.25773 -50.00000 16.65986
v 63.20000 -66.00000 16.00000
v 63.20000 -50.00000 16.00000
v 63.25773 -66.00000 15.34014
v 63.25773 -50.00000 15.34014
v 63.42917 -66.00000 14.70032
v 63.42917 -50.00000 14.70032
v 63.70910 -66.00000 14.10000
v 63.70910 -50.00000 14.10000
v 64.08903 -66.00000 13.55741
v 64.08903 -50.00000 13.55741
v 64.55741 -66.00000 13.08903
v 64.55741 -50.00000 13.08903
v 65.10000 -66.00000 12.70910
v 65.10000 -50.00000 12.70910
v 65.70032 -66.00000 12.42917
v 65.70032 -50.00000 12.42917
v 66.34014 -66.00000 12.25773
v 66.34014 -50.00000 12.25773
v 67.00000 -66.00000 12.20000
v 67.00000 -50.00000 12.20000
v 67.65986 -66.00000 12.25773
v 67.65986 -50.00000 12.25773
v 68.29968 -66.00000 12.42917
v 68.29968 -50.00000 12.42917
v 68.90000 -66.00000 12.70910
v 68.90000 -50.00000 12.70910
v 69.44259 -66.00000 13.08903
v 69.44259 -50.00000 13.08903
v 69.91097 -66.00000 13.55741
v 69.91097 -50.00000 13.55741
v 70.29090 -66.00000 14.10000
v 70.29090 -50.00000 14.10000
v 70.57083 -66.00000 14.70032
v 70.57083 -50.00000 14.70032
v 70.74227 -66.00000 15.34014
v 70.74227 -50.00000 15.34014
v 68.57419 -52.28622 20.00000
v 68.47827 -52.13297 19.40246
v 76.47827 -8.13297 29.40246
v 76.57419 -8.28622 30.00000
v 68.15729 -51.95948 18.89590
v 76.15729 -7.95948 28.89590
v 67.66012 -51.79216 18.55742
v 75.66012 -7.79216 28.55742
v 67.06246 -51.65648 18.43856
v 75.06246 -7.65648 28.43856
v 66.45529 -51.57310 18.55742
v 74.45529 -7.57310 28.55742
v 65.93104 -51.55471 18.89590
v 73.93104 -7.55471 28.89590
v 65.56954 -51.60411 19.40246
v 73.56954 -7.60411 29.40246
v 65.42581 -51.71378 20.00000
v 73.42581 -7.71378 30.00000
v 65.52173 -51.86703 20.59754
v 73.52173 -7.86703 30.59754
v 65.84271 -52.04052 21.10410
v 73.84271 -8.04052 31.10410
v 66.33988 -52.20784 21.44258
v 74.33988 -8.20784 31.44258
v 66.93754 -52.34352 21.56144
v 74.93754 -8.34352 31.56144
v 67.54471 -52.42690 21.44258
v 75.54471 -8.42690 31.44258
v 68.06896 -52.44529 21.10410
v 76.06896 -8.44529 31.10410
v 68.43046 -52.39589 20.59754
v 76.43046 -8.39589 30.59754
v 59.71769 -16.21372 14.00000
v 59.81530 -16.19745 13.50251
v 65.81530 -52.19745 13.50251
v 65.71769 -52.21372 14.00000
v 60.09327 -16.15112 13.08076
v 66.09327 -52.15112 13.08076
v 60.50928 -16.08179 12.79896
v 66.50928 -52.08179 12.79896
v 61.00000 -16.00000 12.70000
v 67.00000 -52.00000 12.70000
v 61.49072 -15.91821 12.79896
v 67.49072 -51.91821 12.79896
v 61.90673 -15.84888 13.08076
v 67.90673 -51.84888 13.08076
v 62.18470 -15.80255 13.50251
v 68.18470 -51.80255 13.50251
v 62.28231 -15.78628 14.00000
v 68.28231 -51.78628 14.00000
v 62.18470 -15.80255 14.49749
v 68.18470 -51.80255 14.49749
v 61.90673 -15.84888 14.91924
v 67.90673 -51.84888 14.91924
v 61.49072 -15.91821 15.20104
v 67.49072 -51.91821 15.20104
v 61.00000 -16.00000 15.30000
v 67.00000 -52.00000 15.30000
v 60.50928 -16.08179 15.20104
v 66.50928 -52.08179 15.20104
v 60.09327 -16.15112 14.91924
v 66.09327 -52.15112 14.91924
v 59.81530 -16.19745 14.49749
v 65.81530 -52.19745 14.49749
v 56.61276 15.46241 11.00000
v 56.51156 15.56803 10.35302
v 68.51156 51.56803 14.35302
v 68.61276 51.46241 15.00000
v 56.18024 15.73941 9.80454
v 68.18024 51.73941 13.80454
v 55.66924 15.95047 9.43806
v 67.66924 51.95047 13.43806
v 55.05635 16.16906 9.30937
v 67.05635 52.16906 13.30937
v 54.43489 16.36192 9.43806
v 66.43489 52.36192 13.43806
v 53.89945 16.49968 9.80454
v 65.89945 52.49968 13.80454
v 53.53157 16.56136 10.35302
v 65.53157 52.56136 14.35302
v 53.38724 16.53759 11.00000
v 65.38724 52.53759 15.00000
v 53.48844 16.43197 11.64698
v 65.48844 52.43197 15.64698
v 53.81976 16.26059 12.19546
v 65.81976 52.26059 16.19546
v 54.33076 16.04953 12.56194
v 66.33076 52.04953 16.56194
v 54.94365 15.83094 12.69063
v 66.94365 51.83094 16.69063
v 55.56511 15.63808 12.56194
v 67.56511 51.63808 16.56194
v 56.10055 15.50032 12.19546
v 68.10055 51.50032 16.19546
v 56.46843 15.43864 11.64698
v 68.46843 51.43864 15.64698
v 80.61276 16.53759 11.00000
v 80.46843 16.56136 10.35302
v 68.46843 52.56136 14.35302
v 68.61276 52.53759 15.00000
v 80.10055 16.49968 9.80454
v 68.10055 52.49968 13.80454
v 79.56511 16.36192 9.43806
v 67.56511 52.36192 13.43806
v 78.94365 16.16906 9.30937
v 66.94365 52.16906 13.30937
v 78.33076 15.95047 9.43806
v 66.33076 51.95047 13.43806
v 77.81976 15.73941 9.80454
v 65.81976 51.73941 13.80454
v 77.48844 15.56803 10.35302
v 65.48844 51.56803 14.35302
v 77.38724 15.46241 11.00000
v 65.38724 51.46241 15.00000
v 77.53157 15.43864 11.64698
v 65.53157 51.43864 15.64698
v 77.89945 15.50032 12.19546
v 65.89945 51.50032 16.19546
v 78.43489 15.63808 12.56194
v 66.43489 51.63808 16.56194
v 79.05635 15.83094 12.69063
v 67.05635 51.83094 16.69063
v 79.66924 16.04953 12.56194
v 67.66924 52.04953 16.56194
v 80.18024 16.26059 12.19546
v 68.18024 52.26059 16.19546
v 80.51156 16.43197 11.64698
v 68.51156 52.43197 15.64698
v 56.42302 15.52566 22.00000
v 56.28177 15.46298 21.43550
v 68.28177 51.46298 14.43550
v 68.42302 51.52566 15.00000
v 55.94539 15.48205 20.95694
v 67.94539 51.48205 13.95694
v 55.46507 15.57998 20.63717
v 67.46507 51.57998 13.63717
v 54.91395 15.74186 20.52489
v 66.91395 51.74186 13.52489
v 54.37593 15.94303 20.63717
v 66.37593 51.94303 13.63717
v 53.93292 16.15287 20.95694
v 65.93292 52.15287 13.95694
v 53.65237 16.33945 21.43550
v 65.65237 52.33945 14.43550
v 53.57698 16.47434 22.00000
v 65.57698 52.47434 15.00000
v 53.71823 16.53702 22.56450
v 65.71823 52.53702 15.56450
v 54.05461 16.51795 23.04306
v 66.05461 52.51795 16.04306
v 54.53493 16.42002 23.36283
v 66.53493 52.42002 16.36283
v 55.08605 16.25814 23.47511
v 67.08605 52.25814 16.47511
v 55.62407 16.05697 23.36283
v 67.62407 52.05697 16.36283
v 56.06708 15.84713 23.04306
v 68.06708 51.84713 16.04306
v 56.34763 15.66055 22.56450
v 68.34763 51.66055 15.56450
v 80.42302 16.47434 22.00000
v 80.34763 16.33945 21.43550
v 68.34763 52.33945 14.43550
v 68.42302 52.47434 15.00000
v 80.06708 16.15287 20.95694
v 68.06708 52.15287 13.95694
v 79.62407 15.94303 20.63717
v 67.62407 51.94303 13.63717
v 79.08605 15.74186 20.52489
v 67.08605 51.74186 13.52489
v 78.53493 15.57998 20.63717
v 66.53493 51.57998 13.63717
v 78.05461 15.48205 20.95694
v 66.05461 51.48205 13.95694
v 77.71823 15.46298 21.43550
v 65.71823 51.46298 14.43550
v 77.57698 15.52566 22.00000
v 65.57698 51.52566 15.00000
v 77.65237 15.66055 22.56450
v 65.65237 51.66055 15.56450
v 77.93292 15.84713 23.04306
v 65.93292 51.84713 16.04306
v 78.37593 16.05697 23.36283
v 66.37593 52.05697 16.36283
v 78.91395 16.25814 23.47511
v 66.91395 52.25814 16.47511
v 79.46507 16.42002 23.36283
v 67.46507 52.42002 16.36283
v 79.94539 16.51795 23.04306
v 67.94539 52.51795 16.04306
v 80.28177 16.53702 22.56450
v 68.28177 52.53702 15.56450
v 65.00000 52.00000 8.00000
v 65.15224 51.23463 8.00000
v 65.15224 51.23463 25.00000
v 65.00000 52.00000 25.00000
v 65.58579 50.58579 8.00000
v 65.58579 50.58579 25.00000
v 66.23463 50.15224 8.00000
v 66.23463 50.15224 25.00000
v 67.00000 50.00000 8.00000
v 67.00000 50.00000 25.00000
v 67.76537 50.15224 8.00000
v 67.76537 50.15224 25.00000
v 68.41421 50.58579 8.00000
v 68.41421 50.58579 25.00000
v 68.84776 51.23463 8.00000
v 68.84776 51.23463 25.00000
v 69.00000 52.00000 8.00000
v 69.00000 52.00000 25.00000
v 68.84776 52.76537 8.00000
v 68.84776 52.76537 25.00000
v 68.41421 53.41421 8.00000
v 68.41421 53.41421 25.00000
v 67.76537 53.84776 8.00000
v 67.76537 53.84776 25.00000
v 67.00000 54.00000 8.00000
v 67.00000 54.00000 25.00000
v 66.23463 53.84776 8.00000
v 66.23463 53.84776 25.00000
v 65.58579 53.41421 8.00000
v 65.58579 53.41421 25.00000
v 65.15224 52.76537 8.00000
v 65.15224 52.76537 25.00000
v 70.80000 50.00000 16.00000
v 70.74227 50.00000 16.65986
v 70.74227 66.00000 16.65986
v 70.80000 66.00000 16.00000
v 67.00000 50.00000 16.00000
v 67.00000 66.00000 16.00000
v 70.57083 50.00000 17.29968
v 70.57083 66.00000 17.29968
v 70.29090 50.00000 17.90000
v 70.29090 66.00000 17.90000
v 69.91097 50.00000 18.44259
v 69.91097 66.00000 18.44259
v 69.44259 50.00000 18.91097
v 69.44259 66.00000 18.91097
v 68.90000 50.00000 19.29090
v 68.90000 66.00000 19.29090
v 68.29968 50.00000 19.57083
v 68.29968 66.00000 19.57083
v 67.65986 50.00000 19.74227
v 67.65986 66.00000 19.74227
v 67.00000 50.00000 19.80000
v 67.00000 66.00000 19.80000
v 66.34014 50.00000 19.74227
v 66.34014 66.00000 19.74227
v 65.70032 50.00000 19.57083
v 65.70032 66.00000 19.57083
v 65.10000 50.00000 19.29090
v 65.10000 66.00000 19.29090
v 64.55741 50.00000 18.91097
v 64.55741 66.00000 18.91097
v 64.08903 50.00000 18.44259
v 64.08903 66.00000 18.44259
v 63.70910 50.00000 17.90000
v 63.70910 66.00000 17.90000
v 63.42917 50.00000 17.29968
v 63.42917 66.00000 17.29968
v 63.25773 50.00000 16.65986
v 63.25773 66.00000 16.65986
v 63.20000 50.00000 16.00000
v 63.20000 66.00000 16.00000
v 63.25773 50.00000 15.34014
v 63.25773 66.00000 15.34014
v 63.42917 50.00000 14.70032
v 63.42917 66.00000 14.70032
v 63.70910 50.00000 14.10000
v 63.70910 66.00000 14.10000
v 64.08903 50.00000 13.55741
v 64.08903 66.00000 13.55741
v 64.55741 50.00000 13.08903
v 64.55741 66.00000 13.08903
v 65.10000 50.00000 12.70910
v 65.10000 66.00000 12.70910
v 65.70032 50.00000 12.42917
v 65.70032 66.00000 12.42917
v 66.34014 50.00000 12.25773
v 66.34014 66.00000 12.25773
v 67.00000 50.00000 12.20000
v 67.00000 66.00000 12.20000
v 67.65986 50.00000 12.25773
v 67.65986 66.00000 12.25773
v 68.29968 50.00000 12.42917
v 68.29968 66.00000 12.42917
v 68.90000 50.00000 12.70910
v 68.90000 66.00000 12.70910
v 69.44259 50.00000 13.08903
v 69.44259 66.00000 13.08903
v 69.91097 50.00000 13.55741
v 69.91097 66.00000 13.55741
v 70.29090 50.00000 14.10000
v 70.29090 66.00000 14.10000
v 70.57083 50.00000 14.70032
v 70.57083 66.00000 14.70032
v 70.74227 50.00000 15.34014
v 70.74227 66.00000 15.34014
v 65.42581 51.71378 20.00000
v 65.56954 51.60411 19.40246
v 73.56954 7.60411 29.40246
v 73.42581 7.71378 30.00000
v 65.93104 51.55471 18.89590
v 73.93104 7.55471 28.89590
v 66.45529 51.57310 18.55742
v 74.45529 7.57310 28.55742
v 67.06246 51.65648 18.43856
v 75.06246 7.65648 28.43856
v 67.66012 51.79216 18.55742
v 75.66012 7.79216 28.55742
v 68.15729 51.95948 18.89590
v 76.15729 7.95948 28.89590
v 68.47827 52.13297 19.40246
v 76.47827 8.13297 29.40246
v 68.57419 52.28622 20.00000
v 76.57419 8.28622 30.00000
v 68.43046 52.39589 20.59754
v 76.43046 8.39589 30.59754
v 68.06896 52.44529 21.10410
v 76.06896 8.44529 31.10410
v 67.54471 52.42690 21.44258
v 75.54471 8.42690 31.44258
v 66.93754 52.34352 21.56144
v 74.93754 8.34352 31.56144
v 66.33988 52.20784 21.44258
v 74.33988 8.20784 31.44258
v 65.84271 52.04052 21.10410
v 73.84271 8.04052 31.10410
v 65.52173 51.86703 20.59754
v 73.52173 7.86703 30.59754
v 62.28231 15.78628 14.00000
v 62.18470 15.80255 13.50251
v 68.18470 51.80255 13.50251
v 68.28231 51.78628 14.00000
v 61.90673 15.84888 13.08076
v 67.90673 51.84888 13.08076
v 61.49072 15.91821 12.79896
v 67.49072 51.91821 12.79896
v 61.00000 16.00000 12.70000
v 67.00000 52.00000 12.70000
v 60.50928 16.08179 12.79896
v 66.50928 52.08179 12.79896
v 60.09327 16.15112 13.08076
v 66.09327 52.15112 13.08076
v 59.81530 16.19745 13.50251
v 65.81530 52.19745 13.50251
v 59.71769 16.21372 14.00000
v 65.71769 52.21372 14.00000
v 59.81530 16.19745 14.49749
v 65.81530 52.19745 14.49749
v 60.09327 16.15112 14.91924
v 66.09327 52.15112 14.91924
v 60.50928 16.08179 15.20104
v 66.50928 52.08179 15.20104
v 61.00000 16.00000 15.30000
v 67.00000 52.00000 15.30000
v 61.49072 15.91821 15.20104
v 67.49072 51.91821 15.20104
v 61.90673 15.84888 14.91924
v 67.90673 51.84888 14.91924
v 62.18470 15.80255 14.49749
v 68.18470 51.80255 14.49749
v 75.57691 -10.01920 30.00000
v 75.09554 -9.99049 29.33756
v 89.09554 -5.99049 19.33756
v 89.57691 -6.01920 20.00000
v 74.59961 -9.65874 28.77596
v 88.59961 -5.65874 18.77596
v 74.16465 -9.07447 28.40072
v 88.16465 -5.07447 18.40072
v 73.85685 -8.32661 28.26895
v 87.85685 -4.32661 18.26895
v 73.72309 -7.52904 28.40072
v 87.72309 -3.52904 18.40072
v 73.78373 -6.80316 28.77596
v 87.78373 -2.80316 18.77596
v 74.02954 -6.25949 29.33756
v 88.02954 -2.25949 19.33756
v 74.42309 -5.98080 30.00000
v 88.42309 -1.98080 20.00000
v 74.90446 -6.00951 30.66244
v 88.90446 -2.00951 20.66244
v 75.40039 -6.34126 31.22404
v 89.40039 -2.34126 21.22404
v 75.83535 -6.92553 31.59928
v 89.83535 -2.92553 21.59928
v 76.14315 -7.67339 31.73105
v 90.14315 -3.67339 21.73105
v 76.27691 -8.47096 31.59928
v 90.27691 -4.47096 21.59928
v 76.21627 -9.19684 31.22404
v 90.21627 -5.19684 21.22404
v 75.97046 -9.74051 30.66244
v 89.97046 -5.74051 20.66244
v 74.42309 5.98080 30.00000
v 74.02954 6.25949 29.33756
v 88.02954 2.25949 19.33756
v 88.42309 1.98080 20.00000
v 73.78373 6.80316 28.77596
v 87.78373 2.80316 18.77596
v 73.72309 7.52904 28.40072
v 87.72309 3.52904 18.40072
v 73.85685 8.32661 28.26895
v 87.85685 4.32661 18.26895
v 74.16465 9.07447 28.40072
v 88.16465 5.07447 18.40072
v 74.59961 9.65874 28.77596
v 88.59961 5.65874 18.77596
v 75.09554 9.99049 29.33756
v 89.09554 5.99049 19.33756
v 75.57691 10.01920 30.00000
v 89.57691 6.01920 20.00000
v 75.97046 9.74051 30.66244
v 89.97046 5.74051 20.66244
v 76.21627 9.19684 31.22404
v 90.21627 5.19684 21.22404
v 76.27691 8.47096 31.59928
v 90.27691 4.47096 21.59928
v 76.14315 7.67339 31.73105
v 90.14315 3.67339 21.73105
v 75.83535 6.92553 31.59928
v 89.83535 2.92553 21.59928
v 75.40039 6.34126 31.22404
v 89.40039 2.34126 21.22404
v 74.90446 6.00951 30.66244
v 88.90446 2.00951 20.66244
f 2398 2399 2400
f 2398 2400 2401
f 2399 2402 2403
f 2399 2403 2400
f 2402 2404 2405
f 2402 2405 2403
f 2404 2406 2407
f 2404 2407 2405
f 2406 2408 2409
f 2406 2409 2407
f 2408 2410 2411
f 2408 2411 2409
f 2410 2412 2413
f 2410 2413 2411
f 2412 2414 2415
f 2412 2415 2413
f 2414 2416 2417
f 2414 2417 2415
f 2416 2418 2419
f 2416 2419 2417
f 2418 2420 2421
f 2418 2421 2419
f 2420 2422 2423
f 2420 2423 2421
f 2422 2424 2425
f 2422 2425 2423
f 2424 2426 2427
f 2424 2427 2425
f 2426 2428 2429
f 2426 2429 2427
f 2428 2398 2401
f 2428 2401 2429
f 2430 2431 2432
f 2430 2432 2433
f 2431 2434 2435
f 2431 2435 2432
f 2434 2436 2437
f 2434 2437 2435
f 2436 2438 2439
f 2436 2439 2437
f 2438 2440 2441
f 2438 2441 2439
f 2440 2442 2443
f 2440 2443 2441
f 2442 2444 2445
f 2442 2445 2443
f 2444 2446 2447
f 2444 2447 2445
f 2446 2448 2449
f 2446 2449 2447
f 2448 2450 2451
f 2448 2451 2449
f 2450 2452 2453
f 2450 2453 2451
f 2452 2454 2455
f 2452 2455 2453
f 2454 2456 2457
f 2454 2457 2455
f 2456 2458 2459
f 2456 2459 2457
f 2458 2460 2461
f 2458 2461 2459
f 2460 2430 2433
f 2460 2433 2461
f 2462 2463 2464
f 2462 2464 2465
f 2463 2466 2467
f 2463 2467 2464
f 2466 2468 2469
f 2466 2469 2467
f 2468 2470 2471
f 2468 2471 2469
f 2470 2472 2473
f 2470 2473 2471
f 2472 2474 2475
f 2472 2475 2473
f 2474 2476 2477
f 2474 2477 2475
f 2476 2478 2479
f 2476 2479 2477
f 2478 2480 2481
f 2478 2481 2479
f 2480 2482 2483
f 2480 2483 2481
f 2482 2484 2485
f 2482 2485 2483
f 2484 2486 2487
f 2484 2487 2485
f 2486 2488 2489
f 2486 2489 2487
f 2488 2490 2491
f 2488 2491 2489
f 2490 2492 2493
f 2490 2493 2491
f 2492 2462 2465
f 2492 2465 2493
f 2494 2495 2496
f 2494 2496 2497
f 2495 2498 2499
f 2495 2499 2496
f 2498 2500 2501
f 2498 2501 2499
f 2500 2502 2503
f 2500 2503 2501
f 2502 2504 2505
f 2502 2505 2503
f 2504 2506 2507
f 2504 2507 2505
f 2506 2508 2509
f 2506 2509 2507
f 2508 2510 2511
f 2508 2511 2509
f 2510 2512 2513
f 2510 2513 2511
f 2512 2514 2515
f 2512 2515 2513
f 2514 2516 2517
f 2514 2517 2515
f 2516 2518 2519
f 2516 2519 2517
f 2518 2520 2521
f 2518 2521 2519
f 2520 2522 2523
f 2520 2523 2521
f 2522 2524 2525
f 2522 2525 2523
f 2524 2494 2497
f 2524 2497 2525
f 2526 2527 2528
f 2526 2528 2529
f 2527 2530 2531
f 2527 2531 2528
f 2530 2532 2533
f 2530 2533 2531
f 2532 2534 2535
f 2532 2535 2533
f 2534 2536 2537
f 2534 2537 2535
f 2536 2538 2539
f 2536 2539 2537
f 2538 2540 2541
f 2538 2541 2539
f 2540 2542 2543
f 2540 2543 2541
f 2542 2544 2545
f 2542 2545 2543
f 2544 2546 2547
f 2544 2547 2545
f 2546 2548 2549
f 2546 2549 2547
f 2548 2550 2551
f 2548 2551 2549
f 2550 2552 2553
f 2550 2553 2551
f 2552 2554 2555
f 2552 2555 2553
f 2554 2556 2557
f 2554 2557 2555
f 2556 2526 2529
f 2556 2529 2557
f 2558 2559 2560
f 2558 2560 2561
f 2562 2559 2558
f 2563 2561 2560
f 2559 2564 2565
f 2559 2565 2560
f 2562 2564 2559
f 2563 2560 2565
f 2564 2566 2567
f 2564 2567 2565
f 2562 2566 2564
f 2563 2565 2567
f 2566 2568 2569
f 2566 2569 2567
f 2562 2568 2566
f 2563 2567 2569
f 2568 2570 2571
f 2568 2571 2569
f 2562 2570 2568
f 2563 2569 2571
f 2570 2572 2573
f 2570 2573 2571
f 2562 2572 2570
f 2563 2571 2573
f 2572 2574 2575
f 2572 2575 2573
f 2562 2574 2572
f 2563 2573 2575
f 2574 2576 2577
f 2574 2577 2575
f 2562 2576 2574
f 2563 2575 2577
f 2576 2578 2579
f 2576 2579 2577
f 2562 2578 2576
f 2563 2577 2579
f 2578 2580 2581
f 2578 2581 2579
f 2562 2580 2578
f 2563 2579 2581
f 2580 2582 2583
f 2580 2583 2581
f 2562 2582 2580
f 2563 2581 2583
f 2582 2584 2585
f 2582 2585 2583
f 2562 2584 2582
f 2563 2583 2585
f 2584 2586 2587
f 2584 2587 2585
f 2562 2586 2584
f 2563 2585 2587
f 2586 2588 2589
f 2586 2589 2587
f 2562 2588 2586
f 2563 2587 2589
f 2588 2590 2591
f 2588 2591 2589
f 2562 2590 2588
f 2563 2589 2591
f 2590 2592 2593
f 2590 2593 2591
f 2562 2592 2590
f 2563 2591 2593
f 2592 2594 2595
f 2592 2595 2593
f 2562 2594 2592
f 2563 2593 2595
f 2594 2596 2597
f 2594 2597 2595
f 2562 2596 2594
f 2563 2595 2597
f 2596 2598 2599
f 2596 2599 2597
f 2562 2598 2596
f 2563 2597 2599
f 2598 2600 2601
f 2598 2601 2599
f 2562 2600 2598
f 2563 2599 2601
f 2600 2602 2603
f 2600 2603 2601
f 2562 2602 2600
f 2563 2601 2603
f 2602 2604 2605
f 2602 2605 2603
f 2562 2604 2602
f 2563 2603 2605
f 2604 2606 2607
f 2604 2607 2605
f 2562 2606 2604
f 2563 2605 2607
f 2606 2608 2609
f 2606 2609 2607
f 2562 2608 2606
f 2563 2607 2609
f 2608 2610 2611
f 2608 2611 2609
f 2562 2610 2608
f 2563 2609 2611
f 2610 2612 2613
f 2610 2613 2611
f 2562 2612 2610
f 2563 2611 2613
f 2612 2614 2615
f 2612 2615 2613
f 2562 2614 2612
f 2563 2613 2615
f 2614 2616 2617
f 2614 2617 2615
f 2562 2616 2614
f 2563 2615 2617
f 2616 2618 2619
f 2616 2619 2617
f 2562 2618 2616
f 2563 2617 2619
f 2618 2620 2621
f 2618 2621 2619
f 2562 2620 2618
f 2563 2619 2621
f 2620 2622 2623
f 2620 2623 2621
f 2562 2622 2620
f 2563 2621 2623
f 2622 2624 2625
f 2622 2625 2623
f 2562 2624 2622
f 2563 2623 2625
f 2624 2626 2627
f 2624 2627 2625
f 2562 2626 2624
f 2563 2625 2627
f 2626 2628 2629
f 2626 2629 2627
f 2562 2628 2626
f 2563 2627 2629
f 2628 2630 2631
f 2628 2631 2629
f 2562 2630 2628
f 2563 2629 2631
f 2630 2558 2561
f 2630 2561 2631
f 2562 2558 2630
f 2563 2631 2561
f 2632 2633 2634
f 2632 2634 2635
f 2633 2636 2637
f 2633 2637 2634
f 2636 2638 2639
f 2636 2639 2637
f 2638 2640 2641
f 2638 2641 2639
f 2640 2642 2643
f 2640 2643 2641
f 2642 2644 2645
f 2642 2645 2643
f 2644 2646 2647
f 2644 2647 2645
f 2646 2648 2649
f 2646 2649 2647
f 2648 2650 2651
f 2648 2651 2649
f 2650 2652 2653
f 2650 2653 2651
f 2652 2654 2655
f 2652 2655 2653
f 2654 2656 2657
f 2654 2657 2655
f 2656 2658 2659
f 2656 2659 2657
f 2658 2660 2661
f 2658 2661 2659
f 2660 2662 2663
f 2660 2663 2661
f 2662 2632 2635
f 2662 2635 2663
f 2664 2665 2666
f 2664 2666 2667
f 2665 2668 2669
f 2665 2669 2666
f 2668 2670 2671
f 2668 2671 2669
f 2670 2672 2673
f 2670 2673 2671
f 2672 2674 2675
f 2672 2675 2673
f 2674 2676 2677
f 2674 2677 2675
f 2676 2678 2679
f 2676 2679 2677
f 2678 2680 2681
f 2678 2681 2679
f 2680 2682 2683
f 2680 2683 2681
f 2682 2684 2685
f 2682 2685 2683
f 2684 2686 2687
f 2684 2687 2685
f 2686 2688 2689
f 2686 2689 2687
f 2688 2690 2691
f 2688 2691 2689
f 2690 2692 2693
f 2690 2693 2691
f 2692 2694 2695
f 2692 2695 2693
f 2694 2664 2667
f 2694 2667 2695
f 2696 2697 2698
f 2696 2698 2699
f 2697 2700 2701
f 2697 2701 2698
f 2700 2702 2703
f 2700 2703 2701
f 2702 2704 2705
f 2702 2705 2703
f 2704 2706 2707
f 2704 2707 2705
f 2706 2708 2709
f 2706 2709 2707
f 2708 2710 2711
f 2708 2711 2709
f 2710 2712 2713
f 2710 2713 2711
f 2712 2714 2715
f 2712 2715 2713
f 2714 2716 2717
f 2714 2717 2715
f 2716 2718 2719
f 2716 2719 2717
f 2718 2720 2721
f 2718 2721 2719
f 2720 2722 2723
f 2720 2723 2721
f 2722 2724 2725
f 2722 2725 2723
f 2724 2726 2727
f 2724 2727 2725
f 2726 2696 2699
f 2726 2699 2727
f 2728 2729 2730
f 2728 2730 2731
f 2729 2732 2733
f 2729 2733 2730
f 2732 2734 2735
f 2732 2735 2733
f 2734 2736 2737
f 2734 2737 2735
f 2736 2738 2739
f 2736 2739 2737
f 2738 2740 2741
f 2738 2741 2739
f 2740 2742 2743
f 2740 2743 2741
f 2742 2744 2745
f 2742 2745 2743
f 2744 2746 2747
f 2744 2747 2745
f 2746 2748 2749
f 2746 2749 2747
f 2748 2750 2751
f 2748 2751 2749
f 2750 2752 2753
f 2750 2753 2751
f 2752 2754 2755
f 2752 2755 2753
f 2754 2756 2757
f 2754 2757 2755
f 2756 2758 2759
f 2756 2759 2757
f 2758 2728 2731
f 2758 2731 2759
f 2760 2761 2762
f 2760 2762 2763
f 2761 2764 2765
f 2761 2765 2762
f 2764 2766 2767
f 2764 2767 2765
f 2766 2768 2769
f 2766 2769 2767
f 2768 2770 2771
f 2768 2771 2769
f 2770 2772 2773
f 2770 2773 2771
f 2772 2774 2775
f 2772 2775 2773
f 2774 2776 2777
f 2774 2777 2775
f 2776 2778 2779
f 2776 2779 2777
f 2778 2780 2781
f 2778 2781 2779
f 2780 2782 2783
f 2780 2783 2781
f 2782 2784 2785
f 2782 2785 2783
f 2784 2786 2787
f 2784 2787 2785
f 2786 2788 2789
f 2786 2789 2787
f 2788 2790 2791
f 2788 2791 2789
f 2790 2760 2763
f 2790 2763 2791
f 2792 2793 2794
f 2792 2794 2795
f 2793 2796 2797
f 2793 2797 2794
f 2796 2798 2799
f 2796 2799 2797
f 2798 2800 2801
f 2798 2801 2799
f 2800 2802 2803
f 2800 2803 2801
f 2802 2804 2805
f 2802 2805 2803
f 2804 2806 2807
f 2804 2807 2805
f 2806 2808 2809
f 2806 2809 2807
f 2808 2810 2811
f 2808 2811 2809
f 2810 2812 2813
f 2810 2813 2811
f 2812 2814 2815
f 2812 2815 2813
f 2814 2816 2817
f 2814 2817 2815
f 2816 2818 2819
f 2816 2819 2817
f 2818 2820 2821
f 2818 2821 2819
f 2820 2822 2823
f 2820 2823 2821
f 2822 2792 2795
f 2822 2795 2823
f 2824 2825 2826
f 2824 2826 2827
f 2825 2828 2829
f 2825 2829 2826
f 2828 2830 2831
f 2828 2831 2829
f 2830 2832 2833
f 2830 2833 2831
f 2832 2834 2835
f 2832 2835 2833
f 2834 2836 2837
f 2834 2837 2835
f 2836 2838 2839
f 2836 2839 2837
f 2838 2840 2841
f 2838 2841 2839
f 2840 2842 2843
f 2840 2843 2841
f 2842 2844 2845
f 2842 2845 2843
f 2844 2846 2847
f 2844 2847 2845
f 2846 2848 2849
f 2846 2849 2847
f 2848 2850 2851
f 2848 2851 2849
f 2850 2852 2853
f 2850 2853 2851
f 2852 2854 2855
f 2852 2855 2853
f 2854 2824 2827
f 2854 2827 2855
f 2856 2857 2858
f 2856 2858 2859
f 2860 2857 2856
f 2861 2859 2858
f 2857 2862 2863
f 2857 2863 2858
f 2860 2862 2857
f 2861 2858 2863
f 2862 2864 2865
f 2862 2865 2863
f 2860 2864 2862
f 2861 2863 2865
f 2864 2866 2867
f 2864 2867 2865
f 2860 2866 2864
f 2861 2865 2867
f 2866 2868 2869
f 2866 2869 2867
f 2860 2868 2866
f 2861 2867 2869
f 2868 2870 2871
f 2868 2871 2869
f 2860 2870 2868
f 2861 2869 2871
f 2870 2872 2873
f 2870 2873 2871
f 2860 2872 2870
f 2861 2871 2873
f 2872 2874 2875
f 2872 2875 2873
f 2860 2874 2872
f 2861 2873 2875
f 2874 2876 2877
f 2874 2877 2875
f 2860 2876 2874
f 2861 2875 2877
f 2876 2878 2879
f 2876 2879 2877
f 2860 2878 2876
f 2861 2877 2879
f 2878 2880 2881
f 2878 2881 2879
f 2860 2880 2878
f 2861 2879 2881
f 2880 2882 2883
f 2880 2883 2881
f 2860 2882 2880
f 2861 2881 2883
f 2882 2884 2885
f 2882 2885 2883
f 2860 2884 2882
f 2861 2883 2885
f 2884 2886 2887
f 2884 2887 2885
f 2860 2886 2884
f 2861 2885 2887
f 2886 2888 2889
f 2886 2889 2887
f 2860 2888 2886
f 2861 2887 2889
f 2888 2890 2891
f 2888 2891 2889
f 2860 2890 2888
f 2861 2889 2891
f 2890 2892 2893
f 2890 2893 2891
f 2860 2892 2890
f 2861 2891 2893
f 2892 2894 2895
f 2892 2895 2893
f 2860 2894 2892
f 2861 2893 2895
f 2894 2896 2897
f 2894 2897 2895
f 2860 2896 2894
f 2861 2895 2897
f 2896 2898 2899
f 2896 2899 2897
f 2860 2898 2896
f 2861 2897 2899
f 2898 2900 2901
f 2898 2901 2899
f 2860 2900 2898
f 2861 2899 2901
f 2900 2902 2903
f 2900 2903 2901
f 2860 2902 2900
f 2861 2901 2903
f 2902 2904 2905
f 2902 2905 2903
f 2860 2904 2902
f 2861 2903 2905
f 2904 2906 2907
f 2904 2907 2905
f 2860 2906 2904
f 2861 2905 2907
f 2906 2908 2909
f 2906 2909 2907
f 2860 2908 2906
f 2861 2907 2909
f 2908 2910 2911
f 2908 2911 2909
f 2860 2910 2908
f 2861 2909 2911
f 2910 2912 2913
f 2910 2913 2911
f 2860 2912 2910
f 2861 2911 2913
f 2912 2914 2915
f 2912 2915 2913
f 2860 2914 2912
f 2861 2913 2915
f 2914 2916 2917
f 2914 2917 2915
f 2860 2916 2914
f 2861 2915 2917
f 2916 2918 2919
f 2916 2919 2917
f 2860 2918 2916
f 2861 2917 2919
f 2918 2920 2921
f 2918 2921 2919
f 2860 2920 2918
f 2861 2919 2921
f 2920 2922 2923
f 2920 2923 2921
f 2860 2922 2920
f 2861 2921 2923
f 2922 2924 2925
f 2922 2925 2923
f 2860 2924 2922
f 2861 2923 2925
f 2924 2926 2927
f 2924 2927 2925
f 2860 2926 2924
f 2861 2925 2927
f 2926 2928 2929
f 2926 2929 2927
f 2860 2928 2926
f 2861 2927 2929
f 2928 2856 2859
f 2928 2859 2929
f 2860 2856 2928
f 2861 2929 2859
f 2930 2931 2932
f 2930 2932 2933
f 2931 2934 2935
f 2931 2935 2932
f 2934 2936 2937
f 2934 2937 2935
f 2936 2938 2939
f 2936 2939 2937
f 2938 2940 2941
f 2938 2941 2939
f 2940 2942 2943
f 2940 2943 2941
f 2942 2944 2945
f 2942 2945 2943
f 2944 2946 2947
f 2944 2947 2945
f 2946 2948 2949
f 2946 2949 2947
f 2948 2950 2951
f 2948 2951 2949
f 2950 2952 2953
f 2950 2953 2951
f 2952 2954 2955
f 2952 2955 2953
f 2954 2956 2957
f 2954 2957 2955
f 2956 2958 2959
f 2956 2959 2957
f 2958 2960 2961
f 2958 2961 2959
f 2960 2930 2933
f 2960 2933 2961
f 2962 2963 2964
f 2962 2964 2965
f 2963 2966 2967
f 2963 2967 2964
f 2966 2968 2969
f 2966 2969 2967
f 2968 2970 2971
f 2968 2971 2969
f 2970 2972 2973
f 2970 2973 2971
f 2972 2974 2975
f 2972 2975 2973
f 2974 2976 2977
f 2974 2977 2975
f 2976 2978 2979
f 2976 2979 2977
f 2978 2980 2981
f 2978 2981 2979
f 2980 2982 2983
f 2980 2983 2981
f 2982 2984 2985
f 2982 2985 2983
f 2984 2986 2987
f 2984 2987 2985
f 2986 2988 2989
f 2986 2989 2987
f 2988 2990 2991
f 2988 2991 2989
f 2990 2992 2993
f 2990 2993 2991
f 2992 2962 2965
f 2992 2965 2993
f 2994 2995 2996
f 2994 2996 2997
f 2995 2998 2999
f 2995 2999 2996
f 2998 3000 3001
f 2998 3001 2999
f 3000 3002 3003
f 3000 3003 3001
f 3002 3004 3005
f 3002 3005 3003
f 3004 3006 3007
f 3004 3007 3005
f 3006 3008 3009
f 3006 3009 3007
f 3008 3010 3011
f 3008 3011 3009
f 3010 3012 3013
f 3010 3013 3011
f 3012 3014 3015
f 3012 3015 3013
f 3014 3016 3017
f 3014 3017 3015
f 3016 3018 3019
f 3016 3019 3017
f 3018 3020 3021
f 3018 3021 3019
f 3020 3022 3023
f 3020 3023 3021
f 3022 3024 3025
f 3022 3025 3023
f 3024 2994 2997
f 3024 2997 3025
f 3026 3027 3028
f 3026 3028 3029
f 3027 3030 3031
f 3027 3031 3028
f 3030 3032 3033
f 3030 3033 3031
f 3032 3034 3035
f 3032 3035 3033
f 3034 3036 3037
f 3034 3037 3035
f 3036 3038 3039
f 3036 3039 3037
f 3038 3040 3041
f 3038 3041 3039
f 3040 3042 3043
f 3040 3043 3041
f 3042 3044 3045
f 3042 3045 3043
f 3044 3046 3047
f 3044 3047 3045
f 3046 3048 3049
f 3046 3049 3047
f 3048 3050 3051
f 3048 3051 3049
f 3050 3052 3053
f 3050 3053 3051
f 3052 3054 3055
f 3052 3055 3053
f 3054 3056 3057
f 3054 3057 3055
f 3056 3026 3029
f 3056 3029 3057
o Battery
usemtl Battery
v -38.00000 -15.00000 7.00000
v 58.00000 15.00000 7.00000
v 58.00000 -15.00000 7.00000
v -38.00000 15.00000 7.00000
v -38.00000 -15.00000 11.00000
v 58.00000 -15.00000 11.00000
v 58.00000 15.00000 11.00000
v -38.00000 15.00000 11.00000
v -38.00000 -14.00000 10.00000
v -22.00000 -2.00000 10.00000
v -22.00000 -14.00000 10.00000
v -38.00000 -2.00000 10.00000
v -38.00000 -14.00000 16.00000
v -22.00000 -14.00000 16.00000
v -22.00000 -2.00000 16.00000
v -38.00000 -2.00000 16.00000
v -38.00000 2.00000 10.00000
v -22.00000 14.00000 10.00000
v -22.00000 2.00000 10.00000
v -38.00000 14.00000 10.00000
v -38.00000 2.00000 16.00000
v -22.00000 2.00000 16.00000
v -22.00000 14.00000 16.00000
v -38.00000 14.00000 16.00000
v -18.00000 -14.00000 10.00000
v -2.00000 -2.00000 10.00000
v -2.00000 -14.00000 10.00000
v -18.00000 -2.00000 10.00000
v -18.00000 -14.00000 16.00000
v -2.00000 -14.00000 16.00000
v -2.00000 -2.00000 16.00000
v -18.00000 -2.00000 16.00000
v -18.00000 2.00000 10.00000
v -2.00000 14.00000 10.00000
v -2.00000 2.00000 10.00000
v -18.00000 14.00000 10.00000
v -18.00000 2.00000 16.00000
v -2.00000 2.00000 16.00000
v -2.00000 14.00000 16.00000
v -18.00000 14.00000 16.00000
v 2.00000 -14.00000 10.00000
v 18.00000 -2.00000 10.00000
v 18.00000 -14.00000 10.00000
v 2.00000 -2.00000 10.00000
v 2.00000 -14.00000 16.00000
v 18.00000 -14.00000 16.00000
v 18.00000 -2.00000 16.00000
v 2.00000 -2.00000 16.00000
v 2.00000 2.00000 10.00000
v 18.00000 14.00000 10.00000
v 18.00000 2.00000 10.00000
v 2.00000 14.00000 10.00000
v 2.00000 2.00000 16.00000
v 18.00000 2.00000 16.00000
v 18.00000 14.00000 16.00000
v 2.00000 14.00000 16.00000
v 22.00000 -14.00000 10.00000
v 38.00000 -2.00000 10.00000
v 38.00000 -14.00000 10.00000
v 22.00000 -2.00000 10.00000
v 22.00000 -14.00000 16.00000
v 38.00000 -14.00000 16.00000
v 38.00000 -2.00000 16.00000
v 22.00000 -2.00000 16.00000
v 22.00000 2.00000 10.00000
v 38.00000 14.00000 10.00000
v 38.00000 2.00000 10.00000
v 22.00000 14.00000 10.00000
v 22.00000 2.00000 16.00000
v 38.00000 2.00000 16.00000
v 38.00000 14.00000 16.00000
v 22.00000 14.00000 16.00000
v -31.00000 -1.50000 15.50000
v 51.00000 1.50000 15.50000
v 51.00000 -1.50000 15.50000
v -31.00000 1.50000 15.50000
v -31.00000 -1.50000 18.50000
v 51.00000 -1.50000 18.50000
v 51.00000 1.50000 18.50000
v -31.00000 1.50000 18.50000
f 3058 3059 3060
f 3058 3061 3059
f 3062 3063 3064
f 3062 3064 3065
f 3058 3060 3063
f 3058 3063 3062
f 3060 3059 3064
f 3060 3064 3063
f 3059 3061 3065
f 3059 3065 3064
f 3061 3058 3062
f 3061 3062 3065
f 3066 3067 3068
f 3066 3069 3067
f 3070 3071 3072
f 3070 3072 3073
f 3066 3068 3071
f 3066 3071 3070
f 3068 3067 3072
f 3068 3072 3071
f 3067 3069 3073
f 3067 3073 3072
f 3069 3066 3070
f 3069 3070 3073
f 3074 3075 3076
f 3074 3077 3075
f 3078 3079 3080
f 3078 3080 3081
f 3074 3076 3079
f 3074 3079 3078
f 3076 3075 3080
f 3076 3080 3079
f 3075 3077 3081
f 3075 3081 3080
f 3077 3074 3078
f 3077 3078 3081
f 3082 3083 3084
f 3082 3085 3083
f 3086 3087 3088
f 3086 3088 3089
f 3082 3084 3087
f 3082 3087 3086
f 3084 3083 3088
f 3084 3088 3087
f 3083 3085 3089
f 3083 3089 3088
f 3085 3082 3086
f 3085 3086 3089
f 3090 3091 3092
f 3090 3093 3091
f 3094 3095 3096
f 3094 3096 3097
f 3090 3092 3095
f 3090 3095 3094
f 3092 3091 3096
f 3092 3096 3095
f 3091 3093 3097
f 3091 3097 3096
f 3093 3090 3094
f 3093 3094 3097
f 3098 3099 3100
f 3098 3101 3099
f 3102 3103 3104
f 3102 3104 3105
f 3098 3100 3103
f 3098 3103 3102
f 3100 3099 3104
f 3100 3104 3103
f 3099 3101 3105
f 3099 3105 3104
f 3101 3098 3102
f 3101 3102 3105
f 3106 3107 3108
f 3106 3109 3107
f 3110 3111 3112
f 3110 3112 3113
f 3106 3108 3111
f 3106 3111 3110
f 3108 3107 3112
f 3108 3112 3111
f 3107 3109 3113
f 3107 3113 3112
f 3109 3106 3110
f 3109 3110 3113
f 3114 3115 3116
f 3114 3117 3115
f 3118 3119 3120
f 3118 3120 3121
f 3114 3116 3119
f 3114 3119 3118
f 3116 3115 3120
f 3116 3120 3119
f 3115 3117 3121
f 3115 3121 3120
f 3117 3114 3118
f 3117 3118 3121
f 3122 3123 3124
f 3122 3125 3123
f 3126 3127 3128
f 3126 3128 3129
f 3122 3124 3127
f 3122 3127 3126
f 3124 3123 3128
f 3124 3128 3127
f 3123 3125 3129
f 3123 3129 3128
f 3125 3122 3126
f 3125 3126 3129
f 3130 3131 3132
f 3130 3133 3131
f 3134 3135 3136
f 3134 3136 3137
f 3130 3132 3135
f 3130 3135 3134
f 3132 3131 3136
f 3132 3136 3135
f 3131 3133 3137
f 3131 3137 3136
f 3133 3130 3134
f 3133 3134 3137
o Rear_motor
usemtl HV_Orange
v 48.50000 11.00000 17.00000
v 48.50000 10.90589 18.43579
v 73.50000 10.90589 18.43579
v 73.50000 11.00000 17.00000
v 48.50000 0.00000 17.00000
v 73.50000 0.00000 17.00000
v 48.50000 10.62518 19.84701
v 73.50000 10.62518 19.84701
v 48.50000 10.16267 21.20952
v 73.50000 10.16267 21.20952
v 48.50000 9.52628 22.50000
v 73.50000 9.52628 22.50000
v 48.50000 8.72689 23.69638
v 73.50000 8.72689 23.69638
v 48.50000 7.77817 24.77817
v 73.50000 7.77817 24.77817
v 48.50000 6.69638 25.72689
v 73.50000 6.69638 25.72689
v 48.50000 5.50000 26.52628
v 73.50000 5.50000 26.52628
v 48.50000 4.20952 27.16267
v 73.50000 4.20952 27.16267
v 48.50000 2.84701 27.62518
v 73.50000 2.84701 27.62518
v 48.50000 1.43579 27.90589
v 73.50000 1.43579 27.90589
v 48.50000 0.00000 28.00000
v 73.50000 0.00000 28.00000
v 48.50000 -1.43579 27.90589
v 73.50000 -1.43579 27.90589
v 48.50000 -2.84701 27.62518
v 73.50000 -2.84701 27.62518
v 48.50000 -4.20952 27.16267
v 73.50000 -4.20952 27.16267
v 48.50000 -5.50000 26.52628
v 73.50000 -5.50000 26.52628
v 48.50000 -6.69638 25.72689
v 73.50000 -6.69638 25.72689
v 48.50000 -7.77817 24.77817
v 73.50000 -7.77817 24.77817
v 48.50000 -8.72689 23.69638
v 73.50000 -8.72689 23.69638
v 48.50000 -9.52628 22.50000
v 73.50000 -9.52628 22.50000
v 48.50000 -10.16267 21.20952
v 73.50000 -10.16267 21.20952
v 48.50000 -10.62518 19.84701
v 73.50000 -10.62518 19.84701
v 48.50000 -10.90589 18.43579
v 73.50000 -10.90589 18.43579
v 48.50000 -11.00000 17.00000
v 73.50000 -11.00000 17.00000
v 48.50000 -10.90589 15.56421
v 73.50000 -10.90589 15.56421
v 48.50000 -10.62518 14.15299
v 73.50000 -10.62518 14.15299
v 48.50000 -10.16267 12.79048
v 73.50000 -10.16267 12.79048
v 48.50000 -9.52628 11.50000
v 73.50000 -9.52628 11.50000
v 48.50000 -8.72689 10.30362
v 73.50000 -8.72689 10.30362
v 48.50000 -7.77817 9.22183
v 73.50000 -7.77817 9.22183
v 48.50000 -6.69638 8.27311
v 73.50000 -6.69638 8.27311
v 48.50000 -5.50000 7.47372
v 73.50000 -5.50000 7.47372
v 48.50000 -4.20952 6.83733
v 73.50000 -4.20952 6.83733
v 48.50000 -2.84701 6.37482
v 73.50000 -2.84701 6.37482
v 48.50000 -1.43579 6.09411
v 73.50000 -1.43579 6.09411
v 48.50000 -0.00000 6.00000
v 73.50000 -0.00000 6.00000
v 48.50000 1.43579 6.09411
v 73.50000 1.43579 6.09411
v 48.50000 2.84701 6.37482
v 73.50000 2.84701 6.37482
v 48.50000 4.20952 6.83733
v 73.50000 4.20952 6.83733
v 48.50000 5.50000 7.47372
v 73.50000 5.50000 7.47372
v 48.50000 6.69638 8.27311
v 73.50000 6.69638 8.27311
v 48.50000 7.77817 9.22183
v 73.50000 7.77817 9.22183
v 48.50000 8.72689 10.30362
v 73.50000 8.72689 10.30362
v 48.50000 9.52628 11.50000
v 73.50000 9.52628 11.50000
v 48.50000 10.16267 12.79048
v 73.50000 10.16267 12.79048
v 48.50000 10.62518 14.15299
v 73.50000 10.62518 14.15299
v 48.50000 10.90589 15.56421
v 73.50000 10.90589 15.56421
v 69.50000 13.00000 17.00000
v 69.50000 12.88878 18.69684
v 78.50000 12.88878 18.69684
v 78.50000 13.00000 17.00000
v 69.50000 0.00000 17.00000
v 78.50000 0.00000 17.00000
v 69.50000 12.55704 20.36465
v 78.50000 12.55704 20.36465
v 69.50000 12.01043 21.97488
v 78.50000 12.01043 21.97488
v 69.50000 11.25833 23.50000
v 78.50000 11.25833 23.50000
v 69.50000 10.31359 24.91390
v 78.50000 10.31359 24.91390
v 69.50000 9.19239 26.19239
v 78.50000 9.19239 26.19239
v 69.50000 7.91390 27.31359
v 78.50000 7.91390 27.31359
v 69.50000 6.50000 28.25833
v 78.50000 6.50000 28.25833
v 69.50000 4.97488 29.01043
v 78.50000 4.97488 29.01043
v 69.50000 3.36465 29.55704
v 78.50000 3.36465 29.55704
v 69.50000 1.69684 29.88878
v 78.50000 1.69684 29.88878
v 69.50000 0.00000 30.00000
v 78.50000 0.00000 30.00000
v 69.50000 -1.69684 29.88878
v 78.50000 -1.69684 29.88878
v 69.50000 -3.36465 29.55704
v 78.50000 -3.36465 29.55704
v 69.50000 -4.97488 29.01043
v 78.50000 -4.97488 29.01043
v 69.50000 -6.50000 28.25833
v 78.50000 -6.50000 28.25833
v 69.50000 -7.91390 27.31359
v 78.50000 -7.91390 27.31359
v 69.50000 -9.19239 26.19239
v 78.50000 -9.19239 26.19239
v 69.50000 -10.31359 24.91390
v 78.50000 -10.31359 24.91390
v 69.50000 -11.25833 23.50000
v 78.50000 -11.25833 23.50000
v 69.50000 -12.01043 21.97488
v 78.50000 -12.01043 21.97488
v 69.50000 -12.55704 20.36465
v 78.50000 -12.55704 20.36465
v 69.50000 -12.88878 18.69684
v 78.50000 -12.88878 18.69684
v 69.50000 -13.00000 17.00000
v 78.50000 -13.00000 17.00000
v 69.50000 -12.88878 15.30316
v 78.50000 -12.88878 15.30316
v 69.50000 -12.55704 13.63535
v 78.50000 -12.55704 13.63535
v 69.50000 -12.01043 12.02512
v 78.50000 -12.01043 12.02512
v 69.50000 -11.25833 10.50000
v 78.50000 -11.25833 10.50000
v 69.50000 -10.31359 9.08610
v 78.50000 -10.31359 9.08610
v 69.50000 -9.19239 7.80761
v 78.50000 -9.19239 7.80761
v 69.50000 -7.91390 6.68641
v 78.50000 -7.91390 6.68641
v 69.50000 -6.50000 5.74167
v 78.50000 -6.50000 5.74167
v 69.50000 -4.97488 4.98957
v 78.50000 -4.97488 4.98957
v 69.50000 -3.36465 4.44296
v 78.50000 -3.36465 4.44296
v 69.50000 -1.69684 4.11122
v 78.50000 -1.69684 4.11122
v 69.50000 -0.00000 4.00000
v 78.50000 -0.00000 4.00000
v 69.50000 1.69684 4.11122
v 78.50000 1.69684 4.11122
v 69.50000 3.36465 4.44296
v 78.50000 3.36465 4.44296
v 69.50000 4.97488 4.98957
v 78.50000 4.97488 4.98957
v 69.50000 6.50000 5.74167
v 78.50000 6.50000 5.74167
v 69.50000 7.91390 6.68641
v 78.50000 7.91390 6.68641
v 69.50000 9.19239 7.80761
v 78.50000 9.19239 7.80761
v 69.50000 10.31359 9.08610
v 78.50000 10.31359 9.08610
v 69.50000 11.25833 10.50000
v 78.50000 11.25833 10.50000
v 69.50000 12.01043 12.02512
v 78.50000 12.01043 12.02512
v 69.50000 12.55704 13.63535
v 78.50000 12.55704 13.63535
v 69.50000 12.88878 15.30316
v 78.50000 12.88878 15.30316
v 78.50000 8.00000 17.00000
v 78.50000 7.90151 18.25148
v 85.50000 7.90151 18.25148
v 85.50000 8.00000 17.00000
v 85.50000 0.00000 17.00000
v 78.50000 7.60845 19.47214
v 85.50000 7.60845 19.47214
v 78.50000 7.12805 20.63192
v 85.50000 7.12805 20.63192
v 78.50000 6.47214 21.70228
v 85.50000 6.47214 21.70228
v 78.50000 5.65685 22.65685
v 85.50000 5.65685 22.65685
v 78.50000 4.70228 23.47214
v 85.50000 4.70228 23.47214
v 78.50000 3.63192 24.12805
v 85.50000 3.63192 24.12805
v 78.50000 2.47214 24.60845
v 85.50000 2.47214 24.60845
v 78.50000 1.25148 24.90151
v 85.50000 1.25148 24.90151
v 78.50000 0.00000 25.00000
v 85.50000 0.00000 25.00000
v 78.50000 -1.25148 24.90151
v 85.50000 -1.25148 24.90151
v 78.50000 -2.47214 24.60845
v 85.50000 -2.47214 24.60845
v 78.50000 -3.63192 24.12805
v 85.50000 -3.63192 24.12805
v 78.50000 -4.70228 23.47214
v 85.50000 -4.70228 23.47214
v 78.50000 -5.65685 22.65685
v 85.50000 -5.65685 22.65685
v 78.50000 -6.47214 21.70228
v 85.50000 -6.47214 21.70228
v 78.50000 -7.12805 20.63192
v 85.50000 -7.12805 20.63192
v 78.50000 -7.60845 19.47214
v 85.50000 -7.60845 19.47214
v 78.50000 -7.90151 18.25148
v 85.50000 -7.90151 18.25148
v 78.50000 -8.00000 17.00000
v 85.50000 -8.00000 17.00000
v 78.50000 -7.90151 15.74852
v 85.50000 -7.90151 15.74852
v 78.50000 -7.60845 14.52786
v 85.50000 -7.60845 14.52786
v 78.50000 -7.12805 13.36808
v 85.50000 -7.12805 13.36808
v 78.50000 -6.47214 12.29772
v 85.50000 -6.47214 12.29772
v 78.50000 -5.65685 11.34315
v 85.50000 -5.65685 11.34315
v 78.50000 -4.70228 10.52786
v 85.50000 -4.70228 10.52786
v 78.50000 -3.63192 9.87195
v 85.50000 -3.63192 9.87195
v 78.50000 -2.47214 9.39155
v 85.50000 -2.47214 9.39155
v 78.50000 -1.25148 9.09849
v 85.50000 -1.25148 9.09849
v 78.50000 -0.00000 9.00000
v 85.50000 -0.00000 9.00000
v 78.50000 1.25148 9.09849
v 85.50000 1.25148 9.09849
v 78.50000 2.47214 9.39155
v 85.50000 2.47214 9.39155
v 78.50000 3.63192 9.87195
v 85.50000 3.63192 9.87195
v 78.50000 4.70228 10.52786
v 85.50000 4.70228 10.52786
v 78.50000 5.65685 11.34315
v 85.50000 5.65685 11.34315
v 78.50000 6.47214 12.29772
v 85.50000 6.47214 12.29772
v 78.50000 7.12805 13.36808
v 85.50000 7.12805 13.36808
v 78.50000 7.60845 14.52786
v 85.50000 7.60845 14.52786
v 78.50000 7.90151 15.74852
v 85.50000 7.90151 15.74852
v 52.30000 12.00000 17.00000
v 52.30000 11.85226 18.87721
v 53.70000 11.85226 18.87721
v 53.70000 12.00000 17.00000
v 52.30000 11.00000 17.00000
v 53.70000 10.86457 18.72078
v 52.30000 10.86457 18.72078
v 53.70000 11.00000 17.00000
v 52.30000 11.41268 20.70820
v 53.70000 11.41268 20.70820
v 53.70000 10.46162 20.39919
v 52.30000 10.46162 20.39919
v 52.30000 10.69208 22.44789
v 53.70000 10.69208 22.44789
v 53.70000 9.80107 21.99390
v 52.30000 9.80107 21.99390
v 52.30000 9.70820 24.05342
v 53.70000 9.70820 24.05342
v 53.70000 8.89919 23.46564
v 52.30000 8.89919 23.46564
v 52.30000 8.48528 25.48528
v 53.70000 8.48528 25.48528
v 53.70000 7.77817 24.77817
v 52.30000 7.77817 24.77817
v 52.30000 7.05342 26.70820
v 53.70000 7.05342 26.70820
v 53.70000 6.46564 25.89919
v 52.30000 6.46564 25.89919
v 52.30000 5.44789 27.69208
v 53.70000 5.44789 27.69208
v 53.70000 4.99390 26.80107
v 52.30000 4.99390 26.80107
v 52.30000 3.70820 28.41268
v 53.70000 3.70820 28.41268
v 53.70000 3.39919 27.46162
v 52.30000 3.39919 27.46162
v 52.30000 1.87721 28.85226
v 53.70000 1.87721 28.85226
v 53.70000 1.72078 27.86457
v 52.30000 1.72078 27.86457
v 52.30000 0.00000 29.00000
v 53.70000 0.00000 29.00000
v 53.70000 0.00000 28.00000
v 52.30000 0.00000 28.00000
v 52.30000 -1.87721 28.85226
v 53.70000 -1.87721 28.85226
v 53.70000 -1.72078 27.86457
v 52.30000 -1.72078 27.86457
v 52.30000 -3.70820 28.41268
v 53.70000 -3.70820 28.41268
v 53.70000 -3.39919 27.46162
v 52.30000 -3.39919 27.46162
v 52.30000 -5.44789 27.69208
v 53.70000 -5.44789 27.69208
v 53.70000 -4.99390 26.80107
v 52.30000 -4.99390 26.80107
v 52.30000 -7.05342 26.70820
v 53.70000 -7.05342 26.70820
v 53.70000 -6.46564 25.89919
v 52.30000 -6.46564 25.89919
v 52.30000 -8.48528 25.48528
v 53.70000 -8.48528 25.48528
v 53.70000 -7.77817 24.77817
v 52.30000 -7.77817 24.77817
v 52.30000 -9.70820 24.05342
v 53.70000 -9.70820 24.05342
v 53.70000 -8.89919 23.46564
v 52.30000 -8.89919 23.46564
v 52.30000 -10.69208 22.44789
v 53.70000 -10.69208 22.44789
v 53.70000 -9.80107 21.99390
v 52.30000 -9.80107 21.99390
v 52.30000 -11.41268 20.70820
v 53.70000 -11.41268 20.70820
v 53.70000 -10.46162 20.39919
v 52.30000 -10.46162 20.39919
v 52.30000 -11.85226 18.87721
v 53.70000 -11.85226 18.87721
v 53.70000 -10.86457 18.72078
v 52.30000 -10.86457 18.72078
v 52.30000 -12.00000 17.00000
v 53.70000 -12.00000 17.00000
v 53.70000 -11.00000 17.00000
v 52.30000 -11.00000 17.00000
v 52.30000 -11.85226 15.12279
v 53.70000 -11.85226 15.12279
v 53.70000 -10.86457 15.27922
v 52.30000 -10.86457 15.27922
v 52.30000 -11.41268 13.29180
v 53.70000 -11.41268 13.29180
v 53.70000 -10.46162 13.60081
v 52.30000 -10.46162 13.60081
v 52.30000 -10.69208 11.55211
v 53.70000 -10.69208 11.55211
v 53.70000 -9.80107 12.00610
v 52.30000 -9.80107 12.00610
v 52.30000 -9.70820 9.94658
v 53.70000 -9.70820 9.94658
v 53.70000 -8.89919 10.53436
v 52.30000 -8.89919 10.53436
v 52.30000 -8.48528 8.51472
v 53.70000 -8.48528 8.51472
v 53.70000 -7.77817 9.22183
v 52.30000 -7.77817 9.22183
v 52.30000 -7.05342 7.29180
v 53.70000 -7.05342 7.29180
v 53.70000 -6.46564 8.10081
v 52.30000 -6.46564 8.10081
v 52.30000 -5.44789 6.30792
v 53.70000 -5.44789 6.30792
v 53.70000 -4.99390 7.19893
v 52.30000 -4.99390 7.19893
v 52.30000 -3.70820 5.58732
v 53.70000 -3.70820 5.58732
v 53.70000 -3.39919 6.53838
v 52.30000 -3.39919 6.53838
v 52.30000 -1.87721 5.14774
v 53.70000 -1.87721 5.14774
v 53.70000 -1.72078 6.13543
v 52.30000 -1.72078 6.13543
v 52.30000 -0.00000 5.00000
v 53.70000 -0.00000 5.00000
v 53.70000 -0.00000 6.00000
v 52.30000 -0.00000 6.00000
v 52.30000 1.87721 5.14774
v 53.70000 1.87721 5.14774
v 53.70000 1.72078 6.13543
v 52.30000 1.72078 6.13543
v 52.30000 3.70820 5.58732
v 53.70000 3.70820 5.58732
v 53.70000 3.39919 6.53838
v 52.30000 3.39919 6.53838
v 52.30000 5.44789 6.30792
v 53.70000 5.44789 6.30792
v 53.70000 4.99390 7.19893
v 52.30000 4.99390 7.19893
v 52.30000 7.05342 7.29180
v 53.70000 7.05342 7.29180
v 53.70000 6.46564 8.10081
v 52.30000 6.46564 8.10081
v 52.30000 8.48528 8.51472
v 53.70000 8.48528 8.51472
v 53.70000 7.77817 9.22183
v 52.30000 7.77817 9.22183
v 52.30000 9.70820 9.94658
v 53.70000 9.70820 9.94658
v 53.70000 8.89919 10.53436
v 52.30000 8.89919 10.53436
v 52.30000 10.69208 11.55211
v 53.70000 10.69208 11.55211
v 53.70000 9.80107 12.00610
v 52.30000 9.80107 12.00610
v 52.30000 11.41268 13.29180
v 53.70000 11.41268 13.29180
v 53.70000 10.46162 13.60081
v 52.30000 10.46162 13.60081
v 52.30000 11.85226 15.12279
v 53.70000 11.85226 15.12279
v 53.70000 10.86457 15.27922
v 52.30000 10.86457 15.27922
v 56.30000 12.00000 17.00000
v 56.30000 11.85226 18.87721
v 57.70000 11.85226 18.87721
v 57.70000 12.00000 17.00000
v 56.30000 11.00000 17.00000
v 57.70000 10.86457 18.72078
v 56.30000 10.86457 18.72078
v 57.70000 11.00000 17.00000
v 56.30000 11.41268 20.70820
v 57.70000 11.41268 20.70820
v 57.70000 10.46162 20.39919
v 56.30000 10.46162 20.39919
v 56.30000 10.69208 22.44789
v 57.70000 10.69208 22.44789
v 57.70000 9.80107 21.99390
v 56.30000 9.80107 21.99390
v 56.30000 9.70820 24.05342
v 57.70000 9.70820 24.05342
v 57.70000 8.89919 23.46564
v 56.30000 8.89919 23.46564
v 56.30000 8.48528 25.48528
v 57.70000 8.48528 25.48528
v 57.70000 7.77817 24.77817
v 56.30000 7.77817 24.77817
v 56.30000 7.05342 26.70820
v 57.70000 7.05342 26.70820
v 57.70000 6.46564 25.89919
v 56.30000 6.46564 25.89919
v 56.30000 5.44789 27.69208
v 57.70000 5.44789 27.69208
v 57.70000 4.99390 26.80107
v 56.30000 4.99390 26.80107
v 56.30000 3.70820 28.41268
v 57.70000 3.70820 28.41268
v 57.70000 3.39919 27.46162
v 56.30000 3.39919 27.46162
v 56.30000 1.87721 28.85226
v 57.70000 1.87721 28.85226
v 57.70000 1.72078 27.86457
v 56.30000 1.72078 27.86457
v 56.30000 0.00000 29.00000
v 57.70000 0.00000 29.00000
v 57.70000 0.00000 28.00000
v 56.30000 0.00000 28.00000
v 56.30000 -1.87721 28.85226
v 57.70000 -1.87721 28.85226
v 57.70000 -1.72078 27.86457
v 56.30000 -1.72078 27.86457
v 56.30000 -3.70820 28.41268
v 57.70000 -3.70820 28.41268
v 57.70000 -3.39919 27.46162
v 56.30000 -3.39919 27.46162
v 56.30000 -5.44789 27.69208
v 57.70000 -5.44789 27.69208
v 57.70000 -4.99390 26.80107
v 56.30000 -4.99390 26.80107
v 56.30000 -7.05342 26.70820
v 57.70000 -7.05342 26.70820
v 57.70000 -6.46564 25.89919
v 56.30000 -6.46564 25.89919
v 56.30000 -8.48528 25.48528
v 57.70000 -8.48528 25.48528
v 57.70000 -7.77817 24.77817
v 56.30000 -7.77817 24.77817
v 56.30000 -9.70820 24.05342
v 57.70000 -9.70820 24.05342
v 57.70000 -8.89919 23.46564
v 56.30000 -8.89919 23.46564
v 56.30000 -10.69208 22.44789
v 57.70000 -10.69208 22.44789
v 57.70000 -9.80107 21.99390
v 56.30000 -9.80107 21.99390
v 56.30000 -11.41268 20.70820
v 57.70000 -11.41268 20.70820
v 57.70000 -10.46162 20.39919
v 56.30000 -10.46162 20.39919
v 56.30000 -11.85226 18.87721
v 57.70000 -11.85226 18.87721
v 57.70000 -10.86457 18.72078
v 56.30000 -10.86457 18.72078
v 56.30000 -12.00000 17.00000
v 57.70000 -12.00000 17.00000
v 57.70000 -11.00000 17.00000
v 56.30000 -11.00000 17.00000
v 56.30000 -11.85226 15.12279
v 57.70000 -11.85226 15.12279
v 57.70000 -10.86457 15.27922
v 56.30000 -10.86457 15.27922
v 56.30000 -11.41268 13.29180
v 57.70000 -11.41268 13.29180
v 57.70000 -10.46162 13.60081
v 56.30000 -10.46162 13.60081
v 56.30000 -10.69208 11.55211
v 57.70000 -10.69208 11.55211
v 57.70000 -9.80107 12.00610
v 56.30000 -9.80107 12.00610
v 56.30000 -9.70820 9.94658
v 57.70000 -9.70820 9.94658
v 57.70000 -8.89919 10.53436
v 56.30000 -8.89919 10.53436
v 56.30000 -8.48528 8.51472
v 57.70000 -8.48528 8.51472
v 57.70000 -7.77817 9.22183
v 56.30000 -7.77817 9.22183
v 56.30000 -7.05342 7.29180
v 57.70000 -7.05342 7.29180
v 57.70000 -6.46564 8.10081
v 56.30000 -6.46564 8.10081
v 56.30000 -5.44789 6.30792
v 57.70000 -5.44789 6.30792
v 57.70000 -4.99390 7.19893
v 56.30000 -4.99390 7.19893
v 56.30000 -3.70820 5.58732
v 57.70000 -3.70820 5.58732
v 57.70000 -3.39919 6.53838
v 56.30000 -3.39919 6.53838
v 56.30000 -1.87721 5.14774
v 57.70000 -1.87721 5.14774
v 57.70000 -1.72078 6.13543
v 56.30000 -1.72078 6.13543
v 56.30000 -0.00000 5.00000
v 57.70000 -0.00000 5.00000
v 57.70000 -0.00000 6.00000
v 56.30000 -0.00000 6.00000
v 56.30000 1.87721 5.14774
v 57.70000 1.87721 5.14774
v 57.70000 1.72078 6.13543
v 56.30000 1.72078 6.13543
v 56.30000 3.70820 5.58732
v 57.70000 3.70820 5.58732
v 57.70000 3.39919 6.53838
v 56.30000 3.39919 6.53838
v 56.30000 5.44789 6.30792
v 57.70000 5.44789 6.30792
v 57.70000 4.99390 7.19893
v 56.30000 4.99390 7.19893
v 56.30000 7.05342 7.29180
v 57.70000 7.05342 7.29180
v 57.70000 6.46564 8.10081
v 56.30000 6.46564 8.10081
v 56.30000 8.48528 8.51472
v 57.70000 8.48528 8.51472
v 57.70000 7.77817 9.22183
v 56.30000 7.77817 9.22183
v 56.30000 9.70820 9.94658
v 57.70000 9.70820 9.94658
v 57.70000 8.89919 10.53436
v 56.30000 8.89919 10.53436
v 56.30000 10.69208 11.55211
v 57.70000 10.69208 11.55211
v 57.70000 9.80107 12.00610
v 56.30000 9.80107 12.00610
v 56.30000 11.41268 13.29180
v 57.70000 11.41268 13.29180
v 57.70000 10.46162 13.60081
v 56.30000 10.46162 13.60081
v 56.30000 11.85226 15.12279
v 57.70000 11.85226 15.12279
v 57.70000 10.86457 15.27922
v 56.30000 10.86457 15.27922
v 60.30000 12.00000 17.00000
v 60.30000 11.85226 18.87721
v 61.70000 11.85226 18.87721
v 61.70000 12.00000 17.00000
v 60.30000 11.00000 17.00000
v 61.70000 10.86457 18.72078
v 60.30000 10.86457 18.72078
v 61.70000 11.00000 17.00000
v 60.30000 11.41268 20.70820
v 61.70000 11.41268 20.70820
v 61.70000 10.46162 20.39919
v 60.30000 10.46162 20.39919
v 60.30000 10.69208 22.44789
v 61.70000 10.69208 22.44789
v 61.70000 9.80107 21.99390
v 60.30000 9.80107 21.99390
v 60.30000 9.70820 24.05342
v 61.70000 9.70820 24.05342
v 61.70000 8.89919 23.46564
v 60.30000 8.89919 23.46564
v 60.30000 8.48528 25.48528
v 61.70000 8.48528 25.48528
v 61.70000 7.77817 24.77817
v 60.30000 7.77817 24.77817
v 60.30000 7.05342 26.70820
v 61.70000 7.05342 26.70820
v 61.70000 6.46564 25.89919
v 60.30000 6.46564 25.89919
v 60.30000 5.44789 27.69208
v 61.70000 5.44789 27.69208
v 61.70000 4.99390 26.80107
v 60.30000 4.99390 26.80107
v 60.30000 3.70820 28.41268
v 61.70000 3.70820 28.41268
v 61.70000 3.39919 27.46162
v 60.30000 3.39919 27.46162
v 60.30000 1.87721 28.85226
v 61.70000 1.87721 28.85226
v 61.70000 1.72078 27.86457
v 60.30000 1.72078 27.86457
v 60.30000 0.00000 29.00000
v 61.70000 0.00000 29.00000
v 61.70000 0.00000 28.00000
v 60.30000 0.00000 28.00000
v 60.30000 -1.87721 28.85226
v 61.70000 -1.87721 28.85226
v 61.70000 -1.72078 27.86457
v 60.30000 -1.72078 27.86457
v 60.30000 -3.70820 28.41268
v 61.70000 -3.70820 28.41268
v 61.70000 -3.39919 27.46162
v 60.30000 -3.39919 27.46162
v 60.30000 -5.44789 27.69208
v 61.70000 -5.44789 27.69208
v 61.70000 -4.99390 26.80107
v 60.30000 -4.99390 26.80107
v 60.30000 -7.05342 26.70820
v 61.70000 -7.05342 26.70820
v 61.70000 -6.46564 25.89919
v 60.30000 -6.46564 25.89919
v 60.30000 -8.48528 25.48528
v 61.70000 -8.48528 25.48528
v 61.70000 -7.77817 24.77817
v 60.30000 -7.77817 24.77817
v 60.30000 -9.70820 24.05342
v 61.70000 -9.70820 24.05342
v 61.70000 -8.89919 23.46564
v 60.30000 -8.89919 23.46564
v 60.30000 -10.69208 22.44789
v 61.70000 -10.69208 22.44789
v 61.70000 -9.80107 21.99390
v 60.30000 -9.80107 21.99390
v 60.30000 -11.41268 20.70820
v 61.70000 -11.41268 20.70820
v 61.70000 -10.46162 20.39919
v 60.30000 -10.46162 20.39919
v 60.30000 -11.85226 18.87721
v 61.70000 -11.85226 18.87721
v 61.70000 -10.86457 18.72078
v 60.30000 -10.86457 18.72078
v 60.30000 -12.00000 17.00000
v 61.70000 -12.00000 17.00000
v 61.70000 -11.00000 17.00000
v 60.30000 -11.00000 17.00000
v 60.30000 -11.85226 15.12279
v 61.70000 -11.85226 15.12279
v 61.70000 -10.86457 15.27922
v 60.30000 -10.86457 15.27922
v 60.30000 -11.41268 13.29180
v 61.70000 -11.41268 13.29180
v 61.70000 -10.46162 13.60081
v 60.30000 -10.46162 13.60081
v 60.30000 -10.69208 11.55211
v 61.70000 -10.69208 11.55211
v 61.70000 -9.80107 12.00610
v 60.30000 -9.80107 12.00610
v 60.30000 -9.70820 9.94658
v 61.70000 -9.70820 9.94658
v 61.70000 -8.89919 10.53436
v 60.30000 -8.89919 10.53436
v 60.30000 -8.48528 8.51472
v 61.70000 -8.48528 8.51472
v 61.70000 -7.77817 9.22183
v 60.30000 -7.77817 9.22183
v 60.30000 -7.05342 7.29180
v 61.70000 -7.05342 7.29180
v 61.70000 -6.46564 8.10081
v 60.30000 -6.46564 8.10081
v 60.30000 -5.44789 6.30792
v 61.70000 -5.44789 6.30792
v 61.70000 -4.99390 7.19893
v 60.30000 -4.99390 7.19893
v 60.30000 -3.70820 5.58732
v 61.70000 -3.70820 5.58732
v 61.70000 -3.39919 6.53838
v 60.30000 -3.39919 6.53838
v 60.30000 -1.87721 5.14774
v 61.70000 -1.87721 5.14774
v 61.70000 -1.72078 6.13543
v 60.30000 -1.72078 6.13543
v 60.30000 -0.00000 5.00000
v 61.70000 -0.00000 5.00000
v 61.70000 -0.00000 6.00000
v 60.30000 -0.00000 6.00000
v 60.30000 1.87721 5.14774
v 61.70000 1.87721 5.14774
v 61.70000 1.72078 6.13543
v 60.30000 1.72078 6.13543
v 60.30000 3.70820 5.58732
v 61.70000 3.70820 5.58732
v 61.70000 3.39919 6.53838
v 60.30000 3.39919 6.53838
v 60.30000 5.44789 6.30792
v 61.70000 5.44789 6.30792
v 61.70000 4.99390 7.19893
v 60.30000 4.99390 7.19893
v 60.30000 7.05342 7.29180
v 61.70000 7.05342 7.29180
v 61.70000 6.46564 8.10081
v 60.30000 6.46564 8.10081
v 60.30000 8.48528 8.51472
v 61.70000 8.48528 8.51472
v 61.70000 7.77817 9.22183
v 60.30000 7.77817 9.22183
v 60.30000 9.70820 9.94658
v 61.70000 9.70820 9.94658
v 61.70000 8.89919 10.53436
v 60.30000 8.89919 10.53436
v 60.30000 10.69208 11.55211
v 61.70000 10.69208 11.55211
v 61.70000 9.80107 12.00610
v 60.30000 9.80107 12.00610
v 60.30000 11.41268 13.29180
v 61.70000 11.41268 13.29180
v 61.70000 10.46162 13.60081
v 60.30000 10.46162 13.60081
v 60.30000 11.85226 15.12279
v 61.70000 11.85226 15.12279
v 61.70000 10.86457 15.27922
v 60.30000 10.86457 15.27922
v 64.30000 12.00000 17.00000
v 64.30000 11.85226 18.87721
v 65.70000 11.85226 18.87721
v 65.70000 12.00000 17.00000
v 64.30000 11.00000 17.00000
v 65.70000 10.86457 18.72078
v 64.30000 10.86457 18.72078
v 65.70000 11.00000 17.00000
v 64.30000 11.41268 20.70820
v 65.70000 11.41268 20.70820
v 65.70000 10.46162 20.39919
v 64.30000 10.46162 20.39919
v 64.30000 10.69208 22.44789
v 65.70000 10.69208 22.44789
v 65.70000 9.80107 21.99390
v 64.30000 9.80107 21.99390
v 64.30000 9.70820 24.05342
v 65.70000 9.70820 24.05342
v 65.70000 8.89919 23.46564
v 64.30000 8.89919 23.46564
v 64.30000 8.48528 25.48528
v 65.70000 8.48528 25.48528
v 65.70000 7.77817 24.77817
v 64.30000 7.77817 24.77817
v 64.30000 7.05342 26.70820
v 65.70000 7.05342 26.70820
v 65.70000 6.46564 25.89919
v 64.30000 6.46564 25.89919
v 64.30000 5.44789 27.69208
v 65.70000 5.44789 27.69208
v 65.70000 4.99390 26.80107
v 64.30000 4.99390 26.80107
v 64.30000 3.70820 28.41268
v 65.70000 3.70820 28.41268
v 65.70000 3.39919 27.46162
v 64.30000 3.39919 27.46162
v 64.30000 1.87721 28.85226
v 65.70000 1.87721 28.85226
v 65.70000 1.72078 27.86457
v 64.30000 1.72078 27.86457
v 64.30000 0.00000 29.00000
v 65.70000 0.00000 29.00000
v 65.70000 0.00000 28.00000
v 64.30000 0.00000 28.00000
v 64.30000 -1.87721 28.85226
v 65.70000 -1.87721 28.85226
v 65.70000 -1.72078 27.86457
v 64.30000 -1.72078 27.86457
v 64.30000 -3.70820 28.41268
v 65.70000 -3.70820 28.41268
v 65.70000 -3.39919 27.46162
v 64.30000 -3.39919 27.46162
v 64.30000 -5.44789 27.69208
v 65.70000 -5.44789 27.69208
v 65.70000 -4.99390 26.80107
v 64.30000 -4.99390 26.80107
v 64.30000 -7.05342 26.70820
v 65.70000 -7.05342 26.70820
v 65.70000 -6.46564 25.89919
v 64.30000 -6.46564 25.89919
v 64.30000 -8.48528 25.48528
v 65.70000 -8.48528 25.48528
v 65.70000 -7.77817 24.77817
v 64.30000 -7.77817 24.77817
v 64.30000 -9.70820 24.05342
v 65.70000 -9.70820 24.05342
v 65.70000 -8.89919 23.46564
v 64.30000 -8.89919 23.46564
v 64.30000 -10.69208 22.44789
v 65.70000 -10.69208 22.44789
v 65.70000 -9.80107 21.99390
v 64.30000 -9.80107 21.99390
v 64.30000 -11.41268 20.70820
v 65.70000 -11.41268 20.70820
v 65.70000 -10.46162 20.39919
v 64.30000 -10.46162 20.39919
v 64.30000 -11.85226 18.87721
v 65.70000 -11.85226 18.87721
v 65.70000 -10.86457 18.72078
v 64.30000 -10.86457 18.72078
v 64.30000 -12.00000 17.00000
v 65.70000 -12.00000 17.00000
v 65.70000 -11.00000 17.00000
v 64.30000 -11.00000 17.00000
v 64.30000 -11.85226 15.12279
v 65.70000 -11.85226 15.12279
v 65.70000 -10.86457 15.27922
v 64.30000 -10.86457 15.27922
v 64.30000 -11.41268 13.29180
v 65.70000 -11.41268 13.29180
v 65.70000 -10.46162 13.60081
v 64.30000 -10.46162 13.60081
v 64.30000 -10.69208 11.55211
v 65.70000 -10.69208 11.55211
v 65.70000 -9.80107 12.00610
v 64.30000 -9.80107 12.00610
v 64.30000 -9.70820 9.94658
v 65.70000 -9.70820 9.94658
v 65.70000 -8.89919 10.53436
v 64.30000 -8.89919 10.53436
v 64.30000 -8.48528 8.51472
v 65.70000 -8.48528 8.51472
v 65.70000 -7.77817 9.22183
v 64.30000 -7.77817 9.22183
v 64.30000 -7.05342 7.29180
v 65.70000 -7.05342 7.29180
v 65.70000 -6.46564 8.10081
v 64.30000 -6.46564 8.10081
v 64.30000 -5.44789 6.30792
v 65.70000 -5.44789 6.30792
v 65.70000 -4.99390 7.19893
v 64.30000 -4.99390 7.19893
v 64.30000 -3.70820 5.58732
v 65.70000 -3.70820 5.58732
v 65.70000 -3.39919 6.53838
v 64.30000 -3.39919 6.53838
v 64.30000 -1.87721 5.14774
v 65.70000 -1.87721 5.14774
v 65.70000 -1.72078 6.13543
v 64.30000 -1.72078 6.13543
v 64.30000 -0.00000 5.00000
v 65.70000 -0.00000 5.00000
v 65.70000 -0.00000 6.00000
v 64.30000 -0.00000 6.00000
v 64.30000 1.87721 5.14774
v 65.70000 1.87721 5.14774
v 65.70000 1.72078 6.13543
v 64.30000 1.72078 6.13543
v 64.30000 3.70820 5.58732
v 65.70000 3.70820 5.58732
v 65.70000 3.39919 6.53838
v 64.30000 3.39919 6.53838
v 64.30000 5.44789 6.30792
v 65.70000 5.44789 6.30792
v 65.70000 4.99390 7.19893
v 64.30000 4.99390 7.19893
v 64.30000 7.05342 7.29180
v 65.70000 7.05342 7.29180
v 65.70000 6.46564 8.10081
v 64.30000 6.46564 8.10081
v 64.30000 8.48528 8.51472
v 65.70000 8.48528 8.51472
v 65.70000 7.77817 9.22183
v 64.30000 7.77817 9.22183
v 64.30000 9.70820 9.94658
v 65.70000 9.70820 9.94658
v 65.70000 8.89919 10.53436
v 64.30000 8.89919 10.53436
v 64.30000 10.69208 11.55211
v 65.70000 10.69208 11.55211
v 65.70000 9.80107 12.00610
v 64.30000 9.80107 12.00610
v 64.30000 11.41268 13.29180
v 65.70000 11.41268 13.29180
v 65.70000 10.46162 13.60081
v 64.30000 10.46162 13.60081
v 64.30000 11.85226 15.12279
v 65.70000 11.85226 15.12279
v 65.70000 10.86457 15.27922
v 64.30000 10.86457 15.27922
v 68.30000 12.00000 17.00000
v 68.30000 11.85226 18.87721
v 69.70000 11.85226 18.87721
v 69.70000 12.00000 17.00000
v 68.30000 11.00000 17.00000
v 69.70000 10.86457 18.72078
v 68.30000 10.86457 18.72078
v 69.70000 11.00000 17.00000
v 68.30000 11.41268 20.70820
v 69.70000 11.41268 20.70820
v 69.70000 10.46162 20.39919
v 68.30000 10.46162 20.39919
v 68.30000 10.69208 22.44789
v 69.70000 10.69208 22.44789
v 69.70000 9.80107 21.99390
v 68.30000 9.80107 21.99390
v 68.30000 9.70820 24.05342
v 69.70000 9.70820 24.05342
v 69.70000 8.89919 23.46564
v 68.30000 8.89919 23.46564
v 68.30000 8.48528 25.48528
v 69.70000 8.48528 25.48528
v 69.70000 7.77817 24.77817
v 68.30000 7.77817 24.77817
v 68.30000 7.05342 26.70820
v 69.70000 7.05342 26.70820
v 69.70000 6.46564 25.89919
v 68.30000 6.46564 25.89919
v 68.30000 5.44789 27.69208
v 69.70000 5.44789 27.69208
v 69.70000 4.99390 26.80107
v 68.30000 4.99390 26.80107
v 68.30000 3.70820 28.41268
v 69.70000 3.70820 28.41268
v 69.70000 3.39919 27.46162
v 68.30000 3.39919 27.46162
v 68.30000 1.87721 28.85226
v 69.70000 1.87721 28.85226
v 69.70000 1.72078 27.86457
v 68.30000 1.72078 27.86457
v 68.30000 0.00000 29.00000
v 69.70000 0.00000 29.00000
v 69.70000 0.00000 28.00000
v 68.30000 0.00000 28.00000
v 68.30000 -1.87721 28.85226
v 69.70000 -1.87721 28.85226
v 69.70000 -1.72078 27.86457
v 68.30000 -1.72078 27.86457
v 68.30000 -3.70820 28.41268
v 69.70000 -3.70820 28.41268
v 69.70000 -3.39919 27.46162
v 68.30000 -3.39919 27.46162
v 68.30000 -5.44789 27.69208
v 69.70000 -5.44789 27.69208
v 69.70000 -4.99390 26.80107
v 68.30000 -4.99390 26.80107
v 68.30000 -7.05342 26.70820
v 69.70000 -7.05342 26.70820
v 69.70000 -6.46564 25.89919
v 68.30000 -6.46564 25.89919
v 68.30000 -8.48528 25.48528
v 69.70000 -8.48528 25.48528
v 69.70000 -7.77817 24.77817
v 68.30000 -7.77817 24.77817
v 68.30000 -9.70820 24.05342
v 69.70000 -9.70820 24.05342
v 69.70000 -8.89919 23.46564
v 68.30000 -8.89919 23.46564
v 68.30000 -10.69208 22.44789
v 69.70000 -10.69208 22.44789
v 69.70000 -9.80107 21.99390
v 68.30000 -9.80107 21.99390
v 68.30000 -11.41268 20.70820
v 69.70000 -11.41268 20.70820
v 69.70000 -10.46162 20.39919
v 68.30000 -10.46162 20.39919
v 68.30000 -11.85226 18.87721
v 69.70000 -11.85226 18.87721
v 69.70000 -10.86457 18.72078
v 68.30000 -10.86457 18.72078
v 68.30000 -12.00000 17.00000
v 69.70000 -12.00000 17.00000
v 69.70000 -11.00000 17.00000
v 68.30000 -11.00000 17.00000
v 68.30000 -11.85226 15.12279
v 69.70000 -11.85226 15.12279
v 69.70000 -10.86457 15.27922
v 68.30000 -10.86457 15.27922
v 68.30000 -11.41268 13.29180
v 69.70000 -11.41268 13.29180
v 69.70000 -10.46162 13.60081
v 68.30000 -10.46162 13.60081
v 68.30000 -10.69208 11.55211
v 69.70000 -10.69208 11.55211
v 69.70000 -9.80107 12.00610
v 68.30000 -9.80107 12.00610
v 68.30000 -9.70820 9.94658
v 69.70000 -9.70820 9.94658
v 69.70000 -8.89919 10.53436
v 68.30000 -8.89919 10.53436
v 68.30000 -8.48528 8.51472
v 69.70000 -8.48528 8.51472
v 69.70000 -7.77817 9.22183
v 68.30000 -7.77817 9.22183
v 68.30000 -7.05342 7.29180
v 69.70000 -7.05342 7.29180
v 69.70000 -6.46564 8.10081
v 68.30000 -6.46564 8.10081
v 68.30000 -5.44789 6.30792
v 69.70000 -5.44789 6.30792
v 69.70000 -4.99390 7.19893
v 68.30000 -4.99390 7.19893
v 68.30000 -3.70820 5.58732
v 69.70000 -3.70820 5.58732
v 69.70000 -3.39919 6.53838
v 68.30000 -3.39919 6.53838
v 68.30000 -1.87721 5.14774
v 69.70000 -1.87721 5.14774
v 69.70000 -1.72078 6.13543
v 68.30000 -1.72078 6.13543
v 68.30000 -0.00000 5.00000
v 69.70000 -0.00000 5.00000
v 69.70000 -0.00000 6.00000
v 68.30000 -0.00000 6.00000
v 68.30000 1.87721 5.14774
v 69.70000 1.87721 5.14774
v 69.70000 1.72078 6.13543
v 68.30000 1.72078 6.13543
v 68.30000 3.70820 5.58732
v 69.70000 3.70820 5.58732
v 69.70000 3.39919 6.53838
v 68.30000 3.39919 6.53838
v 68.30000 5.44789 6.30792
v 69.70000 5.44789 6.30792
v 69.70000 4.99390 7.19893
v 68.30000 4.99390 7.19893
v 68.30000 7.05342 7.29180
v 69.70000 7.05342 7.29180
v 69.70000 6.46564 8.10081
v 68.30000 6.46564 8.10081
v 68.30000 8.48528 8.51472
v 69.70000 8.48528 8.51472
v 69.70000 7.77817 9.22183
v 68.30000 7.77817 9.22183
v 68.30000 9.70820 9.94658
v 69.70000 9.70820 9.94658
v 69.70000 8.89919 10.53436
v 68.30000 8.89919 10.53436
v 68.30000 10.69208 11.55211
v 69.70000 10.69208 11.55211
v 69.70000 9.80107 12.00610
v 68.30000 9.80107 12.00610
v 68.30000 11.41268 13.29180
v 69.70000 11.41268 13.29180
v 69.70000 10.46162 13.60081
v 68.30000 10.46162 13.60081
v 68.30000 11.85226 15.12279
v 69.70000 11.85226 15.12279
v 69.70000 10.86457 15.27922
v 68.30000 10.86457 15.27922
v 79.80000 0.00000 17.00000
v 79.90768 0.00000 16.32016
v 79.90768 -45.00000 16.32016
v 79.80000 -45.00000 17.00000
v 80.22016 0.00000 15.70687
v 80.22016 -45.00000 15.70687
v 80.70687 0.00000 15.22016
v 80.70687 -45.00000 15.22016
v 81.32016 0.00000 14.90768
v 81.32016 -45.00000 14.90768
v 82.00000 0.00000 14.80000
v 82.00000 -45.00000 14.80000
v 82.67984 0.00000 14.90768
v 82.67984 -45.00000 14.90768
v 83.29313 0.00000 15.22016
v 83.29313 -45.00000 15.22016
v 83.77984 0.00000 15.70687
v 83.77984 -45.00000 15.70687
v 84.09232 0.00000 16.32016
v 84.09232 -45.00000 16.32016
v 84.20000 0.00000 17.00000
v 84.20000 -45.00000 17.00000
v 84.09232 0.00000 17.67984
v 84.09232 -45.00000 17.67984
v 83.77984 0.00000 18.29313
v 83.77984 -45.00000 18.29313
v 83.29313 0.00000 18.77984
v 83.29313 -45.00000 18.77984
v 82.67984 0.00000 19.09232
v 82.67984 -45.00000 19.09232
v 82.00000 0.00000 19.20000
v 82.00000 -45.00000 19.20000
v 81.32016 0.00000 19.09232
v 81.32016 -45.00000 19.09232
v 80.70687 0.00000 18.77984
v 80.70687 -45.00000 18.77984
v 80.22016 0.00000 18.29313
v 80.22016 -45.00000 18.29313
v 79.90768 0.00000 17.67984
v 79.90768 -45.00000 17.67984
v 84.20000 0.00000 17.00000
v 84.09232 0.00000 16.32016
v 84.09232 45.00000 16.32016
v 84.20000 45.00000 17.00000
v 83.77984 0.00000 15.70687
v 83.77984 45.00000 15.70687
v 83.29313 0.00000 15.22016
v 83.29313 45.00000 15.22016
v 82.67984 0.00000 14.90768
v 82.67984 45.00000 14.90768
v 82.00000 45.00000 14.80000
v 81.32016 0.00000 14.90768
v 81.32016 45.00000 14.90768
v 80.70687 0.00000 15.22016
v 80.70687 45.00000 15.22016
v 80.22016 0.00000 15.70687
v 80.22016 45.00000 15.70687
v 79.90768 0.00000 16.32016
v 79.90768 45.00000 16.32016
v 79.80000 0.00000 17.00000
v 79.80000 45.00000 17.00000
v 79.90768 0.00000 17.67984
v 79.90768 45.00000 17.67984
v 80.22016 0.00000 18.29313
v 80.22016 45.00000 18.29313
v 80.70687 0.00000 18.77984
v 80.70687 45.00000 18.77984
v 81.32016 0.00000 19.09232
v 81.32016 45.00000 19.09232
v 82.00000 45.00000 19.20000
v 82.67984 0.00000 19.09232
v 82.67984 45.00000 19.09232
v 83.29313 0.00000 18.77984
v 83.29313 45.00000 18.77984
v 83.77984 0.00000 18.29313
v 83.77984 45.00000 18.29313
v 84.09232 0.00000 17.67984
v 84.09232 45.00000 17.67984
f 3138 3139 3140
f 3138 3140 3141
f 3142 3139 3138
f 3143 3141 3140
f 3139 3144 3145
f 3139 3145 3140
f 3142 3144 3139
f 3143 3140 3145
f 3144 3146 3147
f 3144 3147 3145
f 3142 3146 3144
f 3143 3145 3147
f 3146 3148 3149
f 3146 3149 3147
f 3142 3148 3146
f 3143 3147 3149
f 3148 3150 3151
f 3148 3151 3149
f 3142 3150 3148
f 3143 3149 3151
f 3150 3152 3153
f 3150 3153 3151
f 3142 3152 3150
f 3143 3151 3153
f 3152 3154 3155
f 3152 3155 3153
f 3142 3154 3152
f 3143 3153 3155
f 3154 3156 3157
f 3154 3157 3155
f 3142 3156 3154
f 3143 3155 3157
f 3156 3158 3159
f 3156 3159 3157
f 3142 3158 3156
f 3143 3157 3159
f 3158 3160 3161
f 3158 3161 3159
f 3142 3160 3158
f 3143 3159 3161
f 3160 3162 3163
f 3160 3163 3161
f 3142 3162 3160
f 3143 3161 3163
f 3162 3164 3165
f 3162 3165 3163
f 3142 3164 3162
f 3143 3163 3165
f 3164 3166 3167
f 3164 3167 3165
f 3142 3166 3164
f 3143 3165 3167
f 3166 3168 3169
f 3166 3169 3167
f 3142 3168 3166
f 3143 3167 3169
f 3168 3170 3171
f 3168 3171 3169
f 3142 3170 3168
f 3143 3169 3171
f 3170 3172 3173
f 3170 3173 3171
f 3142 3172 3170
f 3143 3171 3173
f 3172 3174 3175
f 3172 3175 3173
f 3142 3174 3172
f 3143 3173 3175
f 3174 3176 3177
f 3174 3177 3175
f 3142 3176 3174
f 3143 3175 3177
f 3176 3178 3179
f 3176 3179 3177
f 3142 3178 3176
f 3143 3177 3179
f 3178 3180 3181
f 3178 3181 3179
f 3142 3180 3178
f 3143 3179 3181
f 3180 3182 3183
f 3180 3183 3181
f 3142 3182 3180
f 3143 3181 3183
f 3182 3184 3185
f 3182 3185 3183
f 3142 3184 3182
f 3143 3183 3185
f 3184 3186 3187
f 3184 3187 3185
f 3142 3186 3184
f 3143 3185 3187
f 3186 3188 3189
f 3186 3189 3187
f 3142 3188 3186
f 3143 3187 3189
f 3188 3190 3191
f 3188 3191 3189
f 3142 3190 3188
f 3143 3189 3191
f 3190 3192 3193
f 3190 3193 3191
f 3142 3192 3190
f 3143 3191 3193
f 3192 3194 3195
f 3192 3195 3193
f 3142 3194 3192
f 3143 3193 3195
f 3194 3196 3197
f 3194 3197 3195
f 3142 3196 3194
f 3143 3195 3197
f 3196 3198 3199
f 3196 3199 3197
f 3142 3198 3196
f 3143 3197 3199
f 3198 3200 3201
f 3198 3201 3199
f 3142 3200 3198
f 3143 3199 3201
f 3200 3202 3203
f 3200 3203 3201
f 3142 3202 3200
f 3143 3201 3203
f 3202 3204 3205
f 3202 3205 3203
f 3142 3204 3202
f 3143 3203 3205
f 3204 3206 3207
f 3204 3207 3205
f 3142 3206 3204
f 3143 3205 3207
f 3206 3208 3209
f 3206 3209 3207
f 3142 3208 3206
f 3143 3207 3209
f 3208 3210 3211
f 3208 3211 3209
f 3142 3210 3208
f 3143 3209 3211
f 3210 3212 3213
f 3210 3213 3211
f 3142 3212 3210
f 3143 3211 3213
f 3212 3214 3215
f 3212 3215 3213
f 3142 3214 3212
f 3143 3213 3215
f 3214 3216 3217
f 3214 3217 3215
f 3142 3216 3214
f 3143 3215 3217
f 3216 3218 3219
f 3216 3219 3217
f 3142 3218 3216
f 3143 3217 3219
f 3218 3220 3221
f 3218 3221 3219
f 3142 3220 3218
f 3143 3219 3221
f 3220 3222 3223
f 3220 3223 3221
f 3142 3222 3220
f 3143 3221 3223
f 3222 3224 3225
f 3222 3225 3223
f 3142 3224 3222
f 3143 3223 3225
f 3224 3226 3227
f 3224 3227 3225
f 3142 3226 3224
f 3143 3225 3227
f 3226 3228 3229
f 3226 3229 3227
f 3142 3228 3226
f 3143 3227 3229
f 3228 3230 3231
f 3228 3231 3229
f 3142 3230 3228
f 3143 3229 3231
f 3230 3232 3233
f 3230 3233 3231
f 3142 3232 3230
f 3143 3231 3233
f 3232 3234 3235
f 3232 3235 3233
f 3142 3234 3232
f 3143 3233 3235
f 3234 3138 3141
f 3234 3141 3235
f 3142 3138 3234
f 3143 3235 3141
f 3236 3237 3238
f 3236 3238 3239
f 3240 3237 3236
f 3241 3239 3238
f 3237 3242 3243
f 3237 3243 3238
f 3240 3242 3237
f 3241 3238 3243
f 3242 3244 3245
f 3242 3245 3243
f 3240 3244 3242
f 3241 3243 3245
f 3244 3246 3247
f 3244 3247 3245
f 3240 3246 3244
f 3241 3245 3247
f 3246 3248 3249
f 3246 3249 3247
f 3240 3248 3246
f 3241 3247 3249
f 3248 3250 3251
f 3248 3251 3249
f 3240 3250 3248
f 3241 3249 3251
f 3250 3252 3253
f 3250 3253 3251
f 3240 3252 3250
f 3241 3251 3253
f 3252 3254 3255
f 3252 3255 3253
f 3240 3254 3252
f 3241 3253 3255
f 3254 3256 3257
f 3254 3257 3255
f 3240 3256 3254
f 3241 3255 3257
f 3256 3258 3259
f 3256 3259 3257
f 3240 3258 3256
f 3241 3257 3259
f 3258 3260 3261
f 3258 3261 3259
f 3240 3260 3258
f 3241 3259 3261
f 3260 3262 3263
f 3260 3263 3261
f 3240 3262 3260
f 3241 3261 3263
f 3262 3264 3265
f 3262 3265 3263
f 3240 3264 3262
f 3241 3263 3265
f 3264 3266 3267
f 3264 3267 3265
f 3240 3266 3264
f 3241 3265 3267
f 3266 3268 3269
f 3266 3269 3267
f 3240 3268 3266
f 3241 3267 3269
f 3268 3270 3271
f 3268 3271 3269
f 3240 3270 3268
f 3241 3269 3271
f 3270 3272 3273
f 3270 3273 3271
f 3240 3272 3270
f 3241 3271 3273
f 3272 3274 3275
f 3272 3275 3273
f 3240 3274 3272
f 3241 3273 3275
f 3274 3276 3277
f 3274 3277 3275
f 3240 3276 3274
f 3241 3275 3277
f 3276 3278 3279
f 3276 3279 3277
f 3240 3278 3276
f 3241 3277 3279
f 3278 3280 3281
f 3278 3281 3279
f 3240 3280 3278
f 3241 3279 3281
f 3280 3282 3283
f 3280 3283 3281
f 3240 3282 3280
f 3241 3281 3283
f 3282 3284 3285
f 3282 3285 3283
f 3240 3284 3282
f 3241 3283 3285
f 3284 3286 3287
f 3284 3287 3285
f 3240 3286 3284
f 3241 3285 3287
f 3286 3288 3289
f 3286 3289 3287
f 3240 3288 3286
f 3241 3287 3289
f 3288 3290 3291
f 3288 3291 3289
f 3240 3290 3288
f 3241 3289 3291
f 3290 3292 3293
f 3290 3293 3291
f 3240 3292 3290
f 3241 3291 3293
f 3292 3294 3295
f 3292 3295 3293
f 3240 3294 3292
f 3241 3293 3295
f 3294 3296 3297
f 3294 3297 3295
f 3240 3296 3294
f 3241 3295 3297
f 3296 3298 3299
f 3296 3299 3297
f 3240 3298 3296
f 3241 3297 3299
f 3298 3300 3301
f 3298 3301 3299
f 3240 3300 3298
f 3241 3299 3301
f 3300 3302 3303
f 3300 3303 3301
f 3240 3302 3300
f 3241 3301 3303
f 3302 3304 3305
f 3302 3305 3303
f 3240 3304 3302
f 3241 3303 3305
f 3304 3306 3307
f 3304 3307 3305
f 3240 3306 3304
f 3241 3305 3307
f 3306 3308 3309
f 3306 3309 3307
f 3240 3308 3306
f 3241 3307 3309
f 3308 3310 3311
f 3308 3311 3309
f 3240 3310 3308
f 3241 3309 3311
f 3310 3312 3313
f 3310 3313 3311
f 3240 3312 3310
f 3241 3311 3313
f 3312 3314 3315
f 3312 3315 3313
f 3240 3314 3312
f 3241 3313 3315
f 3314 3316 3317
f 3314 3317 3315
f 3240 3316 3314
f 3241 3315 3317
f 3316 3318 3319
f 3316 3319 3317
f 3240 3318 3316
f 3241 3317 3319
f 3318 3320 3321
f 3318 3321 3319
f 3240 3320 3318
f 3241 3319 3321
f 3320 3322 3323
f 3320 3323 3321
f 3240 3322 3320
f 3241 3321 3323
f 3322 3324 3325
f 3322 3325 3323
f 3240 3324 3322
f 3241 3323 3325
f 3324 3326 3327
f 3324 3327 3325
f 3240 3326 3324
f 3241 3325 3327
f 3326 3328 3329
f 3326 3329 3327
f 3240 3328 3326
f 3241 3327 3329
f 3328 3330 3331
f 3328 3331 3329
f 3240 3330 3328
f 3241 3329 3331
f 3330 3332 3333
f 3330 3333 3331
f 3240 3332 3330
f 3241 3331 3333
f 3332 3236 3239
f 3332 3239 3333
f 3240 3236 3332
f 3241 3333 3239
f 3334 3335 3336
f 3334 3336 3337
f 3241 3335 3334
f 3338 3337 3336
f 3335 3339 3340
f 3335 3340 3336
f 3241 3339 3335
f 3338 3336 3340
f 3339 3341 3342
f 3339 3342 3340
f 3241 3341 3339
f 3338 3340 3342
f 3341 3343 3344
f 3341 3344 3342
f 3241 3343 3341
f 3338 3342 3344
f 3343 3345 3346
f 3343 3346 3344
f 3241 3345 3343
f 3338 3344 3346
f 3345 3347 3348
f 3345 3348 3346
f 3241 3347 3345
f 3338 3346 3348
f 3347 3349 3350
f 3347 3350 3348
f 3241 3349 3347
f 3338 3348 3350
f 3349 3351 3352
f 3349 3352 3350
f 3241 3351 3349
f 3338 3350 3352
f 3351 3353 3354
f 3351 3354 3352
f 3241 3353 3351
f 3338 3352 3354
f 3353 3355 3356
f 3353 3356 3354
f 3241 3355 3353
f 3338 3354 3356
f 3355 3357 3358
f 3355 3358 3356
f 3241 3357 3355
f 3338 3356 3358
f 3357 3359 3360
f 3357 3360 3358
f 3241 3359 3357
f 3338 3358 3360
f 3359 3361 3362
f 3359 3362 3360
f 3241 3361 3359
f 3338 3360 3362
f 3361 3363 3364
f 3361 3364 3362
f 3241 3363 3361
f 3338 3362 3364
f 3363 3365 3366
f 3363 3366 3364
f 3241 3365 3363
f 3338 3364 3366
f 3365 3367 3368
f 3365 3368 3366
f 3241 3367 3365
f 3338 3366 3368
f 3367 3369 3370
f 3367 3370 3368
f 3241 3369 3367
f 3338 3368 3370
f 3369 3371 3372
f 3369 3372 3370
f 3241 3371 3369
f 3338 3370 3372
f 3371 3373 3374
f 3371 3374 3372
f 3241 3373 3371
f 3338 3372 3374
f 3373 3375 3376
f 3373 3376 3374
f 3241 3375 3373
f 3338 3374 3376
f 3375 3377 3378
f 3375 3378 3376
f 3241 3377 3375
f 3338 3376 3378
f 3377 3379 3380
f 3377 3380 3378
f 3241 3379 3377
f 3338 3378 3380
f 3379 3381 3382
f 3379 3382 3380
f 3241 3381 3379
f 3338 3380 3382
f 3381 3383 3384
f 3381 3384 3382
f 3241 3383 3381
f 3338 3382 3384
f 3383 3385 3386
f 3383 3386 3384
f 3241 3385 3383
f 3338 3384 3386
f 3385 3387 3388
f 3385 3388 3386
f 3241 3387 3385
f 3338 3386 3388
f 3387 3389 3390
f 3387 3390 3388
f 3241 3389 3387
f 3338 3388 3390
f 3389 3391 3392
f 3389 3392 3390
f 3241 3391 3389
f 3338 3390 3392
f 3391 3393 3394
f 3391 3394 3392
f 3241 3393 3391
f 3338 3392 3394
f 3393 3395 3396
f 3393 3396 3394
f 3241 3395 3393
f 3338 3394 3396
f 3395 3397 3398
f 3395 3398 3396
f 3241 3397 3395
f 3338 3396 3398
f 3397 3399 3400
f 3397 3400 3398
f 3241 3399 3397
f 3338 3398 3400
f 3399 3401 3402
f 3399 3402 3400
f 3241 3401 3399
f 3338 3400 3402
f 3401 3403 3404
f 3401 3404 3402
f 3241 3403 3401
f 3338 3402 3404
f 3403 3405 3406
f 3403 3406 3404
f 3241 3405 3403
f 3338 3404 3406
f 3405 3407 3408
f 3405 3408 3406
f 3241 3407 3405
f 3338 3406 3408
f 3407 3409 3410
f 3407 3410 3408
f 3241 3409 3407
f 3338 3408 3410
f 3409 3411 3412
f 3409 3412 3410
f 3241 3411 3409
f 3338 3410 3412
f 3411 3413 3414
f 3411 3414 3412
f 3241 3413 3411
f 3338 3412 3414
f 3413 3334 3337
f 3413 3337 3414
f 3241 3334 3413
f 3338 3414 3337
f 3415 3416 3417
f 3415 3417 3418
f 3419 3420 3421
f 3419 3422 3420
f 3415 3421 3416
f 3415 3419 3421
f 3418 3417 3420
f 3418 3420 3422
f 3416 3423 3424
f 3416 3424 3417
f 3421 3425 3426
f 3421 3420 3425
f 3416 3426 3423
f 3416 3421 3426
f 3417 3424 3425
f 3417 3425 3420
f 3423 3427 3428
f 3423 3428 3424
f 3426 3429 3430
f 3426 3425 3429
f 3423 3430 3427
f 3423 3426 3430
f 3424 3428 3429
f 3424 3429 3425
f 3427 3431 3432
f 3427 3432 3428
f 3430 3433 3434
f 3430 3429 3433
f 3427 3434 3431
f 3427 3430 3434
f 3428 3432 3433
f 3428 3433 3429
f 3431 3435 3436
f 3431 3436 3432
f 3434 3437 3438
f 3434 3433 3437
f 3431 3438 3435
f 3431 3434 3438
f 3432 3436 3437
f 3432 3437 3433
f 3435 3439 3440
f 3435 3440 3436
f 3438 3441 3442
f 3438 3437 3441
f 3435 3442 3439
f 3435 3438 3442
f 3436 3440 3441
f 3436 3441 3437
f 3439 3443 3444
f 3439 3444 3440
f 3442 3445 3446
f 3442 3441 3445
f 3439 3446 3443
f 3439 3442 3446
f 3440 3444 3445
f 3440 3445 3441
f 3443 3447 3448
f 3443 3448 3444
f 3446 3449 3450
f 3446 3445 3449
f 3443 3450 3447
f 3443 3446 3450
f 3444 3448 3449
f 3444 3449 3445
f 3447 3451 3452
f 3447 3452 3448
f 3450 3453 3454
f 3450 3449 3453
f 3447 3454 3451
f 3447 3450 3454
f 3448 3452 3453
f 3448 3453 3449
f 3451 3455 3456
f 3451 3456 3452
f 3454 3457 3458
f 3454 3453 3457
f 3451 3458 3455
f 3451 3454 3458
f 3452 3456 3457
f 3452 3457 3453
f 3455 3459 3460
f 3455 3460 3456
f 3458 3461 3462
f 3458 3457 3461
f 3455 3462 3459
f 3455 3458 3462
f 3456 3460 3461
f 3456 3461 3457
f 3459 3463 3464
f 3459 3464 3460
f 3462 3465 3466
f 3462 3461 3465
f 3459 3466 3463
f 3459 3462 3466
f 3460 3464 3465
f 3460 3465 3461
f 3463 3467 3468
f 3463 3468 3464
f 3466 3469 3470
f 3466 3465 3469
f 3463 3470 3467
f 3463 3466 3470
f 3464 3468 3469
f 3464 3469 3465
f 3467 3471 3472
f 3467 3472 3468
f 3470 3473 3474
f 3470 3469 3473
f 3467 3474 3471
f 3467 3470 3474
f 3468 3472 3473
f 3468 3473 3469
f 3471 3475 3476
f 3471 3476 3472
f 3474 3477 3478
f 3474 3473 3477
f 3471 3478 3475
f 3471 3474 3478
f 3472 3476 3477
f 3472 3477 3473
f 3475 3479 3480
f 3475 3480 3476
f 3478 3481 3482
f 3478 3477 3481
f 3475 3482 3479
f 3475 3478 3482
f 3476 3480 3481
f 3476 3481 3477
f 3479 3483 3484
f 3479 3484 3480
f 3482 3485 3486
f 3482 3481 3485
f 3479 3486 3483
f 3479 3482 3486
f 3480 3484 3485
f 3480 3485 3481
f 3483 3487 3488
f 3483 3488 3484
f 3486 3489 3490
f 3486 3485 3489
f 3483 3490 3487
f 3483 3486 3490
f 3484 3488 3489
f 3484 3489 3485
f 3487 3491 3492
f 3487 3492 3488
f 3490 3493 3494
f 3490 3489 3493
f 3487 3494 3491
f 3487 3490 3494
f 3488 3492 3493
f 3488 3493 3489
f 3491 3495 3496
f 3491 3496 3492
f 3494 3497 3498
f 3494 3493 3497
f 3491 3498 3495
f 3491 3494 3498
f 3492 3496 3497
f 3492 3497 3493
f 3495 3499 3500
f 3495 3500 3496
f 3498 3501 3502
f 3498 3497 3501
f 3495 3502 3499
f 3495 3498 3502
f 3496 3500 3501
f 3496 3501 3497
f 3499 3503 3504
f 3499 3504 3500
f 3502 3505 3506
f 3502 3501 3505
f 3499 3506 3503
f 3499 3502 3506
f 3500 3504 3505
f 3500 3505 3501
f 3503 3507 3508
f 3503 3508 3504
f 3506 3509 3510
f 3506 3505 3509
f 3503 3510 3507
f 3503 3506 3510
f 3504 3508 3509
f 3504 3509 3505
f 3507 3511 3512
f 3507 3512 3508
f 3510 3513 3514
f 3510 3509 3513
f 3507 3514 3511
f 3507 3510 3514
f 3508 3512 3513
f 3508 3513 3509
f 3511 3515 3516
f 3511 3516 3512
f 3514 3517 3518
f 3514 3513 3517
f 3511 3518 3515
f 3511 3514 3518
f 3512 3516 3517
f 3512 3517 3513
f 3515 3519 3520
f 3515 3520 3516
f 3518 3521 3522
f 3518 3517 3521
f 3515 3522 3519
f 3515 3518 3522
f 3516 3520 3521
f 3516 3521 3517
f 3519 3523 3524
f 3519 3524 3520
f 3522 3525 3526
f 3522 3521 3525
f 3519 3526 3523
f 3519 3522 3526
f 3520 3524 3525
f 3520 3525 3521
f 3523 3527 3528
f 3523 3528 3524
f 3526 3529 3530
f 3526 3525 3529
f 3523 3530 3527
f 3523 3526 3530
f 3524 3528 3529
f 3524 3529 3525
f 3527 3531 3532
f 3527 3532 3528
f 3530 3533 3534
f 3530 3529 3533
f 3527 3534 3531
f 3527 3530 3534
f 3528 3532 3533
f 3528 3533 3529
f 3531 3535 3536
f 3531 3536 3532
f 3534 3537 3538
f 3534 3533 3537
f 3531 3538 3535
f 3531 3534 3538
f 3532 3536 3537
f 3532 3537 3533
f 3535 3539 3540
f 3535 3540 3536
f 3538 3541 3542
f 3538 3537 3541
f 3535 3542 3539
f 3535 3538 3542
f 3536 3540 3541
f 3536 3541 3537
f 3539 3543 3544
f 3539 3544 3540
f 3542 3545 3546
f 3542 3541 3545
f 3539 3546 3543
f 3539 3542 3546
f 3540 3544 3545
f 3540 3545 3541
f 3543 3547 3548
f 3543 3548 3544
f 3546 3549 3550
f 3546 3545 3549
f 3543 3550 3547
f 3543 3546 3550
f 3544 3548 3549
f 3544 3549 3545
f 3547 3551 3552
f 3547 3552 3548
f 3550 3553 3554
f 3550 3549 3553
f 3547 3554 3551
f 3547 3550 3554
f 3548 3552 3553
f 3548 3553 3549
f 3551 3555 3556
f 3551 3556 3552
f 3554 3557 3558
f 3554 3553 3557
f 3551 3558 3555
f 3551 3554 3558
f 3552 3556 3557
f 3552 3557 3553
f 3555 3559 3560
f 3555 3560 3556
f 3558 3561 3562
f 3558 3557 3561
f 3555 3562 3559
f 3555 3558 3562
f 3556 3560 3561
f 3556 3561 3557
f 3559 3563 3564
f 3559 3564 3560
f 3562 3565 3566
f 3562 3561 3565
f 3559 3566 3563
f 3559 3562 3566
f 3560 3564 3565
f 3560 3565 3561
f 3563 3567 3568
f 3563 3568 3564
f 3566 3569 3570
f 3566 3565 3569
f 3563 3570 3567
f 3563 3566 3570
f 3564 3568 3569
f 3564 3569 3565
f 3567 3571 3572
f 3567 3572 3568
f 3570 3573 3574
f 3570 3569 3573
f 3567 3574 3571
f 3567 3570 3574
f 3568 3572 3573
f 3568 3573 3569
f 3571 3415 3418
f 3571 3418 3572
f 3574 3422 3419
f 3574 3573 3422
f 3571 3419 3415
f 3571 3574 3419
f 3572 3418 3422
f 3572 3422 3573
f 3575 3576 3577
f 3575 3577 3578
f 3579 3580 3581
f 3579 3582 3580
f 3575 3581 3576
f 3575 3579 3581
f 3578 3577 3580
f 3578 3580 3582
f 3576 3583 3584
f 3576 3584 3577
f 3581 3585 3586
f 3581 3580 3585
f 3576 3586 3583
f 3576 3581 3586
f 3577 3584 3585
f 3577 3585 3580
f 3583 3587 3588
f 3583 3588 3584
f 3586 3589 3590
f 3586 3585 3589
f 3583 3590 3587
f 3583 3586 3590
f 3584 3588 3589
f 3584 3589 3585
f 3587 3591 3592
f 3587 3592 3588
f 3590 3593 3594
f 3590 3589 3593
f 3587 3594 3591
f 3587 3590 3594
f 3588 3592 3593
f 3588 3593 3589
f 3591 3595 3596
f 3591 3596 3592
f 3594 3597 3598
f 3594 3593 3597
f 3591 3598 3595
f 3591 3594 3598
f 3592 3596 3597
f 3592 3597 3593
f 3595 3599 3600
f 3595 3600 3596
f 3598 3601 3602
f 3598 3597 3601
f 3595 3602 3599
f 3595 3598 3602
f 3596 3600 3601
f 3596 3601 3597
f 3599 3603 3604
f 3599 3604 3600
f 3602 3605 3606
f 3602 3601 3605
f 3599 3606 3603
f 3599 3602 3606
f 3600 3604 3605
f 3600 3605 3601
f 3603 3607 3608
f 3603 3608 3604
f 3606 3609 3610
f 3606 3605 3609
f 3603 3610 3607
f 3603 3606 3610
f 3604 3608 3609
f 3604 3609 3605
f 3607 3611 3612
f 3607 3612 3608
f 3610 3613 3614
f 3610 3609 3613
f 3607 3614 3611
f 3607 3610 3614
f 3608 3612 3613
f 3608 3613 3609
f 3611 3615 3616
f 3611 3616 3612
f 3614 3617 3618
f 3614 3613 3617
f 3611 3618 3615
f 3611 3614 3618
f 3612 3616 3617
f 3612 3617 3613
f 3615 3619 3620
f 3615 3620 3616
f 3618 3621 3622
f 3618 3617 3621
f 3615 3622 3619
f 3615 3618 3622
f 3616 3620 3621
f 3616 3621 3617
f 3619 3623 3624
f 3619 3624 3620
f 3622 3625 3626
f 3622 3621 3625
f 3619 3626 3623
f 3619 3622 3626
f 3620 3624 3625
f 3620 3625 3621
f 3623 3627 3628
f 3623 3628 3624
f 3626 3629 3630
f 3626 3625 3629
f 3623 3630 3627
f 3623 3626 3630
f 3624 3628 3629
f 3624 3629 3625
f 3627 3631 3632
f 3627 3632 3628
f 3630 3633 3634
f 3630 3629 3633
f 3627 3634 3631
f 3627 3630 3634
f 3628 3632 3633
f 3628 3633 3629
f 3631 3635 3636
f 3631 3636 3632
f 3634 3637 3638
f 3634 3633 3637
f 3631 3638 3635
f 3631 3634 3638
f 3632 3636 3637
f 3632 3637 3633
f 3635 3639 3640
f 3635 3640 3636
f 3638 3641 3642
f 3638 3637 3641
f 3635 3642 3639
f 3635 3638 3642
f 3636 3640 3641
f 3636 3641 3637
f 3639 3643 3644
f 3639 3644 3640
f 3642 3645 3646
f 3642 3641 3645
f 3639 3646 3643
f 3639 3642 3646
f 3640 3644 3645
f 3640 3645 3641
f 3643 3647 3648
f 3643 3648 3644
f 3646 3649 3650
f 3646 3645 3649
f 3643 3650 3647
f 3643 3646 3650
f 3644 3648 3649
f 3644 3649 3645
f 3647 3651 3652
f 3647 3652 3648
f 3650 3653 3654
f 3650 3649 3653
f 3647 3654 3651
f 3647 3650 3654
f 3648 3652 3653
f 3648 3653 3649
f 3651 3655 3656
f 3651 3656 3652
f 3654 3657 3658
f 3654 3653 3657
f 3651 3658 3655
f 3651 3654 3658
f 3652 3656 3657
f 3652 3657 3653
f 3655 3659 3660
f 3655 3660 3656
f 3658 3661 3662
f 3658 3657 3661
f 3655 3662 3659
f 3655 3658 3662
f 3656 3660 3661
f 3656 3661 3657
f 3659 3663 3664
f 3659 3664 3660
f 3662 3665 3666
f 3662 3661 3665
f 3659 3666 3663
f 3659 3662 3666
f 3660 3664 3665
f 3660 3665 3661
f 3663 3667 3668
f 3663 3668 3664
f 3666 3669 3670
f 3666 3665 3669
f 3663 3670 3667
f 3663 3666 3670
f 3664 3668 3669
f 3664 3669 3665
f 3667 3671 3672
f 3667 3672 3668
f 3670 3673 3674
f 3670 3669 3673
f 3667 3674 3671
f 3667 3670 3674
f 3668 3672 3673
f 3668 3673 3669
f 3671 3675 3676
f 3671 3676 3672
f 3674 3677 3678
f 3674 3673 3677
f 3671 3678 3675
f 3671 3674 3678
f 3672 3676 3677
f 3672 3677 3673
f 3675 3679 3680
f 3675 3680 3676
f 3678 3681 3682
f 3678 3677 3681
f 3675 3682 3679
f 3675 3678 3682
f 3676 3680 3681
f 3676 3681 3677
f 3679 3683 3684
f 3679 3684 3680
f 3682 3685 3686
f 3682 3681 3685
f 3679 3686 3683
f 3679 3682 3686
f 3680 3684 3685
f 3680 3685 3681
f 3683 3687 3688
f 3683 3688 3684
f 3686 3689 3690
f 3686 3685 3689
f 3683 3690 3687
f 3683 3686 3690
f 3684 3688 3689
f 3684 3689 3685
f 3687 3691 3692
f 3687 3692 3688
f 3690 3693 3694
f 3690 3689 3693
f 3687 3694 3691
f 3687 3690 3694
f 3688 3692 3693
f 3688 3693 3689
f 3691 3695 3696
f 3691 3696 3692
f 3694 3697 3698
f 3694 3693 3697
f 3691 3698 3695
f 3691 3694 3698
f 3692 3696 3697
f 3692 3697 3693
f 3695 3699 3700
f 3695 3700 3696
f 3698 3701 3702
f 3698 3697 3701
f 3695 3702 3699
f 3695 3698 3702
f 3696 3700 3701
f 3696 3701 3697
f 3699 3703 3704
f 3699 3704 3700
f 3702 3705 3706
f 3702 3701 3705
f 3699 3706 3703
f 3699 3702 3706
f 3700 3704 3705
f 3700 3705 3701
f 3703 3707 3708
f 3703 3708 3704
f 3706 3709 3710
f 3706 3705 3709
f 3703 3710 3707
f 3703 3706 3710
f 3704 3708 3709
f 3704 3709 3705
f 3707 3711 3712
f 3707 3712 3708
f 3710 3713 3714
f 3710 3709 3713
f 3707 3714 3711
f 3707 3710 3714
f 3708 3712 3713
f 3708 3713 3709
f 3711 3715 3716
f 3711 3716 3712
f 3714 3717 3718
f 3714 3713 3717
f 3711 3718 3715
f 3711 3714 3718
f 3712 3716 3717
f 3712 3717 3713
f 3715 3719 3720
f 3715 3720 3716
f 3718 3721 3722
f 3718 3717 3721
f 3715 3722 3719
f 3715 3718 3722
f 3716 3720 3721
f 3716 3721 3717
f 3719 3723 3724
f 3719 3724 3720
f 3722 3725 3726
f 3722 3721 3725
f 3719 3726 3723
f 3719 3722 3726
f 3720 3724 3725
f 3720 3725 3721
f 3723 3727 3728
f 3723 3728 3724
f 3726 3729 3730
f 3726 3725 3729
f 3723 3730 3727
f 3723 3726 3730
f 3724 3728 3729
f 3724 3729 3725
f 3727 3731 3732
f 3727 3732 3728
f 3730 3733 3734
f 3730 3729 3733
f 3727 3734 3731
f 3727 3730 3734
f 3728 3732 3733
f 3728 3733 3729
f 3731 3575 3578
f 3731 3578 3732
f 3734 3582 3579
f 3734 3733 3582
f 3731 3579 3575
f 3731 3734 3579
f 3732 3578 3582
f 3732 3582 3733
f 3735 3736 3737
f 3735 3737 3738
f 3739 3740 3741
f 3739 3742 3740
f 3735 3741 3736
f 3735 3739 3741
f 3738 3737 3740
f 3738 3740 3742
f 3736 3743 3744
f 3736 3744 3737
f 3741 3745 3746
f 3741 3740 3745
f 3736 3746 3743
f 3736 3741 3746
f 3737 3744 3745
f 3737 3745 3740
f 3743 3747 3748
f 3743 3748 3744
f 3746 3749 3750
f 3746 3745 3749
f 3743 3750 3747
f 3743 3746 3750
f 3744 3748 3749
f 3744 3749 3745
f 3747 3751 3752
f 3747 3752 3748
f 3750 3753 3754
f 3750 3749 3753
f 3747 3754 3751
f 3747 3750 3754
f 3748 3752 3753
f 3748 3753 3749
f 3751 3755 3756
f 3751 3756 3752
f 3754 3757 3758
f 3754 3753 3757
f 3751 3758 3755
f 3751 3754 3758
f 3752 3756 3757
f 3752 3757 3753
f 3755 3759 3760
f 3755 3760 3756
f 3758 3761 3762
f 3758 3757 3761
f 3755 3762 3759
f 3755 3758 3762
f 3756 3760 3761
f 3756 3761 3757
f 3759 3763 3764
f 3759 3764 3760
f 3762 3765 3766
f 3762 3761 3765
f 3759 3766 3763
f 3759 3762 3766
f 3760 3764 3765
f 3760 3765 3761
f 3763 3767 3768
f 3763 3768 3764
f 3766 3769 3770
f 3766 3765 3769
f 3763 3770 3767
f 3763 3766 3770
f 3764 3768 3769
f 3764 3769 3765
f 3767 3771 3772
f 3767 3772 3768
f 3770 3773 3774
f 3770 3769 3773
f 3767 3774 3771
f 3767 3770 3774
f 3768 3772 3773
f 3768 3773 3769
f 3771 3775 3776
f 3771 3776 3772
f 3774 3777 3778
f 3774 3773 3777
f 3771 3778 3775
f 3771 3774 3778
f 3772 3776 3777
f 3772 3777 3773
f 3775 3779 3780
f 3775 3780 3776
f 3778 3781 3782
f 3778 3777 3781
f 3775 3782 3779
f 3775 3778 3782
f 3776 3780 3781
f 3776 3781 3777
f 3779 3783 3784
f 3779 3784 3780
f 3782 3785 3786
f 3782 3781 3785
f 3779 3786 3783
f 3779 3782 3786
f 3780 3784 3785
f 3780 3785 3781
f 3783 3787 3788
f 3783 3788 3784
f 3786 3789 3790
f 3786 3785 3789
f 3783 3790 3787
f 3783 3786 3790
f 3784 3788 3789
f 3784 3789 3785
f 3787 3791 3792
f 3787 3792 3788
f 3790 3793 3794
f 3790 3789 3793
f 3787 3794 3791
f 3787 3790 3794
f 3788 3792 3793
f 3788 3793 3789
f 3791 3795 3796
f 3791 3796 3792
f 3794 3797 3798
f 3794 3793 3797
f 3791 3798 3795
f 3791 3794 3798
f 3792 3796 3797
f 3792 3797 3793
f 3795 3799 3800
f 3795 3800 3796
f 3798 3801 3802
f 3798 3797 3801
f 3795 3802 3799
f 3795 3798 3802
f 3796 3800 3801
f 3796 3801 3797
f 3799 3803 3804
f 3799 3804 3800
f 3802 3805 3806
f 3802 3801 3805
f 3799 3806 3803
f 3799 3802 3806
f 3800 3804 3805
f 3800 3805 3801
f 3803 3807 3808
f 3803 3808 3804
f 3806 3809 3810
f 3806 3805 3809
f 3803 3810 3807
f 3803 3806 3810
f 3804 3808 3809
f 3804 3809 3805
f 3807 3811 3812
f 3807 3812 3808
f 3810 3813 3814
f 3810 3809 3813
f 3807 3814 3811
f 3807 3810 3814
f 3808 3812 3813
f 3808 3813 3809
f 3811 3815 3816
f 3811 3816 3812
f 3814 3817 3818
f 3814 3813 3817
f 3811 3818 3815
f 3811 3814 3818
f 3812 3816 3817
f 3812 3817 3813
f 3815 3819 3820
f 3815 3820 3816
f 3818 3821 3822
f 3818 3817 3821
f 3815 3822 3819
f 3815 3818 3822
f 3816 3820 3821
f 3816 3821 3817
f 3819 3823 3824
f 3819 3824 3820
f 3822 3825 3826
f 3822 3821 3825
f 3819 3826 3823
f 3819 3822 3826
f 3820 3824 3825
f 3820 3825 3821
f 3823 3827 3828
f 3823 3828 3824
f 3826 3829 3830
f 3826 3825 3829
f 3823 3830 3827
f 3823 3826 3830
f 3824 3828 3829
f 3824 3829 3825
f 3827 3831 3832
f 3827 3832 3828
f 3830 3833 3834
f 3830 3829 3833
f 3827 3834 3831
f 3827 3830 3834
f 3828 3832 3833
f 3828 3833 3829
f 3831 3835 3836
f 3831 3836 3832
f 3834 3837 3838
f 3834 3833 3837
f 3831 3838 3835
f 3831 3834 3838
f 3832 3836 3837
f 3832 3837 3833
f 3835 3839 3840
f 3835 3840 3836
f 3838 3841 3842
f 3838 3837 3841
f 3835 3842 3839
f 3835 3838 3842
f 3836 3840 3841
f 3836 3841 3837
f 3839 3843 3844
f 3839 3844 3840
f 3842 3845 3846
f 3842 3841 3845
f 3839 3846 3843
f 3839 3842 3846
f 3840 3844 3845
f 3840 3845 3841
f 3843 3847 3848
f 3843 3848 3844
f 3846 3849 3850
f 3846 3845 3849
f 3843 3850 3847
f 3843 3846 3850
f 3844 3848 3849
f 3844 3849 3845
f 3847 3851 3852
f 3847 3852 3848
f 3850 3853 3854
f 3850 3849 3853
f 3847 3854 3851
f 3847 3850 3854
f 3848 3852 3853
f 3848 3853 3849
f 3851 3855 3856
f 3851 3856 3852
f 3854 3857 3858
f 3854 3853 3857
f 3851 3858 3855
f 3851 3854 3858
f 3852 3856 3857
f 3852 3857 3853
f 3855 3859 3860
f 3855 3860 3856
f 3858 3861 3862
f 3858 3857 3861
f 3855 3862 3859
f 3855 3858 3862
f 3856 3860 3861
f 3856 3861 3857
f 3859 3863 3864
f 3859 3864 3860
f 3862 3865 3866
f 3862 3861 3865
f 3859 3866 3863
f 3859 3862 3866
f 3860 3864 3865
f 3860 3865 3861
f 3863 3867 3868
f 3863 3868 3864
f 3866 3869 3870
f 3866 3865 3869
f 3863 3870 3867
f 3863 3866 3870
f 3864 3868 3869
f 3864 3869 3865
f 3867 3871 3872
f 3867 3872 3868
f 3870 3873 3874
f 3870 3869 3873
f 3867 3874 3871
f 3867 3870 3874
f 3868 3872 3873
f 3868 3873 3869
f 3871 3875 3876
f 3871 3876 3872
f 3874 3877 3878
f 3874 3873 3877
f 3871 3878 3875
f 3871 3874 3878
f 3872 3876 3877
f 3872 3877 3873
f 3875 3879 3880
f 3875 3880 3876
f 3878 3881 3882
f 3878 3877 3881
f 3875 3882 3879
f 3875 3878 3882
f 3876 3880 3881
f 3876 3881 3877
f 3879 3883 3884
f 3879 3884 3880
f 3882 3885 3886
f 3882 3881 3885
f 3879 3886 3883
f 3879 3882 3886
f 3880 3884 3885
f 3880 3885 3881
f 3883 3887 3888
f 3883 3888 3884
f 3886 3889 3890
f 3886 3885 3889
f 3883 3890 3887
f 3883 3886 3890
f 3884 3888 3889
f 3884 3889 3885
f 3887 3891 3892
f 3887 3892 3888
f 3890 3893 3894
f 3890 3889 3893
f 3887 3894 3891
f 3887 3890 3894
f 3888 3892 3893
f 3888 3893 3889
f 3891 3735 3738
f 3891 3738 3892
f 3894 3742 3739
f 3894 3893 3742
f 3891 3739 3735
f 3891 3894 3739
f 3892 3738 3742
f 3892 3742 3893
f 3895 3896 3897
f 3895 3897 3898
f 3899 3900 3901
f 3899 3902 3900
f 3895 3901 3896
f 3895 3899 3901
f 3898 3897 3900
f 3898 3900 3902
f 3896 3903 3904
f 3896 3904 3897
f 3901 3905 3906
f 3901 3900 3905
f 3896 3906 3903
f 3896 3901 3906
f 3897 3904 3905
f 3897 3905 3900
f 3903 3907 3908
f 3903 3908 3904
f 3906 3909 3910
f 3906 3905 3909
f 3903 3910 3907
f 3903 3906 3910
f 3904 3908 3909
f 3904 3909 3905
f 3907 3911 3912
f 3907 3912 3908
f 3910 3913 3914
f 3910 3909 3913
f 3907 3914 3911
f 3907 3910 3914
f 3908 3912 3913
f 3908 3913 3909
f 3911 3915 3916
f 3911 3916 3912
f 3914 3917 3918
f 3914 3913 3917
f 3911 3918 3915
f 3911 3914 3918
f 3912 3916 3917
f 3912 3917 3913
f 3915 3919 3920
f 3915 3920 3916
f 3918 3921 3922
f 3918 3917 3921
f 3915 3922 3919
f 3915 3918 3922
f 3916 3920 3921
f 3916 3921 3917
f 3919 3923 3924
f 3919 3924 3920
f 3922 3925 3926
f 3922 3921 3925
f 3919 3926 3923
f 3919 3922 3926
f 3920 3924 3925
f 3920 3925 3921
f 3923 3927 3928
f 3923 3928 3924
f 3926 3929 3930
f 3926 3925 3929
f 3923 3930 3927
f 3923 3926 3930
f 3924 3928 3929
f 3924 3929 3925
f 3927 3931 3932
f 3927 3932 3928
f 3930 3933 3934
f 3930 3929 3933
f 3927 3934 3931
f 3927 3930 3934
f 3928 3932 3933
f 3928 3933 3929
f 3931 3935 3936
f 3931 3936 3932
f 3934 3937 3938
f 3934 3933 3937
f 3931 3938 3935
f 3931 3934 3938
f 3932 3936 3937
f 3932 3937 3933
f 3935 3939 3940
f 3935 3940 3936
f 3938 3941 3942
f 3938 3937 3941
f 3935 3942 3939
f 3935 3938 3942
f 3936 3940 3941
f 3936 3941 3937
f 3939 3943 3944
f 3939 3944 3940
f 3942 3945 3946
f 3942 3941 3945
f 3939 3946 3943
f 3939 3942 3946
f 3940 3944 3945
f 3940 3945 3941
f 3943 3947 3948
f 3943 3948 3944
f 3946 3949 3950
f 3946 3945 3949
f 3943 3950 3947
f 3943 3946 3950
f 3944 3948 3949
f 3944 3949 3945
f 3947 3951 3952
f 3947 3952 3948
f 3950 3953 3954
f 3950 3949 3953
f 3947 3954 3951
f 3947 3950 3954
f 3948 3952 3953
f 3948 3953 3949
f 3951 3955 3956
f 3951 3956 3952
f 3954 3957 3958
f 3954 3953 3957
f 3951 3958 3955
f 3951 3954 3958
f 3952 3956 3957
f 3952 3957 3953
f 3955 3959 3960
f 3955 3960 3956
f 3958 3961 3962
f 3958 3957 3961
f 3955 3962 3959
f 3955 3958 3962
f 3956 3960 3961
f 3956 3961 3957
f 3959 3963 3964
f 3959 3964 3960
f 3962 3965 3966
f 3962 3961 3965
f 3959 3966 3963
f 3959 3962 3966
f 3960 3964 3965
f 3960 3965 3961
f 3963 3967 3968
f 3963 3968 3964
f 3966 3969 3970
f 3966 3965 3969
f 3963 3970 3967
f 3963 3966 3970
f 3964 3968 3969
f 3964 3969 3965
f 3967 3971 3972
f 3967 3972 3968
f 3970 3973 3974
f 3970 3969 3973
f 3967 3974 3971
f 3967 3970 3974
f 3968 3972 3973
f 3968 3973 3969
f 3971 3975 3976
f 3971 3976 3972
f 3974 3977 3978
f 3974 3973 3977
f 3971 3978 3975
f 3971 3974 3978
f 3972 3976 3977
f 3972 3977 3973
f 3975 3979 3980
f 3975 3980 3976
f 3978 3981 3982
f 3978 3977 3981
f 3975 3982 3979
f 3975 3978 3982
f 3976 3980 3981
f 3976 3981 3977
f 3979 3983 3984
f 3979 3984 3980
f 3982 3985 3986
f 3982 3981 3985
f 3979 3986 3983
f 3979 3982 3986
f 3980 3984 3985
f 3980 3985 3981
f 3983 3987 3988
f 3983 3988 3984
f 3986 3989 3990
f 3986 3985 3989
f 3983 3990 3987
f 3983 3986 3990
f 3984 3988 3989
f 3984 3989 3985
f 3987 3991 3992
f 3987 3992 3988
f 3990 3993 3994
f 3990 3989 3993
f 3987 3994 3991
f 3987 3990 3994
f 3988 3992 3993
f 3988 3993 3989
f 3991 3995 3996
f 3991 3996 3992
f 3994 3997 3998
f 3994 3993 3997
f 3991 3998 3995
f 3991 3994 3998
f 3992 3996 3997
f 3992 3997 3993
f 3995 3999 4000
f 3995 4000 3996
f 3998 4001 4002
f 3998 3997 4001
f 3995 4002 3999
f 3995 3998 4002
f 3996 4000 4001
f 3996 4001 3997
f 3999 4003 4004
f 3999 4004 4000
f 4002 4005 4006
f 4002 4001 4005
f 3999 4006 4003
f 3999 4002 4006
f 4000 4004 4005
f 4000 4005 4001
f 4003 4007 4008
f 4003 4008 4004
f 4006 4009 4010
f 4006 4005 4009
f 4003 4010 4007
f 4003 4006 4010
f 4004 4008 4009
f 4004 4009 4005
f 4007 4011 4012
f 4007 4012 4008
f 4010 4013 4014
f 4010 4009 4013
f 4007 4014 4011
f 4007 4010 4014
f 4008 4012 4013
f 4008 4013 4009
f 4011 4015 4016
f 4011 4016 4012
f 4014 4017 4018
f 4014 4013 4017
f 4011 4018 4015
f 4011 4014 4018
f 4012 4016 4017
f 4012 4017 4013
f 4015 4019 4020
f 4015 4020 4016
f 4018 4021 4022
f 4018 4017 4021
f 4015 4022 4019
f 4015 4018 4022
f 4016 4020 4021
f 4016 4021 4017
f 4019 4023 4024
f 4019 4024 4020
f 4022 4025 4026
f 4022 4021 4025
f 4019 4026 4023
f 4019 4022 4026
f 4020 4024 4025
f 4020 4025 4021
f 4023 4027 4028
f 4023 4028 4024
f 4026 4029 4030
f 4026 4025 4029
f 4023 4030 4027
f 4023 4026 4030
f 4024 4028 4029
f 4024 4029 4025
f 4027 4031 4032
f 4027 4032 4028
f 4030 4033 4034
f 4030 4029 4033
f 4027 4034 4031
f 4027 4030 4034
f 4028 4032 4033
f 4028 4033 4029
f 4031 4035 4036
f 4031 4036 4032
f 4034 4037 4038
f 4034 4033 4037
f 4031 4038 4035
f 4031 4034 4038
f 4032 4036 4037
f 4032 4037 4033
f 4035 4039 4040
f 4035 4040 4036
f 4038 4041 4042
f 4038 4037 4041
f 4035 4042 4039
f 4035 4038 4042
f 4036 4040 4041
f 4036 4041 4037
f 4039 4043 4044
f 4039 4044 4040
f 4042 4045 4046
f 4042 4041 4045
f 4039 4046 4043
f 4039 4042 4046
f 4040 4044 4045
f 4040 4045 4041
f 4043 4047 4048
f 4043 4048 4044
f 4046 4049 4050
f 4046 4045 4049
f 4043 4050 4047
f 4043 4046 4050
f 4044 4048 4049
f 4044 4049 4045
f 4047 4051 4052
f 4047 4052 4048
f 4050 4053 4054
f 4050 4049 4053
f 4047 4054 4051
f 4047 4050 4054
f 4048 4052 4053
f 4048 4053 4049
f 4051 3895 3898
f 4051 3898 4052
f 4054 3902 3899
f 4054 4053 3902
f 4051 3899 3895
f 4051 4054 3899
f 4052 3898 3902
f 4052 3902 4053
f 4055 4056 4057
f 4055 4057 4058
f 4059 4060 4061
f 4059 4062 4060
f 4055 4061 4056
f 4055 4059 4061
f 4058 4057 4060
f 4058 4060 4062
f 4056 4063 4064
f 4056 4064 4057
f 4061 4065 4066
f 4061 4060 4065
f 4056 4066 4063
f 4056 4061 4066
f 4057 4064 4065
f 4057 4065 4060
f 4063 4067 4068
f 4063 4068 4064
f 4066 4069 4070
f 4066 4065 4069
f 4063 4070 4067
f 4063 4066 4070
f 4064 4068 4069
f 4064 4069 4065
f 4067 4071 4072
f 4067 4072 4068
f 4070 4073 4074
f 4070 4069 4073
f 4067 4074 4071
f 4067 4070 4074
f 4068 4072 4073
f 4068 4073 4069
f 4071 4075 4076
f 4071 4076 4072
f 4074 4077 4078
f 4074 4073 4077
f 4071 4078 4075
f 4071 4074 4078
f 4072 4076 4077
f 4072 4077 4073
f 4075 4079 4080
f 4075 4080 4076
f 4078 4081 4082
f 4078 4077 4081
f 4075 4082 4079
f 4075 4078 4082
f 4076 4080 4081
f 4076 4081 4077
f 4079 4083 4084
f 4079 4084 4080
f 4082 4085 4086
f 4082 4081 4085
f 4079 4086 4083
f 4079 4082 4086
f 4080 4084 4085
f 4080 4085 4081
f 4083 4087 4088
f 4083 4088 4084
f 4086 4089 4090
f 4086 4085 4089
f 4083 4090 4087
f 4083 4086 4090
f 4084 4088 4089
f 4084 4089 4085
f 4087 4091 4092
f 4087 4092 4088
f 4090 4093 4094
f 4090 4089 4093
f 4087 4094 4091
f 4087 4090 4094
f 4088 4092 4093
f 4088 4093 4089
f 4091 4095 4096
f 4091 4096 4092
f 4094 4097 4098
f 4094 4093 4097
f 4091 4098 4095
f 4091 4094 4098
f 4092 4096 4097
f 4092 4097 4093
f 4095 4099 4100
f 4095 4100 4096
f 4098 4101 4102
f 4098 4097 4101
f 4095 4102 4099
f 4095 4098 4102
f 4096 4100 4101
f 4096 4101 4097
f 4099 4103 4104
f 4099 4104 4100
f 4102 4105 4106
f 4102 4101 4105
f 4099 4106 4103
f 4099 4102 4106
f 4100 4104 4105
f 4100 4105 4101
f 4103 4107 4108
f 4103 4108 4104
f 4106 4109 4110
f 4106 4105 4109
f 4103 4110 4107
f 4103 4106 4110
f 4104 4108 4109
f 4104 4109 4105
f 4107 4111 4112
f 4107 4112 4108
f 4110 4113 4114
f 4110 4109 4113
f 4107 4114 4111
f 4107 4110 4114
f 4108 4112 4113
f 4108 4113 4109
f 4111 4115 4116
f 4111 4116 4112
f 4114 4117 4118
f 4114 4113 4117
f 4111 4118 4115
f 4111 4114 4118
f 4112 4116 4117
f 4112 4117 4113
f 4115 4119 4120
f 4115 4120 4116
f 4118 4121 4122
f 4118 4117 4121
f 4115 4122 4119
f 4115 4118 4122
f 4116 4120 4121
f 4116 4121 4117
f 4119 4123 4124
f 4119 4124 4120
f 4122 4125 4126
f 4122 4121 4125
f 4119 4126 4123
f 4119 4122 4126
f 4120 4124 4125
f 4120 4125 4121
f 4123 4127 4128
f 4123 4128 4124
f 4126 4129 4130
f 4126 4125 4129
f 4123 4130 4127
f 4123 4126 4130
f 4124 4128 4129
f 4124 4129 4125
f 4127 4131 4132
f 4127 4132 4128
f 4130 4133 4134
f 4130 4129 4133
f 4127 4134 4131
f 4127 4130 4134
f 4128 4132 4133
f 4128 4133 4129
f 4131 4135 4136
f 4131 4136 4132
f 4134 4137 4138
f 4134 4133 4137
f 4131 4138 4135
f 4131 4134 4138
f 4132 4136 4137
f 4132 4137 4133
f 4135 4139 4140
f 4135 4140 4136
f 4138 4141 4142
f 4138 4137 4141
f 4135 4142 4139
f 4135 4138 4142
f 4136 4140 4141
f 4136 4141 4137
f 4139 4143 4144
f 4139 4144 4140
f 4142 4145 4146
f 4142 4141 4145
f 4139 4146 4143
f 4139 4142 4146
f 4140 4144 4145
f 4140 4145 4141
f 4143 4147 4148
f 4143 4148 4144
f 4146 4149 4150
f 4146 4145 4149
f 4143 4150 4147
f 4143 4146 4150
f 4144 4148 4149
f 4144 4149 4145
f 4147 4151 4152
f 4147 4152 4148
f 4150 4153 4154
f 4150 4149 4153
f 4147 4154 4151
f 4147 4150 4154
f 4148 4152 4153
f 4148 4153 4149
f 4151 4155 4156
f 4151 4156 4152
f 4154 4157 4158
f 4154 4153 4157
f 4151 4158 4155
f 4151 4154 4158
f 4152 4156 4157
f 4152 4157 4153
f 4155 4159 4160
f 4155 4160 4156
f 4158 4161 4162
f 4158 4157 4161
f 4155 4162 4159
f 4155 4158 4162
f 4156 4160 4161
f 4156 4161 4157
f 4159 4163 4164
f 4159 4164 4160
f 4162 4165 4166
f 4162 4161 4165
f 4159 4166 4163
f 4159 4162 4166
f 4160 4164 4165
f 4160 4165 4161
f 4163 4167 4168
f 4163 4168 4164
f 4166 4169 4170
f 4166 4165 4169
f 4163 4170 4167
f 4163 4166 4170
f 4164 4168 4169
f 4164 4169 4165
f 4167 4171 4172
f 4167 4172 4168
f 4170 4173 4174
f 4170 4169 4173
f 4167 4174 4171
f 4167 4170 4174
f 4168 4172 4173
f 4168 4173 4169
f 4171 4175 4176
f 4171 4176 4172
f 4174 4177 4178
f 4174 4173 4177
f 4171 4178 4175
f 4171 4174 4178
f 4172 4176 4177
f 4172 4177 4173
f 4175 4179 4180
f 4175 4180 4176
f 4178 4181 4182
f 4178 4177 4181
f 4175 4182 4179
f 4175 4178 4182
f 4176 4180 4181
f 4176 4181 4177
f 4179 4183 4184
f 4179 4184 4180
f 4182 4185 4186
f 4182 4181 4185
f 4179 4186 4183
f 4179 4182 4186
f 4180 4184 4185
f 4180 4185 4181
f 4183 4187 4188
f 4183 4188 4184
f 4186 4189 4190
f 4186 4185 4189
f 4183 4190 4187
f 4183 4186 4190
f 4184 4188 4189
f 4184 4189 4185
f 4187 4191 4192
f 4187 4192 4188
f 4190 4193 4194
f 4190 4189 4193
f 4187 4194 4191
f 4187 4190 4194
f 4188 4192 4193
f 4188 4193 4189
f 4191 4195 4196
f 4191 4196 4192
f 4194 4197 4198
f 4194 4193 4197
f 4191 4198 4195
f 4191 4194 4198
f 4192 4196 4197
f 4192 4197 4193
f 4195 4199 4200
f 4195 4200 4196
f 4198 4201 4202
f 4198 4197 4201
f 4195 4202 4199
f 4195 4198 4202
f 4196 4200 4201
f 4196 4201 4197
f 4199 4203 4204
f 4199 4204 4200
f 4202 4205 4206
f 4202 4201 4205
f 4199 4206 4203
f 4199 4202 4206
f 4200 4204 4205
f 4200 4205 4201
f 4203 4207 4208
f 4203 4208 4204
f 4206 4209 4210
f 4206 4205 4209
f 4203 4210 4207
f 4203 4206 4210
f 4204 4208 4209
f 4204 4209 4205
f 4207 4211 4212
f 4207 4212 4208
f 4210 4213 4214
f 4210 4209 4213
f 4207 4214 4211
f 4207 4210 4214
f 4208 4212 4213
f 4208 4213 4209
f 4211 4055 4058
f 4211 4058 4212
f 4214 4062 4059
f 4214 4213 4062
f 4211 4059 4055
f 4211 4214 4059
f 4212 4058 4062
f 4212 4062 4213
f 4215 4216 4217
f 4215 4217 4218
f 4216 4219 4220
f 4216 4220 4217
f 4219 4221 4222
f 4219 4222 4220
f 4221 4223 4224
f 4221 4224 4222
f 4223 4225 4226
f 4223 4226 4224
f 4225 4227 4228
f 4225 4228 4226
f 4227 4229 4230
f 4227 4230 4228
f 4229 4231 4232
f 4229 4232 4230
f 4231 4233 4234
f 4231 4234 4232
f 4233 4235 4236
f 4233 4236 4234
f 4235 4237 4238
f 4235 4238 4236
f 4237 4239 4240
f 4237 4240 4238
f 4239 4241 4242
f 4239 4242 4240
f 4241 4243 4244
f 4241 4244 4242
f 4243 4245 4246
f 4243 4246 4244
f 4245 4247 4248
f 4245 4248 4246
f 4247 4249 4250
f 4247 4250 4248
f 4249 4251 4252
f 4249 4252 4250
f 4251 4253 4254
f 4251 4254 4252
f 4253 4215 4218
f 4253 4218 4254
f 4255 4256 4257
f 4255 4257 4258
f 4256 4259 4260
f 4256 4260 4257
f 4259 4261 4262
f 4259 4262 4260
f 4261 4263 4264
f 4261 4264 4262
f 4263 4225 4265
f 4263 4265 4264
f 4225 4266 4267
f 4225 4267 4265
f 4266 4268 4269
f 4266 4269 4267
f 4268 4270 4271
f 4268 4271 4269
f 4270 4272 4273
f 4270 4273 4271
f 4272 4274 4275
f 4272 4275 4273
f 4274 4276 4277
f 4274 4277 4275
f 4276 4278 4279
f 4276 4279 4277
f 4278 4280 4281
f 4278 4281 4279
f 4280 4282 4283
f 4280 4283 4281
f 4282 4245 4284
f 4282 4284 4283
f 4245 4285 4286
f 4245 4286 4284
f 4285 4287 4288
f 4285 4288 4286
f 4287 4289 4290
f 4287 4290 4288
f 4289 4291 4292
f 4289 4292 4290
f 4291 4255 4258
f 4291 4258 4292
o Inverter
usemtl Cockpit
v 24.00000 -12.00000 19.50000
v 52.00000 12.00000 19.50000
v 52.00000 -12.00000 19.50000
v 24.00000 12.00000 19.50000
v 24.00000 -12.00000 28.50000
v 52.00000 -12.00000 28.50000
v 52.00000 12.00000 28.50000
v 24.00000 12.00000 28.50000
v 27.40000 -10.50000 28.25000
v 28.60000 10.50000 28.25000
v 28.60000 -10.50000 28.25000
v 27.40000 10.50000 28.25000
v 27.40000 -10.50000 29.75000
v 28.60000 -10.50000 29.75000
v 28.60000 10.50000 29.75000
v 27.40000 10.50000 29.75000
v 32.40000 -10.50000 28.25000
v 33.60000 10.50000 28.25000
v 33.60000 -10.50000 28.25000
v 32.40000 10.50000 28.25000
v 32.40000 -10.50000 29.75000
v 33.60000 -10.50000 29.75000
v 33.60000 10.50000 29.75000
v 32.40000 10.50000 29.75000
v 37.40000 -10.50000 28.25000
v 38.60000 10.50000 28.25000
v 38.60000 -10.50000 28.25000
v 37.40000 10.50000 28.25000
v 37.40000 -10.50000 29.75000
v 38.60000 -10.50000 29.75000
v 38.60000 10.50000 29.75000
v 37.40000 10.50000 29.75000
v 42.40000 -10.50000 28.25000
v 43.60000 10.50000 28.25000
v 43.60000 -10.50000 28.25000
v 42.40000 10.50000 28.25000
v 42.40000 -10.50000 29.75000
v 43.60000 -10.50000 29.75000
v 43.60000 10.50000 29.75000
v 42.40000 10.50000 29.75000
v 47.40000 -10.50000 28.25000
v 48.60000 10.50000 28.25000
v 48.60000 -10.50000 28.25000
v 47.40000 10.50000 28.25000
v 47.40000 -10.50000 29.75000
v 48.60000 -10.50000 29.75000
v 48.60000 10.50000 29.75000
v 47.40000 10.50000 29.75000
f 4293 4294 4295
f 4293 4296 4294
f 4297 4298 4299
f 4297 4299 4300
f 4293 4295 4298
f 4293 4298 4297
f 4295 4294 4299
f 4295 4299 4298
f 4294 4296 4300
f 4294 4300 4299
f 4296 4293 4297
f 4296 4297 4300
f 4301 4302 4303
f 4301 4304 4302
f 4305 4306 4307
f 4305 4307 4308
f 4301 4303 4306
f 4301 4306 4305
f 4303 4302 4307
f 4303 4307 4306
f 4302 4304 4308
f 4302 4308 4307
f 4304 4301 4305
f 4304 4305 4308
f 4309 4310 4311
f 4309 4312 4310
f 4313 4314 4315
f 4313 4315 4316
f 4309 4311 4314
f 4309 4314 4313
f 4311 4310 4315
f 4311 4315 4314
f 4310 4312 4316
f 4310 4316 4315
f 4312 4309 4313
f 4312 4313 4316
f 4317 4318 4319
f 4317 4320 4318
f 4321 4322 4323
f 4321 4323 4324
f 4317 4319 4322
f 4317 4322 4321
f 4319 4318 4323
f 4319 4323 4322
f 4318 4320 4324
f 4318 4324 4323
f 4320 4317 4321
f 4320 4321 4324
f 4325 4326 4327
f 4325 4328 4326
f 4329 4330 4331
f 4329 4331 4332
f 4325 4327 4330
f 4325 4330 4329
f 4327 4326 4331
f 4327 4331 4330
f 4326 4328 4332
f 4326 4332 4331
f 4328 4325 4329
f 4328 4329 4332
f 4333 4334 4335
f 4333 4336 4334
f 4337 4338 4339
f 4337 4339 4340
f 4333 4335 4338
f 4333 4338 4337
f 4335 4334 4339
f 4335 4339 4338
f 4334 4336 4340
f 4334 4340 4339
f 4336 4333 4337
f 4336 4337 4340
o Front_left_slick_tire
usemtl Tire
v -50.00000 -64.50000 16.00000
v -50.08667 -64.50000 17.76431
v -50.08667 -51.50000 17.76431
v -50.00000 -51.50000 16.00000
v -54.50000 -64.50000 16.00000
v -54.56501 -51.50000 17.32323
v -54.56501 -64.50000 17.32323
v -54.50000 -51.50000 16.00000
v -50.34586 -64.50000 19.51163
v -50.34586 -51.50000 19.51163
v -54.75940 -51.50000 18.63372
v -54.75940 -64.50000 18.63372
v -50.77507 -64.50000 21.22512
v -50.77507 -51.50000 21.22512
v -55.08131 -51.50000 19.91884
v -55.08131 -64.50000 19.91884
v -51.37017 -64.50000 22.88830
v -51.37017 -51.50000 22.88830
v -55.52763 -51.50000 21.16623
v -55.52763 -64.50000 21.16623
v -52.12542 -64.50000 24.48514
v -52.12542 -51.50000 24.48514
v -56.09406 -51.50000 22.36386
v -56.09406 -64.50000 22.36386
v -53.03355 -64.50000 26.00026
v -53.03355 -51.50000 26.00026
v -56.77516 -51.50000 23.50020
v -56.77516 -64.50000 23.50020
v -54.08581 -64.50000 27.41908
v -54.08581 -51.50000 27.41908
v -57.56436 -51.50000 24.56431
v -57.56436 -64.50000 24.56431
v -55.27208 -64.50000 28.72792
v -55.27208 -51.50000 28.72792
v -58.45406 -51.50000 25.54594
v -58.45406 -64.50000 25.54594
v -56.58092 -64.50000 29.91419
v -56.58092 -51.50000 29.91419
v -59.43569 -51.50000 26.43564
v -59.43569 -64.50000 26.43564
v -57.99974 -64.50000 30.96645
v -57.99974 -51.50000 30.96645
v -60.49980 -51.50000 27.22484
v -60.49980 -64.50000 27.22484
v -59.51486 -64.50000 31.87458
v -59.51486 -51.50000 31.87458
v -61.63614 -51.50000 27.90594
v -61.63614 -64.50000 27.90594
v -61.11170 -64.50000 32.62983
v -61.11170 -51.50000 32.62983
v -62.83377 -51.50000 28.47237
v -62.83377 -64.50000 28.47237
v -62.77488 -64.50000 33.22493
v -62.77488 -51.50000 33.22493
v -64.08116 -51.50000 28.91869
v -64.08116 -64.50000 28.91869
v -64.48837 -64.50000 33.65414
v -64.48837 -51.50000 33.65414
v -65.36628 -51.50000 29.24060
v -65.36628 -64.50000 29.24060
v -66.23569 -64.50000 33.91333
v -66.23569 -51.50000 33.91333
v -66.67677 -51.50000 29.43499
v -66.67677 -64.50000 29.43499
v -68.00000 -64.50000 34.00000
v -68.00000 -51.50000 34.00000
v -68.00000 -51.50000 29.50000
v -68.00000 -64.50000 29.50000
v -69.76431 -64.50000 33.91333
v -69.76431 -51.50000 33.91333
v -69.32323 -51.50000 29.43499
v -69.32323 -64.50000 29.43499
v -71.51163 -64.50000 33.65414
v -71.51163 -51.50000 33.65414
v -70.63372 -51.50000 29.24060
v -70.63372 -64.50000 29.24060
v -73.22512 -64.50000 33.22493
v -73.22512 -51.50000 33.22493
v -71.91884 -51.50000 28.91869
v -71.91884 -64.50000 28.91869
v -74.88830 -64.50000 32.62983
v -74.88830 -51.50000 32.62983
v -73.16623 -51.50000 28.47237
v -73.16623 -64.50000 28.47237
v -76.48514 -64.50000 31.87458
v -76.48514 -51.50000 31.87458
v -74.36386 -51.50000 27.90594
v -74.36386 -64.50000 27.90594
v -78.00026 -64.50000 30.96645
v -78.00026 -51.50000 30.96645
v -75.50020 -51.50000 27.22484
v -75.50020 -64.50000 27.22484
v -79.41908 -64.50000 29.91419
v -79.41908 -51.50000 29.91419
v -76.56431 -51.50000 26.43564
v -76.56431 -64.50000 26.43564
v -80.72792 -64.50000 28.72792
v -80.72792 -51.50000 28.72792
v -77.54594 -51.50000 25.54594
v -77.54594 -64.50000 25.54594
v -81.91419 -64.50000 27.41908
v -81.91419 -51.50000 27.41908
v -78.43564 -51.50000 24.56431
v -78.43564 -64.50000 24.56431
v -82.96645 -64.50000 26.00026
v -82.96645 -51.50000 26.00026
v -79.22484 -51.50000 23.50020
v -79.22484 -64.50000 23.50020
v -83.87458 -64.50000 24.48514
v -83.87458 -51.50000 24.48514
v -79.90594 -51.50000 22.36386
v -79.90594 -64.50000 22.36386
v -84.62983 -64.50000 22.88830
v -84.62983 -51.50000 22.88830
v -80.47237 -51.50000 21.16623
v -80.47237 -64.50000 21.16623
v -85.22493 -64.50000 21.22512
v -85.22493 -51.50000 21.22512
v -80.91869 -51.50000 19.91884
v -80.91869 -64.50000 19.91884
v -85.65414 -64.50000 19.51163
v -85.65414 -51.50000 19.51163
v -81.24060 -51.50000 18.63372
v -81.24060 -64.50000 18.63372
v -85.91333 -64.50000 17.76431
v -85.91333 -51.50000 17.76431
v -81.43499 -51.50000 17.32323
v -81.43499 -64.50000 17.32323
v -86.00000 -64.50000 16.00000
v -86.00000 -51.50000 16.00000
v -81.50000 -51.50000 16.00000
v -81.50000 -64.50000 16.00000
v -85.91333 -64.50000 14.23569
v -85.91333 -51.50000 14.23569
v -81.43499 -51.50000 14.67677
v -81.43499 -64.50000 14.67677
v -85.65414 -64.50000 12.48837
v -85.65414 -51.50000 12.48837
v -81.24060 -51.50000 13.36628
v -81.24060 -64.50000 13.36628
v -85.22493 -64.50000 10.77488
v -85.22493 -51.50000 10.77488
v -80.91869 -51.50000 12.08116
v -80.91869 -64.50000 12.08116
v -84.62983 -64.50000 9.11170
v -84.62983 -51.50000 9.11170
v -80.47237 -51.50000 10.83377
v -80.47237 -64.50000 10.83377
v -83.87458 -64.50000 7.51486
v -83.87458 -51.50000 7.51486
v -79.90594 -51.50000 9.63614
v -79.90594 -64.50000 9.63614
v -82.96645 -64.50000 5.99974
v -82.96645 -51.50000 5.99974
v -79.22484 -51.50000 8.49980
v -79.22484 -64.50000 8.49980
v -81.91419 -64.50000 4.58092
v -81.91419 -51.50000 4.58092
v -78.43564 -51.50000 7.43569
v -78.43564 -64.50000 7.43569
v -80.72792 -64.50000 3.27208
v -80.72792 -51.50000 3.27208
v -77.54594 -51.50000 6.45406
v -77.54594 -64.50000 6.45406
v -79.41908 -64.50000 2.08581
v -79.41908 -51.50000 2.08581
v -76.56431 -51.50000 5.56436
v -76.56431 -64.50000 5.56436
v -78.00026 -64.50000 1.03355
v -78.00026 -51.50000 1.03355
v -75.50020 -51.50000 4.77516
v -75.50020 -64.50000 4.77516
v -76.48514 -64.50000 0.12542
v -76.48514 -51.50000 0.12542
v -74.36386 -51.50000 4.09406
v -74.36386 -64.50000 4.09406
v -74.88830 -64.50000 -0.62983
v -74.88830 -51.50000 -0.62983
v -73.16623 -51.50000 3.52763
v -73.16623 -64.50000 3.52763
v -73.22512 -64.50000 -1.22493
v -73.22512 -51.50000 -1.22493
v -71.91884 -51.50000 3.08131
v -71.91884 -64.50000 3.08131
v -71.51163 -64.50000 -1.65414
v -71.51163 -51.50000 -1.65414
v -70.63372 -51.50000 2.75940
v -70.63372 -64.50000 2.75940
v -69.76431 -64.50000 -1.91333
v -69.76431 -51.50000 -1.91333
v -69.32323 -51.50000 2.56501
v -69.32323 -64.50000 2.56501
v -68.00000 -64.50000 -2.00000
v -68.00000 -51.50000 -2.00000
v -68.00000 -51.50000 2.50000
v -68.00000 -64.50000 2.50000
v -66.23569 -64.50000 -1.91333
v -66.23569 -51.50000 -1.91333
v -66.67677 -51.50000 2.56501
v -66.67677 -64.50000 2.56501
v -64.48837 -64.50000 -1.65414
v -64.48837 -51.50000 -1.65414
v -65.36628 -51.50000 2.75940
v -65.36628 -64.50000 2.75940
v -62.77488 -64.50000 -1.22493
v -62.77488 -51.50000 -1.22493
v -64.08116 -51.50000 3.08131
v -64.08116 -64.50000 3.08131
v -61.11170 -64.50000 -0.62983
v -61.11170 -51.50000 -0.62983
v -62.83377 -51.50000 3.52763
v -62.83377 -64.50000 3.52763
v -59.51486 -64.50000 0.12542
v -59.51486 -51.50000 0.12542
v -61.63614 -51.50000 4.09406
v -61.63614 -64.50000 4.09406
v -57.99974 -64.50000 1.03355
v -57.99974 -51.50000 1.03355
v -60.49980 -51.50000 4.77516
v -60.49980 -64.50000 4.77516
v -56.58092 -64.50000 2.08581
v -56.58092 -51.50000 2.08581
v -59.43569 -51.50000 5.56436
v -59.43569 -64.50000 5.56436
v -55.27208 -64.50000 3.27208
v -55.27208 -51.50000 3.27208
v -58.45406 -51.50000 6.45406
v -58.45406 -64.50000 6.45406
v -54.08581 -64.50000 4.58092
v -54.08581 -51.50000 4.58092
v -57.56436 -51.50000 7.43569
v -57.56436 -64.50000 7.43569
v -53.03355 -64.50000 5.99974
v -53.03355 -51.50000 5.99974
v -56.77516 -51.50000 8.49980
v -56.77516 -64.50000 8.49980
v -52.12542 -64.50000 7.51486
v -52.12542 -51.50000 7.51486
v -56.09406 -51.50000 9.63614
v -56.09406 -64.50000 9.63614
v -51.37017 -64.50000 9.11170
v -51.37017 -51.50000 9.11170
v -55.52763 -51.50000 10.83377
v -55.52763 -64.50000 10.83377
v -50.77507 -64.50000 10.77488
v -50.77507 -51.50000 10.77488
v -55.08131 -51.50000 12.08116
v -55.08131 -64.50000 12.08116
v -50.34586 -64.50000 12.48837
v -50.34586 -51.50000 12.48837
v -54.75940 -51.50000 13.36628
v -54.75940 -64.50000 13.36628
v -50.08667 -64.50000 14.23569
v -50.08667 -51.50000 14.23569
v -54.56501 -51.50000 14.67677
v -54.56501 -64.50000 14.67677
v -49.65000 -63.55000 16.00000
v -49.73836 -63.55000 17.79861
v -49.73836 -62.45000 17.79861
v -49.65000 -62.45000 16.00000
v -50.20000 -63.55000 16.00000
v -50.28571 -62.45000 17.74471
v -50.28571 -63.55000 17.74471
v -50.20000 -62.45000 16.00000
v -50.00259 -63.55000 19.57991
v -50.00259 -62.45000 19.57991
v -50.54202 -62.45000 19.47261
v -50.54202 -63.55000 19.47261
v -50.44014 -63.55000 21.32672
v -50.44014 -62.45000 21.32672
v -50.96646 -62.45000 21.16707
v -50.96646 -63.55000 21.16707
v -51.04681 -63.55000 23.02224
v -51.04681 -62.45000 23.02224
v -51.55494 -62.45000 22.81177
v -51.55494 -63.55000 22.81177
v -51.81674 -63.55000 24.65013
v -51.81674 -62.45000 24.65013
v -52.30180 -62.45000 24.39086
v -52.30180 -63.55000 24.39086
v -52.74253 -63.55000 26.19471
v -52.74253 -62.45000 26.19471
v -53.19984 -62.45000 25.88915
v -53.19984 -63.55000 25.88915
v -53.81526 -63.55000 27.64112
v -53.81526 -62.45000 27.64112
v -54.24041 -62.45000 27.29220
v -54.24041 -63.55000 27.29220
v -55.02459 -63.55000 28.97541
v -55.02459 -62.45000 28.97541
v -55.41350 -62.45000 28.58650
v -55.41350 -63.55000 28.58650
v -56.35888 -63.55000 30.18474
v -56.35888 -62.45000 30.18474
v -56.70780 -62.45000 29.75959
v -56.70780 -63.55000 29.75959
v -57.80529 -63.55000 31.25747
v -57.80529 -62.45000 31.25747
v -58.11085 -62.45000 30.80016
v -58.11085 -63.55000 30.80016
v -59.34987 -63.55000 32.18326
v -59.34987 -62.45000 32.18326
v -59.60914 -62.45000 31.69820
v -59.60914 -63.55000 31.69820
v -60.97776 -63.55000 32.95319
v -60.97776 -62.45000 32.95319
v -61.18823 -62.45000 32.44506
v -61.18823 -63.55000 32.44506
v -62.67328 -63.55000 33.55986
v -62.67328 -62.45000 33.55986
v -62.83293 -62.45000 33.03354
v -62.83293 -63.55000 33.03354
v -64.42009 -63.55000 33.99741
v -64.42009 -62.45000 33.99741
v -64.52739 -62.45000 33.45798
v -64.52739 -63.55000 33.45798
v -66.20139 -63.55000 34.26164
v -66.20139 -62.45000 34.26164
v -66.25529 -62.45000 33.71429
v -66.25529 -63.55000 33.71429
v -68.00000 -63.55000 34.35000
v -68.00000 -62.45000 34.35000
v -68.00000 -62.45000 33.80000
v -68.00000 -63.55000 33.80000
v -69.79861 -63.55000 34.26164
v -69.79861 -62.45000 34.26164
v -69.74471 -62.45000 33.71429
v -69.74471 -63.55000 33.71429
v -71.57991 -63.55000 33.99741
v -71.57991 -62.45000 33.99741
v -71.47261 -62.45000 33.45798
v -71.47261 -63.55000 33.45798
v -73.32672 -63.55000 33.55986
v -73.32672 -62.45000 33.55986
v -73.16707 -62.45000 33.03354
v -73.16707 -63.55000 33.03354
v -75.02224 -63.55000 32.95319
v -75.02224 -62.45000 32.95319
v -74.81177 -62.45000 32.44506
v -74.81177 -63.55000 32.44506
v -76.65013 -63.55000 32.18326
v -76.65013 -62.45000 32.18326
v -76.39086 -62.45000 31.69820
v -76.39086 -63.55000 31.69820
v -78.19471 -63.55000 31.25747
v -78.19471 -62.45000 31.25747
v -77.88915 -62.45000 30.80016
v -77.88915 -63.55000 30.80016
v -79.64112 -63.55000 30.18474
v -79.64112 -62.45000 30.18474
v -79.29220 -62.45000 29.75959
v -79.29220 -63.55000 29.75959
v -80.97541 -63.55000 28.97541
v -80.97541 -62.45000 28.97541
v -80.58650 -62.45000 28.58650
v -80.58650 -63.55000 28.58650
v -82.18474 -63.55000 27.64112
v -82.18474 -62.45000 27.64112
v -81.75959 -62.45000 27.29220
v -81.75959 -63.55000 27.29220
v -83.25747 -63.55000 26.19471
v -83.25747 -62.45000 26.19471
v -82.80016 -62.45000 25.88915
v -82.80016 -63.55000 25.88915
v -84.18326 -63.55000 24.65013
v -84.18326 -62.45000 24.65013
v -83.69820 -62.45000 24.39086
v -83.69820 -63.55000 24.39086
v -84.95319 -63.55000 23.02224
v -84.95319 -62.45000 23.02224
v -84.44506 -62.45000 22.81177
v -84.44506 -63.55000 22.81177
v -85.55986 -63.55000 21.32672
v -85.55986 -62.45000 21.32672
v -85.03354 -62.45000 21.16707
v -85.03354 -63.55000 21.16707
v -85.99741 -63.55000 19.57991
v -85.99741 -62.45000 19.57991
v -85.45798 -62.45000 19.47261
v -85.45798 -63.55000 19.47261
v -86.26164 -63.55000 17.79861
v -86.26164 -62.45000 17.79861
v -85.71429 -62.45000 17.74471
v -85.71429 -63.55000 17.74471
v -86.35000 -63.55000 16.00000
v -86.35000 -62.45000 16.00000
v -85.80000 -62.45000 16.00000
v -85.80000 -63.55000 16.00000
v -86.26164 -63.55000 14.20139
v -86.26164 -62.45000 14.20139
v -85.71429 -62.45000 14.25529
v -85.71429 -63.55000 14.25529
v -85.99741 -63.55000 12.42009
v -85.99741 -62.45000 12.42009
v -85.45798 -62.45000 12.52739
v -85.45798 -63.55000 12.52739
v -85.55986 -63.55000 10.67328
v -85.55986 -62.45000 10.67328
v -85.03354 -62.45000 10.83293
v -85.03354 -63.55000 10.83293
v -84.95319 -63.55000 8.97776
v -84.95319 -62.45000 8.97776
v -84.44506 -62.45000 9.18823
v -84.44506 -63.55000 9.18823
v -84.18326 -63.55000 7.34987
v -84.18326 -62.45000 7.34987
v -83.69820 -62.45000 7.60914
v -83.69820 -63.55000 7.60914
v -83.25747 -63.55000 5.80529
v -83.25747 -62.45000 5.80529
v -82.80016 -62.45000 6.11085
v -82.80016 -63.55000 6.11085
v -82.18474 -63.55000 4.35888
v -82.18474 -62.45000 4.35888
v -81.75959 -62.45000 4.70780
v -81.75959 -63.55000 4.70780
v -80.97541 -63.55000 3.02459
v -80.97541 -62.45000 3.02459
v -80.58650 -62.45000 3.41350
v -80.58650 -63.55000 3.41350
v -79.64112 -63.55000 1.81526
v -79.64112 -62.45000 1.81526
v -79.29220 -62.45000 2.24041
v -79.29220 -63.55000 2.24041
v -78.19471 -63.55000 0.74253
v -78.19471 -62.45000 0.74253
v -77.88915 -62.45000 1.19984
v -77.88915 -63.55000 1.19984
v -76.65013 -63.55000 -0.18326
v -76.65013 -62.45000 -0.18326
v -76.39086 -62.45000 0.30180
v -76.39086 -63.55000 0.30180
v -75.02224 -63.55000 -0.95319
v -75.02224 -62.45000 -0.95319
v -74.81177 -62.45000 -0.44506
v -74.81177 -63.55000 -0.44506
v -73.32672 -63.55000 -1.55986
v -73.32672 -62.45000 -1.55986
v -73.16707 -62.45000 -1.03354
v -73.16707 -63.55000 -1.03354
v -71.57991 -63.55000 -1.99741
v -71.57991 -62.45000 -1.99741
v -71.47261 -62.45000 -1.45798
v -71.47261 -63.55000 -1.45798
v -69.79861 -63.55000 -2.26164
v -69.79861 -62.45000 -2.26164
v -69.74471 -62.45000 -1.71429
v -69.74471 -63.55000 -1.71429
v -68.00000 -63.55000 -2.35000
v -68.00000 -62.45000 -2.35000
v -68.00000 -62.45000 -1.80000
v -68.00000 -63.55000 -1.80000
v -66.20139 -63.55000 -2.26164
v -66.20139 -62.45000 -2.26164
v -66.25529 -62.45000 -1.71429
v -66.25529 -63.55000 -1.71429
v -64.42009 -63.55000 -1.99741
v -64.42009 -62.45000 -1.99741
v -64.52739 -62.45000 -1.45798
v -64.52739 -63.55000 -1.45798
v -62.67328 -63.55000 -1.55986
v -62.67328 -62.45000 -1.55986
v -62.83293 -62.45000 -1.03354
v -62.83293 -63.55000 -1.03354
v -60.97776 -63.55000 -0.95319
v -60.97776 -62.45000 -0.95319
v -61.18823 -62.45000 -0.44506
v -61.18823 -63.55000 -0.44506
v -59.34987 -63.55000 -0.18326
v -59.34987 -62.45000 -0.18326
v -59.60914 -62.45000 0.30180
v -59.60914 -63.55000 0.30180
v -57.80529 -63.55000 0.74253
v -57.80529 -62.45000 0.74253
v -58.11085 -62.45000 1.19984
v -58.11085 -63.55000 1.19984
v -56.35888 -63.55000 1.81526
v -56.35888 -62.45000 1.81526
v -56.70780 -62.45000 2.24041
v -56.70780 -63.55000 2.24041
v -55.02459 -63.55000 3.02459
v -55.02459 -62.45000 3.02459
v -55.41350 -62.45000 3.41350
v -55.41350 -63.55000 3.41350
v -53.81526 -63.55000 4.35888
v -53.81526 -62.45000 4.35888
v -54.24041 -62.45000 4.70780
v -54.24041 -63.55000 4.70780
v -52.74253 -63.55000 5.80529
v -52.74253 -62.45000 5.80529
v -53.19984 -62.45000 6.11085
v -53.19984 -63.55000 6.11085
v -51.81674 -63.55000 7.34987
v -51.81674 -62.45000 7.34987
v -52.30180 -62.45000 7.60914
v -52.30180 -63.55000 7.60914
v -51.04681 -63.55000 8.97776
v -51.04681 -62.45000 8.97776
v -51.55494 -62.45000 9.18823
v -51.55494 -63.55000 9.18823
v -50.44014 -63.55000 10.67328
v -50.44014 -62.45000 10.67328
v -50.96646 -62.45000 10.83293
v -50.96646 -63.55000 10.83293
v -50.00259 -63.55000 12.42009
v -50.00259 -62.45000 12.42009
v -50.54202 -62.45000 12.52739
v -50.54202 -63.55000 12.52739
v -49.73836 -63.55000 14.20139
v -49.73836 -62.45000 14.20139
v -50.28571 -62.45000 14.25529
v -50.28571 -63.55000 14.25529
v -49.65000 -53.55000 16.00000
v -49.73836 -53.55000 17.79861
v -49.73836 -52.45000 17.79861
v -49.65000 -52.45000 16.00000
v -50.20000 -53.55000 16.00000
v -50.28571 -52.45000 17.74471
v -50.28571 -53.55000 17.74471
v -50.20000 -52.45000 16.00000
v -50.00259 -53.55000 19.57991
v -50.00259 -52.45000 19.57991
v -50.54202 -52.45000 19.47261
v -50.54202 -53.55000 19.47261
v -50.44014 -53.55000 21.32672
v -50.44014 -52.45000 21.32672
v -50.96646 -52.45000 21.16707
v -50.96646 -53.55000 21.16707
v -51.04681 -53.55000 23.02224
v -51.04681 -52.45000 23.02224
v -51.55494 -52.45000 22.81177
v -51.55494 -53.55000 22.81177
v -51.81674 -53.55000 24.65013
v -51.81674 -52.45000 24.65013
v -52.30180 -52.45000 24.39086
v -52.30180 -53.55000 24.39086
v -52.74253 -53.55000 26.19471
v -52.74253 -52.45000 26.19471
v -53.19984 -52.45000 25.88915
v -53.19984 -53.55000 25.88915
v -53.81526 -53.55000 27.64112
v -53.81526 -52.45000 27.64112
v -54.24041 -52.45000 27.29220
v -54.24041 -53.55000 27.29220
v -55.02459 -53.55000 28.97541
v -55.02459 -52.45000 28.97541
v -55.41350 -52.45000 28.58650
v -55.41350 -53.55000 28.58650
v -56.35888 -53.55000 30.18474
v -56.35888 -52.45000 30.18474
v -56.70780 -52.45000 29.75959
v -56.70780 -53.55000 29.75959
v -57.80529 -53.55000 31.25747
v -57.80529 -52.45000 31.25747
v -58.11085 -52.45000 30.80016
v -58.11085 -53.55000 30.80016
v -59.34987 -53.55000 32.18326
v -59.34987 -52.45000 32.18326
v -59.60914 -52.45000 31.69820
v -59.60914 -53.55000 31.69820
v -60.97776 -53.55000 32.95319
v -60.97776 -52.45000 32.95319
v -61.18823 -52.45000 32.44506
v -61.18823 -53.55000 32.44506
v -62.67328 -53.55000 33.55986
v -62.67328 -52.45000 33.55986
v -62.83293 -52.45000 33.03354
v -62.83293 -53.55000 33.03354
v -64.42009 -53.55000 33.99741
v -64.42009 -52.45000 33.99741
v -64.52739 -52.45000 33.45798
v -64.52739 -53.55000 33.45798
v -66.20139 -53.55000 34.26164
v -66.20139 -52.45000 34.26164
v -66.25529 -52.45000 33.71429
v -66.25529 -53.55000 33.71429
v -68.00000 -53.55000 34.35000
v -68.00000 -52.45000 34.35000
v -68.00000 -52.45000 33.80000
v -68.00000 -53.55000 33.80000
v -69.79861 -53.55000 34.26164
v -69.79861 -52.45000 34.26164
v -69.74471 -52.45000 33.71429
v -69.74471 -53.55000 33.71429
v -71.57991 -53.55000 33.99741
v -71.57991 -52.45000 33.99741
v -71.47261 -52.45000 33.45798
v -71.47261 -53.55000 33.45798
v -73.32672 -53.55000 33.55986
v -73.32672 -52.45000 33.55986
v -73.16707 -52.45000 33.03354
v -73.16707 -53.55000 33.03354
v -75.02224 -53.55000 32.95319
v -75.02224 -52.45000 32.95319
v -74.81177 -52.45000 32.44506
v -74.81177 -53.55000 32.44506
v -76.65013 -53.55000 32.18326
v -76.65013 -52.45000 32.18326
v -76.39086 -52.45000 31.69820
v -76.39086 -53.55000 31.69820
v -78.19471 -53.55000 31.25747
v -78.19471 -52.45000 31.25747
v -77.88915 -52.45000 30.80016
v -77.88915 -53.55000 30.80016
v -79.64112 -53.55000 30.18474
v -79.64112 -52.45000 30.18474
v -79.29220 -52.45000 29.75959
v -79.29220 -53.55000 29.75959
v -80.97541 -53.55000 28.97541
v -80.97541 -52.45000 28.97541
v -80.58650 -52.45000 28.58650
v -80.58650 -53.55000 28.58650
v -82.18474 -53.55000 27.64112
v -82.18474 -52.45000 27.64112
v -81.75959 -52.45000 27.29220
v -81.75959 -53.55000 27.29220
v -83.25747 -53.55000 26.19471
v -83.25747 -52.45000 26.19471
v -82.80016 -52.45000 25.88915
v -82.80016 -53.55000 25.88915
v -84.18326 -53.55000 24.65013
v -84.18326 -52.45000 24.65013
v -83.69820 -52.45000 24.39086
v -83.69820 -53.55000 24.39086
v -84.95319 -53.55000 23.02224
v -84.95319 -52.45000 23.02224
v -84.44506 -52.45000 22.81177
v -84.44506 -53.55000 22.81177
v -85.55986 -53.55000 21.32672
v -85.55986 -52.45000 21.32672
v -85.03354 -52.45000 21.16707
v -85.03354 -53.55000 21.16707
v -85.99741 -53.55000 19.57991
v -85.99741 -52.45000 19.57991
v -85.45798 -52.45000 19.47261
v -85.45798 -53.55000 19.47261
v -86.26164 -53.55000 17.79861
v -86.26164 -52.45000 17.79861
v -85.71429 -52.45000 17.74471
v -85.71429 -53.55000 17.74471
v -86.35000 -53.55000 16.00000
v -86.35000 -52.45000 16.00000
v -85.80000 -52.45000 16.00000
v -85.80000 -53.55000 16.00000
v -86.26164 -53.55000 14.20139
v -86.26164 -52.45000 14.20139
v -85.71429 -52.45000 14.25529
v -85.71429 -53.55000 14.25529
v -85.99741 -53.55000 12.42009
v -85.99741 -52.45000 12.42009
v -85.45798 -52.45000 12.52739
v -85.45798 -53.55000 12.52739
v -85.55986 -53.55000 10.67328
v -85.55986 -52.45000 10.67328
v -85.03354 -52.45000 10.83293
v -85.03354 -53.55000 10.83293
v -84.95319 -53.55000 8.97776
v -84.95319 -52.45000 8.97776
v -84.44506 -52.45000 9.18823
v -84.44506 -53.55000 9.18823
v -84.18326 -53.55000 7.34987
v -84.18326 -52.45000 7.34987
v -83.69820 -52.45000 7.60914
v -83.69820 -53.55000 7.60914
v -83.25747 -53.55000 5.80529
v -83.25747 -52.45000 5.80529
v -82.80016 -52.45000 6.11085
v -82.80016 -53.55000 6.11085
v -82.18474 -53.55000 4.35888
v -82.18474 -52.45000 4.35888
v -81.75959 -52.45000 4.70780
v -81.75959 -53.55000 4.70780
v -80.97541 -53.55000 3.02459
v -80.97541 -52.45000 3.02459
v -80.58650 -52.45000 3.41350
v -80.58650 -53.55000 3.41350
v -79.64112 -53.55000 1.81526
v -79.64112 -52.45000 1.81526
v -79.29220 -52.45000 2.24041
v -79.29220 -53.55000 2.24041
v -78.19471 -53.55000 0.74253
v -78.19471 -52.45000 0.74253
v -77.88915 -52.45000 1.19984
v -77.88915 -53.55000 1.19984
v -76.65013 -53.55000 -0.18326
v -76.65013 -52.45000 -0.18326
v -76.39086 -52.45000 0.30180
v -76.39086 -53.55000 0.30180
v -75.02224 -53.55000 -0.95319
v -75.02224 -52.45000 -0.95319
v -74.81177 -52.45000 -0.44506
v -74.81177 -53.55000 -0.44506
v -73.32672 -53.55000 -1.55986
v -73.32672 -52.45000 -1.55986
v -73.16707 -52.45000 -1.03354
v -73.16707 -53.55000 -1.03354
v -71.57991 -53.55000 -1.99741
v -71.57991 -52.45000 -1.99741
v -71.47261 -52.45000 -1.45798
v -71.47261 -53.55000 -1.45798
v -69.79861 -53.55000 -2.26164
v -69.79861 -52.45000 -2.26164
v -69.74471 -52.45000 -1.71429
v -69.74471 -53.55000 -1.71429
v -68.00000 -53.55000 -2.35000
v -68.00000 -52.45000 -2.35000
v -68.00000 -52.45000 -1.80000
v -68.00000 -53.55000 -1.80000
v -66.20139 -53.55000 -2.26164
v -66.20139 -52.45000 -2.26164
v -66.25529 -52.45000 -1.71429
v -66.25529 -53.55000 -1.71429
v -64.42009 -53.55000 -1.99741
v -64.42009 -52.45000 -1.99741
v -64.52739 -52.45000 -1.45798
v -64.52739 -53.55000 -1.45798
v -62.67328 -53.55000 -1.55986
v -62.67328 -52.45000 -1.55986
v -62.83293 -52.45000 -1.03354
v -62.83293 -53.55000 -1.03354
v -60.97776 -53.55000 -0.95319
v -60.97776 -52.45000 -0.95319
v -61.18823 -52.45000 -0.44506
v -61.18823 -53.55000 -0.44506
v -59.34987 -53.55000 -0.18326
v -59.34987 -52.45000 -0.18326
v -59.60914 -52.45000 0.30180
v -59.60914 -53.55000 0.30180
v -57.80529 -53.55000 0.74253
v -57.80529 -52.45000 0.74253
v -58.11085 -52.45000 1.19984
v -58.11085 -53.55000 1.19984
v -56.35888 -53.55000 1.81526
v -56.35888 -52.45000 1.81526
v -56.70780 -52.45000 2.24041
v -56.70780 -53.55000 2.24041
v -55.02459 -53.55000 3.02459
v -55.02459 -52.45000 3.02459
v -55.41350 -52.45000 3.41350
v -55.41350 -53.55000 3.41350
v -53.81526 -53.55000 4.35888
v -53.81526 -52.45000 4.35888
v -54.24041 -52.45000 4.70780
v -54.24041 -53.55000 4.70780
v -52.74253 -53.55000 5.80529
v -52.74253 -52.45000 5.80529
v -53.19984 -52.45000 6.11085
v -53.19984 -53.55000 6.11085
v -51.81674 -53.55000 7.34987
v -51.81674 -52.45000 7.34987
v -52.30180 -52.45000 7.60914
v -52.30180 -53.55000 7.60914
v -51.04681 -53.55000 8.97776
v -51.04681 -52.45000 8.97776
v -51.55494 -52.45000 9.18823
v -51.55494 -53.55000 9.18823
v -50.44014 -53.55000 10.67328
v -50.44014 -52.45000 10.67328
v -50.96646 -52.45000 10.83293
v -50.96646 -53.55000 10.83293
v -50.00259 -53.55000 12.42009
v -50.00259 -52.45000 12.42009
v -50.54202 -52.45000 12.52739
v -50.54202 -53.55000 12.52739
v -49.73836 -53.55000 14.20139
v -49.73836 -52.45000 14.20139
v -50.28571 -52.45000 14.25529
v -50.28571 -53.55000 14.25529
f 4341 4342 4343
f 4341 4343 4344
f 4345 4346 4347
f 4345 4348 4346
f 4341 4347 4342
f 4341 4345 4347
f 4344 4343 4346
f 4344 4346 4348
f 4342 4349 4350
f 4342 4350 4343
f 4347 4351 4352
f 4347 4346 4351
f 4342 4352 4349
f 4342 4347 4352
f 4343 4350 4351
f 4343 4351 4346
f 4349 4353 4354
f 4349 4354 4350
f 4352 4355 4356
f 4352 4351 4355
f 4349 4356 4353
f 4349 4352 4356
f 4350 4354 4355
f 4350 4355 4351
f 4353 4357 4358
f 4353 4358 4354
f 4356 4359 4360
f 4356 4355 4359
f 4353 4360 4357
f 4353 4356 4360
f 4354 4358 4359
f 4354 4359 4355
f 4357 4361 4362
f 4357 4362 4358
f 4360 4363 4364
f 4360 4359 4363
f 4357 4364 4361
f 4357 4360 4364
f 4358 4362 4363
f 4358 4363 4359
f 4361 4365 4366
f 4361 4366 4362
f 4364 4367 4368
f 4364 4363 4367
f 4361 4368 4365
f 4361 4364 4368
f 4362 4366 4367
f 4362 4367 4363
f 4365 4369 4370
f 4365 4370 4366
f 4368 4371 4372
f 4368 4367 4371
f 4365 4372 4369
f 4365 4368 4372
f 4366 4370 4371
f 4366 4371 4367
f 4369 4373 4374
f 4369 4374 4370
f 4372 4375 4376
f 4372 4371 4375
f 4369 4376 4373
f 4369 4372 4376
f 4370 4374 4375
f 4370 4375 4371
f 4373 4377 4378
f 4373 4378 4374
f 4376 4379 4380
f 4376 4375 4379
f 4373 4380 4377
f 4373 4376 4380
f 4374 4378 4379
f 4374 4379 4375
f 4377 4381 4382
f 4377 4382 4378
f 4380 4383 4384
f 4380 4379 4383
f 4377 4384 4381
f 4377 4380 4384
f 4378 4382 4383
f 4378 4383 4379
f 4381 4385 4386
f 4381 4386 4382
f 4384 4387 4388
f 4384 4383 4387
f 4381 4388 4385
f 4381 4384 4388
f 4382 4386 4387
f 4382 4387 4383
f 4385 4389 4390
f 4385 4390 4386
f 4388 4391 4392
f 4388 4387 4391
f 4385 4392 4389
f 4385 4388 4392
f 4386 4390 4391
f 4386 4391 4387
f 4389 4393 4394
f 4389 4394 4390
f 4392 4395 4396
f 4392 4391 4395
f 4389 4396 4393
f 4389 4392 4396
f 4390 4394 4395
f 4390 4395 4391
f 4393 4397 4398
f 4393 4398 4394
f 4396 4399 4400
f 4396 4395 4399
f 4393 4400 4397
f 4393 4396 4400
f 4394 4398 4399
f 4394 4399 4395
f 4397 4401 4402
f 4397 4402 4398
f 4400 4403 4404
f 4400 4399 4403
f 4397 4404 4401
f 4397 4400 4404
f 4398 4402 4403
f 4398 4403 4399
f 4401 4405 4406
f 4401 4406 4402
f 4404 4407 4408
f 4404 4403 4407
f 4401 4408 4405
f 4401 4404 4408
f 4402 4406 4407
f 4402 4407 4403
f 4405 4409 4410
f 4405 4410 4406
f 4408 4411 4412
f 4408 4407 4411
f 4405 4412 4409
f 4405 4408 4412
f 4406 4410 4411
f 4406 4411 4407
f 4409 4413 4414
f 4409 4414 4410
f 4412 4415 4416
f 4412 4411 4415
f 4409 4416 4413
f 4409 4412 4416
f 4410 4414 4415
f 4410 4415 4411
f 4413 4417 4418
f 4413 4418 4414
f 4416 4419 4420
f 4416 4415 4419
f 4413 4420 4417
f 4413 4416 4420
f 4414 4418 4419
f 4414 4419 4415
f 4417 4421 4422
f 4417 4422 4418
f 4420 4423 4424
f 4420 4419 4423
f 4417 4424 4421
f 4417 4420 4424
f 4418 4422 4423
f 4418 4423 4419
f 4421 4425 4426
f 4421 4426 4422
f 4424 4427 4428
f 4424 4423 4427
f 4421 4428 4425
f 4421 4424 4428
f 4422 4426 4427
f 4422 4427 4423
f 4425 4429 4430
f 4425 4430 4426
f 4428 4431 4432
f 4428 4427 4431
f 4425 4432 4429
f 4425 4428 4432
f 4426 4430 4431
f 4426 4431 4427
f 4429 4433 4434
f 4429 4434 4430
f 4432 4435 4436
f 4432 4431 4435
f 4429 4436 4433
f 4429 4432 4436
f 4430 4434 4435
f 4430 4435 4431
f 4433 4437 4438
f 4433 4438 4434
f 4436 4439 4440
f 4436 4435 4439
f 4433 4440 4437
f 4433 4436 4440
f 4434 4438 4439
f 4434 4439 4435
f 4437 4441 4442
f 4437 4442 4438
f 4440 4443 4444
f 4440 4439 4443
f 4437 4444 4441
f 4437 4440 4444
f 4438 4442 4443
f 4438 4443 4439
f 4441 4445 4446
f 4441 4446 4442
f 4444 4447 4448
f 4444 4443 4447
f 4441 4448 4445
f 4441 4444 4448
f 4442 4446 4447
f 4442 4447 4443
f 4445 4449 4450
f 4445 4450 4446
f 4448 4451 4452
f 4448 4447 4451
f 4445 4452 4449
f 4445 4448 4452
f 4446 4450 4451
f 4446 4451 4447
f 4449 4453 4454
f 4449 4454 4450
f 4452 4455 4456
f 4452 4451 4455
f 4449 4456 4453
f 4449 4452 4456
f 4450 4454 4455
f 4450 4455 4451
f 4453 4457 4458
f 4453 4458 4454
f 4456 4459 4460
f 4456 4455 4459
f 4453 4460 4457
f 4453 4456 4460
f 4454 4458 4459
f 4454 4459 4455
f 4457 4461 4462
f 4457 4462 4458
f 4460 4463 4464
f 4460 4459 4463
f 4457 4464 4461
f 4457 4460 4464
f 4458 4462 4463
f 4458 4463 4459
f 4461 4465 4466
f 4461 4466 4462
f 4464 4467 4468
f 4464 4463 4467
f 4461 4468 4465
f 4461 4464 4468
f 4462 4466 4467
f 4462 4467 4463
f 4465 4469 4470
f 4465 4470 4466
f 4468 4471 4472
f 4468 4467 4471
f 4465 4472 4469
f 4465 4468 4472
f 4466 4470 4471
f 4466 4471 4467
f 4469 4473 4474
f 4469 4474 4470
f 4472 4475 4476
f 4472 4471 4475
f 4469 4476 4473
f 4469 4472 4476
f 4470 4474 4475
f 4470 4475 4471
f 4473 4477 4478
f 4473 4478 4474
f 4476 4479 4480
f 4476 4475 4479
f 4473 4480 4477
f 4473 4476 4480
f 4474 4478 4479
f 4474 4479 4475
f 4477 4481 4482
f 4477 4482 4478
f 4480 4483 4484
f 4480 4479 4483
f 4477 4484 4481
f 4477 4480 4484
f 4478 4482 4483
f 4478 4483 4479
f 4481 4485 4486
f 4481 4486 4482
f 4484 4487 4488
f 4484 4483 4487
f 4481 4488 4485
f 4481 4484 4488
f 4482 4486 4487
f 4482 4487 4483
f 4485 4489 4490
f 4485 4490 4486
f 4488 4491 4492
f 4488 4487 4491
f 4485 4492 4489
f 4485 4488 4492
f 4486 4490 4491
f 4486 4491 4487
f 4489 4493 4494
f 4489 4494 4490
f 4492 4495 4496
f 4492 4491 4495
f 4489 4496 4493
f 4489 4492 4496
f 4490 4494 4495
f 4490 4495 4491
f 4493 4497 4498
f 4493 4498 4494
f 4496 4499 4500
f 4496 4495 4499
f 4493 4500 4497
f 4493 4496 4500
f 4494 4498 4499
f 4494 4499 4495
f 4497 4501 4502
f 4497 4502 4498
f 4500 4503 4504
f 4500 4499 4503
f 4497 4504 4501
f 4497 4500 4504
f 4498 4502 4503
f 4498 4503 4499
f 4501 4505 4506
f 4501 4506 4502
f 4504 4507 4508
f 4504 4503 4507
f 4501 4508 4505
f 4501 4504 4508
f 4502 4506 4507
f 4502 4507 4503
f 4505 4509 4510
f 4505 4510 4506
f 4508 4511 4512
f 4508 4507 4511
f 4505 4512 4509
f 4505 4508 4512
f 4506 4510 4511
f 4506 4511 4507
f 4509 4513 4514
f 4509 4514 4510
f 4512 4515 4516
f 4512 4511 4515
f 4509 4516 4513
f 4509 4512 4516
f 4510 4514 4515
f 4510 4515 4511
f 4513 4517 4518
f 4513 4518 4514
f 4516 4519 4520
f 4516 4515 4519
f 4513 4520 4517
f 4513 4516 4520
f 4514 4518 4519
f 4514 4519 4515
f 4517 4521 4522
f 4517 4522 4518
f 4520 4523 4524
f 4520 4519 4523
f 4517 4524 4521
f 4517 4520 4524
f 4518 4522 4523
f 4518 4523 4519
f 4521 4525 4526
f 4521 4526 4522
f 4524 4527 4528
f 4524 4523 4527
f 4521 4528 4525
f 4521 4524 4528
f 4522 4526 4527
f 4522 4527 4523
f 4525 4529 4530
f 4525 4530 4526
f 4528 4531 4532
f 4528 4527 4531
f 4525 4532 4529
f 4525 4528 4532
f 4526 4530 4531
f 4526 4531 4527
f 4529 4533 4534
f 4529 4534 4530
f 4532 4535 4536
f 4532 4531 4535
f 4529 4536 4533
f 4529 4532 4536
f 4530 4534 4535
f 4530 4535 4531
f 4533 4537 4538
f 4533 4538 4534
f 4536 4539 4540
f 4536 4535 4539
f 4533 4540 4537
f 4533 4536 4540
f 4534 4538 4539
f 4534 4539 4535
f 4537 4541 4542
f 4537 4542 4538
f 4540 4543 4544
f 4540 4539 4543
f 4537 4544 4541
f 4537 4540 4544
f 4538 4542 4543
f 4538 4543 4539
f 4541 4545 4546
f 4541 4546 4542
f 4544 4547 4548
f 4544 4543 4547
f 4541 4548 4545
f 4541 4544 4548
f 4542 4546 4547
f 4542 4547 4543
f 4545 4549 4550
f 4545 4550 4546
f 4548 4551 4552
f 4548 4547 4551
f 4545 4552 4549
f 4545 4548 4552
f 4546 4550 4551
f 4546 4551 4547
f 4549 4553 4554
f 4549 4554 4550
f 4552 4555 4556
f 4552 4551 4555
f 4549 4556 4553
f 4549 4552 4556
f 4550 4554 4555
f 4550 4555 4551
f 4553 4557 4558
f 4553 4558 4554
f 4556 4559 4560
f 4556 4555 4559
f 4553 4560 4557
f 4553 4556 4560
f 4554 4558 4559
f 4554 4559 4555
f 4557 4561 4562
f 4557 4562 4558
f 4560 4563 4564
f 4560 4559 4563
f 4557 4564 4561
f 4557 4560 4564
f 4558 4562 4563
f 4558 4563 4559
f 4561 4565 4566
f 4561 4566 4562
f 4564 4567 4568
f 4564 4563 4567
f 4561 4568 4565
f 4561 4564 4568
f 4562 4566 4567
f 4562 4567 4563
f 4565 4569 4570
f 4565 4570 4566
f 4568 4571 4572
f 4568 4567 4571
f 4565 4572 4569
f 4565 4568 4572
f 4566 4570 4571
f 4566 4571 4567
f 4569 4573 4574
f 4569 4574 4570
f 4572 4575 4576
f 4572 4571 4575
f 4569 4576 4573
f 4569 4572 4576
f 4570 4574 4575
f 4570 4575 4571
f 4573 4577 4578
f 4573 4578 4574
f 4576 4579 4580
f 4576 4575 4579
f 4573 4580 4577
f 4573 4576 4580
f 4574 4578 4579
f 4574 4579 4575
f 4577 4581 4582
f 4577 4582 4578
f 4580 4583 4584
f 4580 4579 4583
f 4577 4584 4581
f 4577 4580 4584
f 4578 4582 4583
f 4578 4583 4579
f 4581 4585 4586
f 4581 4586 4582
f 4584 4587 4588
f 4584 4583 4587
f 4581 4588 4585
f 4581 4584 4588
f 4582 4586 4587
f 4582 4587 4583
f 4585 4589 4590
f 4585 4590 4586
f 4588 4591 4592
f 4588 4587 4591
f 4585 4592 4589
f 4585 4588 4592
f 4586 4590 4591
f 4586 4591 4587
f 4589 4593 4594
f 4589 4594 4590
f 4592 4595 4596
f 4592 4591 4595
f 4589 4596 4593
f 4589 4592 4596
f 4590 4594 4595
f 4590 4595 4591
f 4593 4341 4344
f 4593 4344 4594
f 4596 4348 4345
f 4596 4595 4348
f 4593 4345 4341
f 4593 4596 4345
f 4594 4344 4348
f 4594 4348 4595
f 4597 4598 4599
f 4597 4599 4600
f 4601 4602 4603
f 4601 4604 4602
f 4597 4603 4598
f 4597 4601 4603
f 4600 4599 4602
f 4600 4602 4604
f 4598 4605 4606
f 4598 4606 4599
f 4603 4607 4608
f 4603 4602 4607
f 4598 4608 4605
f 4598 4603 4608
f 4599 4606 4607
f 4599 4607 4602
f 4605 4609 4610
f 4605 4610 4606
f 4608 4611 4612
f 4608 4607 4611
f 4605 4612 4609
f 4605 4608 4612
f 4606 4610 4611
f 4606 4611 4607
f 4609 4613 4614
f 4609 4614 4610
f 4612 4615 4616
f 4612 4611 4615
f 4609 4616 4613
f 4609 4612 4616
f 4610 4614 4615
f 4610 4615 4611
f 4613 4617 4618
f 4613 4618 4614
f 4616 4619 4620
f 4616 4615 4619
f 4613 4620 4617
f 4613 4616 4620
f 4614 4618 4619
f 4614 4619 4615
f 4617 4621 4622
f 4617 4622 4618
f 4620 4623 4624
f 4620 4619 4623
f 4617 4624 4621
f 4617 4620 4624
f 4618 4622 4623
f 4618 4623 4619
f 4621 4625 4626
f 4621 4626 4622
f 4624 4627 4628
f 4624 4623 4627
f 4621 4628 4625
f 4621 4624 4628
f 4622 4626 4627
f 4622 4627 4623
f 4625 4629 4630
f 4625 4630 4626
f 4628 4631 4632
f 4628 4627 4631
f 4625 4632 4629
f 4625 4628 4632
f 4626 4630 4631
f 4626 4631 4627
f 4629 4633 4634
f 4629 4634 4630
f 4632 4635 4636
f 4632 4631 4635
f 4629 4636 4633
f 4629 4632 4636
f 4630 4634 4635
f 4630 4635 4631
f 4633 4637 4638
f 4633 4638 4634
f 4636 4639 4640
f 4636 4635 4639
f 4633 4640 4637
f 4633 4636 4640
f 4634 4638 4639
f 4634 4639 4635
f 4637 4641 4642
f 4637 4642 4638
f 4640 4643 4644
f 4640 4639 4643
f 4637 4644 4641
f 4637 4640 4644
f 4638 4642 4643
f 4638 4643 4639
f 4641 4645 4646
f 4641 4646 4642
f 4644 4647 4648
f 4644 4643 4647
f 4641 4648 4645
f 4641 4644 4648
f 4642 4646 4647
f 4642 4647 4643
f 4645 4649 4650
f 4645 4650 4646
f 4648 4651 4652
f 4648 4647 4651
f 4645 4652 4649
f 4645 4648 4652
f 4646 4650 4651
f 4646 4651 4647
f 4649 4653 4654
f 4649 4654 4650
f 4652 4655 4656
f 4652 4651 4655
f 4649 4656 4653
f 4649 4652 4656
f 4650 4654 4655
f 4650 4655 4651
f 4653 4657 4658
f 4653 4658 4654
f 4656 4659 4660
f 4656 4655 4659
f 4653 4660 4657
f 4653 4656 4660
f 4654 4658 4659
f 4654 4659 4655
f 4657 4661 4662
f 4657 4662 4658
f 4660 4663 4664
f 4660 4659 4663
f 4657 4664 4661
f 4657 4660 4664
f 4658 4662 4663
f 4658 4663 4659
f 4661 4665 4666
f 4661 4666 4662
f 4664 4667 4668
f 4664 4663 4667
f 4661 4668 4665
f 4661 4664 4668
f 4662 4666 4667
f 4662 4667 4663
f 4665 4669 4670
f 4665 4670 4666
f 4668 4671 4672
f 4668 4667 4671
f 4665 4672 4669
f 4665 4668 4672
f 4666 4670 4671
f 4666 4671 4667
f 4669 4673 4674
f 4669 4674 4670
f 4672 4675 4676
f 4672 4671 4675
f 4669 4676 4673
f 4669 4672 4676
f 4670 4674 4675
f 4670 4675 4671
f 4673 4677 4678
f 4673 4678 4674
f 4676 4679 4680
f 4676 4675 4679
f 4673 4680 4677
f 4673 4676 4680
f 4674 4678 4679
f 4674 4679 4675
f 4677 4681 4682
f 4677 4682 4678
f 4680 4683 4684
f 4680 4679 4683
f 4677 4684 4681
f 4677 4680 4684
f 4678 4682 4683
f 4678 4683 4679
f 4681 4685 4686
f 4681 4686 4682
f 4684 4687 4688
f 4684 4683 4687
f 4681 4688 4685
f 4681 4684 4688
f 4682 4686 4687
f 4682 4687 4683
f 4685 4689 4690
f 4685 4690 4686
f 4688 4691 4692
f 4688 4687 4691
f 4685 4692 4689
f 4685 4688 4692
f 4686 4690 4691
f 4686 4691 4687
f 4689 4693 4694
f 4689 4694 4690
f 4692 4695 4696
f 4692 4691 4695
f 4689 4696 4693
f 4689 4692 4696
f 4690 4694 4695
f 4690 4695 4691
f 4693 4697 4698
f 4693 4698 4694
f 4696 4699 4700
f 4696 4695 4699
f 4693 4700 4697
f 4693 4696 4700
f 4694 4698 4699
f 4694 4699 4695
f 4697 4701 4702
f 4697 4702 4698
f 4700 4703 4704
f 4700 4699 4703
f 4697 4704 4701
f 4697 4700 4704
f 4698 4702 4703
f 4698 4703 4699
f 4701 4705 4706
f 4701 4706 4702
f 4704 4707 4708
f 4704 4703 4707
f 4701 4708 4705
f 4701 4704 4708
f 4702 4706 4707
f 4702 4707 4703
f 4705 4709 4710
f 4705 4710 4706
f 4708 4711 4712
f 4708 4707 4711
f 4705 4712 4709
f 4705 4708 4712
f 4706 4710 4711
f 4706 4711 4707
f 4709 4713 4714
f 4709 4714 4710
f 4712 4715 4716
f 4712 4711 4715
f 4709 4716 4713
f 4709 4712 4716
f 4710 4714 4715
f 4710 4715 4711
f 4713 4717 4718
f 4713 4718 4714
f 4716 4719 4720
f 4716 4715 4719
f 4713 4720 4717
f 4713 4716 4720
f 4714 4718 4719
f 4714 4719 4715
f 4717 4721 4722
f 4717 4722 4718
f 4720 4723 4724
f 4720 4719 4723
f 4717 4724 4721
f 4717 4720 4724
f 4718 4722 4723
f 4718 4723 4719
f 4721 4725 4726
f 4721 4726 4722
f 4724 4727 4728
f 4724 4723 4727
f 4721 4728 4725
f 4721 4724 4728
f 4722 4726 4727
f 4722 4727 4723
f 4725 4729 4730
f 4725 4730 4726
f 4728 4731 4732
f 4728 4727 4731
f 4725 4732 4729
f 4725 4728 4732
f 4726 4730 4731
f 4726 4731 4727
f 4729 4733 4734
f 4729 4734 4730
f 4732 4735 4736
f 4732 4731 4735
f 4729 4736 4733
f 4729 4732 4736
f 4730 4734 4735
f 4730 4735 4731
f 4733 4737 4738
f 4733 4738 4734
f 4736 4739 4740
f 4736 4735 4739
f 4733 4740 4737
f 4733 4736 4740
f 4734 4738 4739
f 4734 4739 4735
f 4737 4741 4742
f 4737 4742 4738
f 4740 4743 4744
f 4740 4739 4743
f 4737 4744 4741
f 4737 4740 4744
f 4738 4742 4743
f 4738 4743 4739
f 4741 4745 4746
f 4741 4746 4742
f 4744 4747 4748
f 4744 4743 4747
f 4741 4748 4745
f 4741 4744 4748
f 4742 4746 4747
f 4742 4747 4743
f 4745 4749 4750
f 4745 4750 4746
f 4748 4751 4752
f 4748 4747 4751
f 4745 4752 4749
f 4745 4748 4752
f 4746 4750 4751
f 4746 4751 4747
f 4749 4753 4754
f 4749 4754 4750
f 4752 4755 4756
f 4752 4751 4755
f 4749 4756 4753
f 4749 4752 4756
f 4750 4754 4755
f 4750 4755 4751
f 4753 4757 4758
f 4753 4758 4754
f 4756 4759 4760
f 4756 4755 4759
f 4753 4760 4757
f 4753 4756 4760
f 4754 4758 4759
f 4754 4759 4755
f 4757 4761 4762
f 4757 4762 4758
f 4760 4763 4764
f 4760 4759 4763
f 4757 4764 4761
f 4757 4760 4764
f 4758 4762 4763
f 4758 4763 4759
f 4761 4765 4766
f 4761 4766 4762
f 4764 4767 4768
f 4764 4763 4767
f 4761 4768 4765
f 4761 4764 4768
f 4762 4766 4767
f 4762 4767 4763
f 4765 4769 4770
f 4765 4770 4766
f 4768 4771 4772
f 4768 4767 4771
f 4765 4772 4769
f 4765 4768 4772
f 4766 4770 4771
f 4766 4771 4767
f 4769 4773 4774
f 4769 4774 4770
f 4772 4775 4776
f 4772 4771 4775
f 4769 4776 4773
f 4769 4772 4776
f 4770 4774 4775
f 4770 4775 4771
f 4773 4777 4778
f 4773 4778 4774
f 4776 4779 4780
f 4776 4775 4779
f 4773 4780 4777
f 4773 4776 4780
f 4774 4778 4779
f 4774 4779 4775
f 4777 4781 4782
f 4777 4782 4778
f 4780 4783 4784
f 4780 4779 4783
f 4777 4784 4781
f 4777 4780 4784
f 4778 4782 4783
f 4778 4783 4779
f 4781 4785 4786
f 4781 4786 4782
f 4784 4787 4788
f 4784 4783 4787
f 4781 4788 4785
f 4781 4784 4788
f 4782 4786 4787
f 4782 4787 4783
f 4785 4789 4790
f 4785 4790 4786
f 4788 4791 4792
f 4788 4787 4791
f 4785 4792 4789
f 4785 4788 4792
f 4786 4790 4791
f 4786 4791 4787
f 4789 4793 4794
f 4789 4794 4790
f 4792 4795 4796
f 4792 4791 4795
f 4789 4796 4793
f 4789 4792 4796
f 4790 4794 4795
f 4790 4795 4791
f 4793 4797 4798
f 4793 4798 4794
f 4796 4799 4800
f 4796 4795 4799
f 4793 4800 4797
f 4793 4796 4800
f 4794 4798 4799
f 4794 4799 4795
f 4797 4801 4802
f 4797 4802 4798
f 4800 4803 4804
f 4800 4799 4803
f 4797 4804 4801
f 4797 4800 4804
f 4798 4802 4803
f 4798 4803 4799
f 4801 4805 4806
f 4801 4806 4802
f 4804 4807 4808
f 4804 4803 4807
f 4801 4808 4805
f 4801 4804 4808
f 4802 4806 4807
f 4802 4807 4803
f 4805 4809 4810
f 4805 4810 4806
f 4808 4811 4812
f 4808 4807 4811
f 4805 4812 4809
f 4805 4808 4812
f 4806 4810 4811
f 4806 4811 4807
f 4809 4813 4814
f 4809 4814 4810
f 4812 4815 4816
f 4812 4811 4815
f 4809 4816 4813
f 4809 4812 4816
f 4810 4814 4815
f 4810 4815 4811
f 4813 4817 4818
f 4813 4818 4814
f 4816 4819 4820
f 4816 4815 4819
f 4813 4820 4817
f 4813 4816 4820
f 4814 4818 4819
f 4814 4819 4815
f 4817 4821 4822
f 4817 4822 4818
f 4820 4823 4824
f 4820 4819 4823
f 4817 4824 4821
f 4817 4820 4824
f 4818 4822 4823
f 4818 4823 4819
f 4821 4825 4826
f 4821 4826 4822
f 4824 4827 4828
f 4824 4823 4827
f 4821 4828 4825
f 4821 4824 4828
f 4822 4826 4827
f 4822 4827 4823
f 4825 4829 4830
f 4825 4830 4826
f 4828 4831 4832
f 4828 4827 4831
f 4825 4832 4829
f 4825 4828 4832
f 4826 4830 4831
f 4826 4831 4827
f 4829 4833 4834
f 4829 4834 4830
f 4832 4835 4836
f 4832 4831 4835
f 4829 4836 4833
f 4829 4832 4836
f 4830 4834 4835
f 4830 4835 4831
f 4833 4837 4838
f 4833 4838 4834
f 4836 4839 4840
f 4836 4835 4839
f 4833 4840 4837
f 4833 4836 4840
f 4834 4838 4839
f 4834 4839 4835
f 4837 4841 4842
f 4837 4842 4838
f 4840 4843 4844
f 4840 4839 4843
f 4837 4844 4841
f 4837 4840 4844
f 4838 4842 4843
f 4838 4843 4839
f 4841 4845 4846
f 4841 4846 4842
f 4844 4847 4848
f 4844 4843 4847
f 4841 4848 4845
f 4841 4844 4848
f 4842 4846 4847
f 4842 4847 4843
f 4845 4849 4850
f 4845 4850 4846
f 4848 4851 4852
f 4848 4847 4851
f 4845 4852 4849
f 4845 4848 4852
f 4846 4850 4851
f 4846 4851 4847
f 4849 4597 4600
f 4849 4600 4850
f 4852 4604 4601
f 4852 4851 4604
f 4849 4601 4597
f 4849 4852 4601
f 4850 4600 4604
f 4850 4604 4851
f 4853 4854 4855
f 4853 4855 4856
f 4857 4858 4859
f 4857 4860 4858
f 4853 4859 4854
f 4853 4857 4859
f 4856 4855 4858
f 4856 4858 4860
f 4854 4861 4862
f 4854 4862 4855
f 4859 4863 4864
f 4859 4858 4863
f 4854 4864 4861
f 4854 4859 4864
f 4855 4862 4863
f 4855 4863 4858
f 4861 4865 4866
f 4861 4866 4862
f 4864 4867 4868
f 4864 4863 4867
f 4861 4868 4865
f 4861 4864 4868
f 4862 4866 4867
f 4862 4867 4863
f 4865 4869 4870
f 4865 4870 4866
f 4868 4871 4872
f 4868 4867 4871
f 4865 4872 4869
f 4865 4868 4872
f 4866 4870 4871
f 4866 4871 4867
f 4869 4873 4874
f 4869 4874 4870
f 4872 4875 4876
f 4872 4871 4875
f 4869 4876 4873
f 4869 4872 4876
f 4870 4874 4875
f 4870 4875 4871
f 4873 4877 4878
f 4873 4878 4874
f 4876 4879 4880
f 4876 4875 4879
f 4873 4880 4877
f 4873 4876 4880
f 4874 4878 4879
f 4874 4879 4875
f 4877 4881 4882
f 4877 4882 4878
f 4880 4883 4884
f 4880 4879 4883
f 4877 4884 4881
f 4877 4880 4884
f 4878 4882 4883
f 4878 4883 4879
f 4881 4885 4886
f 4881 4886 4882
f 4884 4887 4888
f 4884 4883 4887
f 4881 4888 4885
f 4881 4884 4888
f 4882 4886 4887
f 4882 4887 4883
f 4885 4889 4890
f 4885 4890 4886
f 4888 4891 4892
f 4888 4887 4891
f 4885 4892 4889
f 4885 4888 4892
f 4886 4890 4891
f 4886 4891 4887
f 4889 4893 4894
f 4889 4894 4890
f 4892 4895 4896
f 4892 4891 4895
f 4889 4896 4893
f 4889 4892 4896
f 4890 4894 4895
f 4890 4895 4891
f 4893 4897 4898
f 4893 4898 4894
f 4896 4899 4900
f 4896 4895 4899
f 4893 4900 4897
f 4893 4896 4900
f 4894 4898 4899
f 4894 4899 4895
f 4897 4901 4902
f 4897 4902 4898
f 4900 4903 4904
f 4900 4899 4903
f 4897 4904 4901
f 4897 4900 4904
f 4898 4902 4903
f 4898 4903 4899
f 4901 4905 4906
f 4901 4906 4902
f 4904 4907 4908
f 4904 4903 4907
f 4901 4908 4905
f 4901 4904 4908
f 4902 4906 4907
f 4902 4907 4903
f 4905 4909 4910
f 4905 4910 4906
f 4908 4911 4912
f 4908 4907 4911
f 4905 4912 4909
f 4905 4908 4912
f 4906 4910 4911
f 4906 4911 4907
f 4909 4913 4914
f 4909 4914 4910
f 4912 4915 4916
f 4912 4911 4915
f 4909 4916 4913
f 4909 4912 4916
f 4910 4914 4915
f 4910 4915 4911
f 4913 4917 4918
f 4913 4918 4914
f 4916 4919 4920
f 4916 4915 4919
f 4913 4920 4917
f 4913 4916 4920
f 4914 4918 4919
f 4914 4919 4915
f 4917 4921 4922
f 4917 4922 4918
f 4920 4923 4924
f 4920 4919 4923
f 4917 4924 4921
f 4917 4920 4924
f 4918 4922 4923
f 4918 4923 4919
f 4921 4925 4926
f 4921 4926 4922
f 4924 4927 4928
f 4924 4923 4927
f 4921 4928 4925
f 4921 4924 4928
f 4922 4926 4927
f 4922 4927 4923
f 4925 4929 4930
f 4925 4930 4926
f 4928 4931 4932
f 4928 4927 4931
f 4925 4932 4929
f 4925 4928 4932
f 4926 4930 4931
f 4926 4931 4927
f 4929 4933 4934
f 4929 4934 4930
f 4932 4935 4936
f 4932 4931 4935
f 4929 4936 4933
f 4929 4932 4936
f 4930 4934 4935
f 4930 4935 4931
f 4933 4937 4938
f 4933 4938 4934
f 4936 4939 4940
f 4936 4935 4939
f 4933 4940 4937
f 4933 4936 4940
f 4934 4938 4939
f 4934 4939 4935
f 4937 4941 4942
f 4937 4942 4938
f 4940 4943 4944
f 4940 4939 4943
f 4937 4944 4941
f 4937 4940 4944
f 4938 4942 4943
f 4938 4943 4939
f 4941 4945 4946
f 4941 4946 4942
f 4944 4947 4948
f 4944 4943 4947
f 4941 4948 4945
f 4941 4944 4948
f 4942 4946 4947
f 4942 4947 4943
f 4945 4949 4950
f 4945 4950 4946
f 4948 4951 4952
f 4948 4947 4951
f 4945 4952 4949
f 4945 4948 4952
f 4946 4950 4951
f 4946 4951 4947
f 4949 4953 4954
f 4949 4954 4950
f 4952 4955 4956
f 4952 4951 4955
f 4949 4956 4953
f 4949 4952 4956
f 4950 4954 4955
f 4950 4955 4951
f 4953 4957 4958
f 4953 4958 4954
f 4956 4959 4960
f 4956 4955 4959
f 4953 4960 4957
f 4953 4956 4960
f 4954 4958 4959
f 4954 4959 4955
f 4957 4961 4962
f 4957 4962 4958
f 4960 4963 4964
f 4960 4959 4963
f 4957 4964 4961
f 4957 4960 4964
f 4958 4962 4963
f 4958 4963 4959
f 4961 4965 4966
f 4961 4966 4962
f 4964 4967 4968
f 4964 4963 4967
f 4961 4968 4965
f 4961 4964 4968
f 4962 4966 4967
f 4962 4967 4963
f 4965 4969 4970
f 4965 4970 4966
f 4968 4971 4972
f 4968 4967 4971
f 4965 4972 4969
f 4965 4968 4972
f 4966 4970 4971
f 4966 4971 4967
f 4969 4973 4974
f 4969 4974 4970
f 4972 4975 4976
f 4972 4971 4975
f 4969 4976 4973
f 4969 4972 4976
f 4970 4974 4975
f 4970 4975 4971
f 4973 4977 4978
f 4973 4978 4974
f 4976 4979 4980
f 4976 4975 4979
f 4973 4980 4977
f 4973 4976 4980
f 4974 4978 4979
f 4974 4979 4975
f 4977 4981 4982
f 4977 4982 4978
f 4980 4983 4984
f 4980 4979 4983
f 4977 4984 4981
f 4977 4980 4984
f 4978 4982 4983
f 4978 4983 4979
f 4981 4985 4986
f 4981 4986 4982
f 4984 4987 4988
f 4984 4983 4987
f 4981 4988 4985
f 4981 4984 4988
f 4982 4986 4987
f 4982 4987 4983
f 4985 4989 4990
f 4985 4990 4986
f 4988 4991 4992
f 4988 4987 4991
f 4985 4992 4989
f 4985 4988 4992
f 4986 4990 4991
f 4986 4991 4987
f 4989 4993 4994
f 4989 4994 4990
f 4992 4995 4996
f 4992 4991 4995
f 4989 4996 4993
f 4989 4992 4996
f 4990 4994 4995
f 4990 4995 4991
f 4993 4997 4998
f 4993 4998 4994
f 4996 4999 5000
f 4996 4995 4999
f 4993 5000 4997
f 4993 4996 5000
f 4994 4998 4999
f 4994 4999 4995
f 4997 5001 5002
f 4997 5002 4998
f 5000 5003 5004
f 5000 4999 5003
f 4997 5004 5001
f 4997 5000 5004
f 4998 5002 5003
f 4998 5003 4999
f 5001 5005 5006
f 5001 5006 5002
f 5004 5007 5008
f 5004 5003 5007
f 5001 5008 5005
f 5001 5004 5008
f 5002 5006 5007
f 5002 5007 5003
f 5005 5009 5010
f 5005 5010 5006
f 5008 5011 5012
f 5008 5007 5011
f 5005 5012 5009
f 5005 5008 5012
f 5006 5010 5011
f 5006 5011 5007
f 5009 5013 5014
f 5009 5014 5010
f 5012 5015 5016
f 5012 5011 5015
f 5009 5016 5013
f 5009 5012 5016
f 5010 5014 5015
f 5010 5015 5011
f 5013 5017 5018
f 5013 5018 5014
f 5016 5019 5020
f 5016 5015 5019
f 5013 5020 5017
f 5013 5016 5020
f 5014 5018 5019
f 5014 5019 5015
f 5017 5021 5022
f 5017 5022 5018
f 5020 5023 5024
f 5020 5019 5023
f 5017 5024 5021
f 5017 5020 5024
f 5018 5022 5023
f 5018 5023 5019
f 5021 5025 5026
f 5021 5026 5022
f 5024 5027 5028
f 5024 5023 5027
f 5021 5028 5025
f 5021 5024 5028
f 5022 5026 5027
f 5022 5027 5023
f 5025 5029 5030
f 5025 5030 5026
f 5028 5031 5032
f 5028 5027 5031
f 5025 5032 5029
f 5025 5028 5032
f 5026 5030 5031
f 5026 5031 5027
f 5029 5033 5034
f 5029 5034 5030
f 5032 5035 5036
f 5032 5031 5035
f 5029 5036 5033
f 5029 5032 5036
f 5030 5034 5035
f 5030 5035 5031
f 5033 5037 5038
f 5033 5038 5034
f 5036 5039 5040
f 5036 5035 5039
f 5033 5040 5037
f 5033 5036 5040
f 5034 5038 5039
f 5034 5039 5035
f 5037 5041 5042
f 5037 5042 5038
f 5040 5043 5044
f 5040 5039 5043
f 5037 5044 5041
f 5037 5040 5044
f 5038 5042 5043
f 5038 5043 5039
f 5041 5045 5046
f 5041 5046 5042
f 5044 5047 5048
f 5044 5043 5047
f 5041 5048 5045
f 5041 5044 5048
f 5042 5046 5047
f 5042 5047 5043
f 5045 5049 5050
f 5045 5050 5046
f 5048 5051 5052
f 5048 5047 5051
f 5045 5052 5049
f 5045 5048 5052
f 5046 5050 5051
f 5046 5051 5047
f 5049 5053 5054
f 5049 5054 5050
f 5052 5055 5056
f 5052 5051 5055
f 5049 5056 5053
f 5049 5052 5056
f 5050 5054 5055
f 5050 5055 5051
f 5053 5057 5058
f 5053 5058 5054
f 5056 5059 5060
f 5056 5055 5059
f 5053 5060 5057
f 5053 5056 5060
f 5054 5058 5059
f 5054 5059 5055
f 5057 5061 5062
f 5057 5062 5058
f 5060 5063 5064
f 5060 5059 5063
f 5057 5064 5061
f 5057 5060 5064
f 5058 5062 5063
f 5058 5063 5059
f 5061 5065 5066
f 5061 5066 5062
f 5064 5067 5068
f 5064 5063 5067
f 5061 5068 5065
f 5061 5064 5068
f 5062 5066 5067
f 5062 5067 5063
f 5065 5069 5070
f 5065 5070 5066
f 5068 5071 5072
f 5068 5067 5071
f 5065 5072 5069
f 5065 5068 5072
f 5066 5070 5071
f 5066 5071 5067
f 5069 5073 5074
f 5069 5074 5070
f 5072 5075 5076
f 5072 5071 5075
f 5069 5076 5073
f 5069 5072 5076
f 5070 5074 5075
f 5070 5075 5071
f 5073 5077 5078
f 5073 5078 5074
f 5076 5079 5080
f 5076 5075 5079
f 5073 5080 5077
f 5073 5076 5080
f 5074 5078 5079
f 5074 5079 5075
f 5077 5081 5082
f 5077 5082 5078
f 5080 5083 5084
f 5080 5079 5083
f 5077 5084 5081
f 5077 5080 5084
f 5078 5082 5083
f 5078 5083 5079
f 5081 5085 5086
f 5081 5086 5082
f 5084 5087 5088
f 5084 5083 5087
f 5081 5088 5085
f 5081 5084 5088
f 5082 5086 5087
f 5082 5087 5083
f 5085 5089 5090
f 5085 5090 5086
f 5088 5091 5092
f 5088 5087 5091
f 5085 5092 5089
f 5085 5088 5092
f 5086 5090 5091
f 5086 5091 5087
f 5089 5093 5094
f 5089 5094 5090
f 5092 5095 5096
f 5092 5091 5095
f 5089 5096 5093
f 5089 5092 5096
f 5090 5094 5095
f 5090 5095 5091
f 5093 5097 5098
f 5093 5098 5094
f 5096 5099 5100
f 5096 5095 5099
f 5093 5100 5097
f 5093 5096 5100
f 5094 5098 5099
f 5094 5099 5095
f 5097 5101 5102
f 5097 5102 5098
f 5100 5103 5104
f 5100 5099 5103
f 5097 5104 5101
f 5097 5100 5104
f 5098 5102 5103
f 5098 5103 5099
f 5101 5105 5106
f 5101 5106 5102
f 5104 5107 5108
f 5104 5103 5107
f 5101 5108 5105
f 5101 5104 5108
f 5102 5106 5107
f 5102 5107 5103
f 5105 4853 4856
f 5105 4856 5106
f 5108 4860 4857
f 5108 5107 4860
f 5105 4857 4853
f 5105 5108 4857
f 5106 4856 4860
f 5106 4860 5107
o Front_left_rim
usemtl Aluminum
v -54.30000 -63.00000 16.00000
v -54.38614 -63.00000 17.53391
v -54.38614 -53.00000 17.53391
v -54.30000 -53.00000 16.00000
v -56.50000 -63.00000 16.00000
v -56.57231 -53.00000 17.28759
v -56.57231 -63.00000 17.28759
v -56.50000 -53.00000 16.00000
v -54.64349 -63.00000 19.04854
v -54.64349 -53.00000 19.04854
v -56.78833 -53.00000 18.55899
v -56.78833 -63.00000 18.55899
v -55.06880 -63.00000 20.52482
v -55.06880 -53.00000 20.52482
v -57.14534 -53.00000 19.79821
v -57.14534 -63.00000 19.79821
v -55.65673 -63.00000 21.94421
v -55.65673 -53.00000 21.94421
v -57.63886 -53.00000 20.98966
v -57.63886 -63.00000 20.98966
v -56.39988 -63.00000 23.28884
v -56.39988 -53.00000 23.28884
v -58.26267 -53.00000 22.11837
v -58.26267 -63.00000 22.11837
v -57.28891 -63.00000 24.54181
v -57.28891 -53.00000 24.54181
v -59.00894 -53.00000 23.17013
v -59.00894 -63.00000 23.17013
v -58.31264 -63.00000 25.68736
v -58.31264 -53.00000 25.68736
v -59.86827 -53.00000 24.13173
v -59.86827 -63.00000 24.13173
v -59.45819 -63.00000 26.71109
v -59.45819 -53.00000 26.71109
v -60.82987 -53.00000 24.99106
v -60.82987 -63.00000 24.99106
v -60.71116 -63.00000 27.60012
v -60.71116 -53.00000 27.60012
v -61.88163 -53.00000 25.73733
v -61.88163 -63.00000 25.73733
v -62.05579 -63.00000 28.34327
v -62.05579 -53.00000 28.34327
v -63.01034 -53.00000 26.36114
v -63.01034 -63.00000 26.36114
v -63.47518 -63.00000 28.93120
v -63.47518 -53.00000 28.93120
v -64.20179 -53.00000 26.85466
v -64.20179 -63.00000 26.85466
v -64.95146 -63.00000 29.35651
v -64.95146 -53.00000 29.35651
v -65.44101 -53.00000 27.21167
v -65.44101 -63.00000 27.21167
v -66.46609 -63.00000 29.61386
v -66.46609 -53.00000 29.61386
v -66.71241 -53.00000 27.42769
v -66.71241 -63.00000 27.42769
v -68.00000 -63.00000 29.70000
v -68.00000 -53.00000 29.70000
v -68.00000 -53.00000 27.50000
v -68.00000 -63.00000 27.50000
v -69.53391 -63.00000 29.61386
v -69.53391 -53.00000 29.61386
v -69.28759 -53.00000 27.42769
v -69.28759 -63.00000 27.42769
v -71.04854 -63.00000 29.35651
v -71.04854 -53.00000 29.35651
v -70.55899 -53.00000 27.21167
v -70.55899 -63.00000 27.21167
v -72.52482 -63.00000 28.93120
v -72.52482 -53.00000 28.93120
v -71.79821 -53.00000 26.85466
v -71.79821 -63.00000 26.85466
v -73.94421 -63.00000 28.34327
v -73.94421 -53.00000 28.34327
v -72.98966 -53.00000 26.36114
v -72.98966 -63.00000 26.36114
v -75.28884 -63.00000 27.60012
v -75.28884 -53.00000 27.60012
v -74.11837 -53.00000 25.73733
v -74.11837 -63.00000 25.73733
v -76.54181 -63.00000 26.71109
v -76.54181 -53.00000 26.71109
v -75.17013 -53.00000 24.99106
v -75.17013 -63.00000 24.99106
v -77.68736 -63.00000 25.68736
v -77.68736 -53.00000 25.68736
v -76.13173 -53.00000 24.13173
v -76.13173 -63.00000 24.13173
v -78.71109 -63.00000 24.54181
v -78.71109 -53.00000 24.54181
v -76.99106 -53.00000 23.17013
v -76.99106 -63.00000 23.17013
v -79.60012 -63.00000 23.28884
v -79.60012 -53.00000 23.28884
v -77.73733 -53.00000 22.11837
v -77.73733 -63.00000 22.11837
v -80.34327 -63.00000 21.94421
v -80.34327 -53.00000 21.94421
v -78.36114 -53.00000 20.98966
v -78.36114 -63.00000 20.98966
v -80.93120 -63.00000 20.52482
v -80.93120 -53.00000 20.52482
v -78.85466 -53.00000 19.79821
v -78.85466 -63.00000 19.79821
v -81.35651 -63.00000 19.04854
v -81.35651 -53.00000 19.04854
v -79.21167 -53.00000 18.55899
v -79.21167 -63.00000 18.55899
v -81.61386 -63.00000 17.53391
v -81.61386 -53.00000 17.53391
v -79.42769 -53.00000 17.28759
v -79.42769 -63.00000 17.28759
v -81.70000 -63.00000 16.00000
v -81.70000 -53.00000 16.00000
v -79.50000 -53.00000 16.00000
v -79.50000 -63.00000 16.00000
v -81.61386 -63.00000 14.46609
v -81.61386 -53.00000 14.46609
v -79.42769 -53.00000 14.71241
v -79.42769 -63.00000 14.71241
v -81.35651 -63.00000 12.95146
v -81.35651 -53.00000 12.95146
v -79.21167 -53.00000 13.44101
v -79.21167 -63.00000 13.44101
v -80.93120 -63.00000 11.47518
v -80.93120 -53.00000 11.47518
v -78.85466 -53.00000 12.20179
v -78.85466 -63.00000 12.20179
v -80.34327 -63.00000 10.05579
v -80.34327 -53.00000 10.05579
v -78.36114 -53.00000 11.01034
v -78.36114 -63.00000 11.01034
v -79.60012 -63.00000 8.71116
v -79.60012 -53.00000 8.71116
v -77.73733 -53.00000 9.88163
v -77.73733 -63.00000 9.88163
v -78.71109 -63.00000 7.45819
v -78.71109 -53.00000 7.45819
v -76.99106 -53.00000 8.82987
v -76.99106 -63.00000 8.82987
v -77.68736 -63.00000 6.31264
v -77.68736 -53.00000 6.31264
v -76.13173 -53.00000 7.86827
v -76.13173 -63.00000 7.86827
v -76.54181 -63.00000 5.28891
v -76.54181 -53.00000 5.28891
v -75.17013 -53.00000 7.00894
v -75.17013 -63.00000 7.00894
v -75.28884 -63.00000 4.39988
v -75.28884 -53.00000 4.39988
v -74.11837 -53.00000 6.26267
v -74.11837 -63.00000 6.26267
v -73.94421 -63.00000 3.65673
v -73.94421 -53.00000 3.65673
v -72.98966 -53.00000 5.63886
v -72.98966 -63.00000 5.63886
v -72.52482 -63.00000 3.06880
v -72.52482 -53.00000 3.06880
v -71.79821 -53.00000 5.14534
v -71.79821 -63.00000 5.14534
v -71.04854 -63.00000 2.64349
v -71.04854 -53.00000 2.64349
v -70.55899 -53.00000 4.78833
v -70.55899 -63.00000 4.78833
v -69.53391 -63.00000 2.38614
v -69.53391 -53.00000 2.38614
v -69.28759 -53.00000 4.57231
v -69.28759 -63.00000 4.57231
v -68.00000 -63.00000 2.30000
v -68.00000 -53.00000 2.30000
v -68.00000 -53.00000 4.50000
v -68.00000 -63.00000 4.50000
v -66.46609 -63.00000 2.38614
v -66.46609 -53.00000 2.38614
v -66.71241 -53.00000 4.57231
v -66.71241 -63.00000 4.57231
v -64.95146 -63.00000 2.64349
v -64.95146 -53.00000 2.64349
v -65.44101 -53.00000 4.78833
v -65.44101 -63.00000 4.78833
v -63.47518 -63.00000 3.06880
v -63.47518 -53.00000 3.06880
v -64.20179 -53.00000 5.14534
v -64.20179 -63.00000 5.14534
v -62.05579 -63.00000 3.65673
v -62.05579 -53.00000 3.65673
v -63.01034 -53.00000 5.63886
v -63.01034 -63.00000 5.63886
v -60.71116 -63.00000 4.39988
v -60.71116 -53.00000 4.39988
v -61.88163 -53.00000 6.26267
v -61.88163 -63.00000 6.26267
v -59.45819 -63.00000 5.28891
v -59.45819 -53.00000 5.28891
v -60.82987 -53.00000 7.00894
v -60.82987 -63.00000 7.00894
v -58.31264 -63.00000 6.31264
v -58.31264 -53.00000 6.31264
v -59.86827 -53.00000 7.86827
v -59.86827 -63.00000 7.86827
v -57.28891 -63.00000 7.45819
v -57.28891 -53.00000 7.45819
v -59.00894 -53.00000 8.82987
v -59.00894 -63.00000 8.82987
v -56.39988 -63.00000 8.71116
v -56.39988 -53.00000 8.71116
v -58.26267 -53.00000 9.88163
v -58.26267 -63.00000 9.88163
v -55.65673 -63.00000 10.05579
v -55.65673 -53.00000 10.05579
v -57.63886 -53.00000 11.01034
v -57.63886 -63.00000 11.01034
v -55.06880 -63.00000 11.47518
v -55.06880 -53.00000 11.47518
v -57.14534 -53.00000 12.20179
v -57.14534 -63.00000 12.20179
v -54.64349 -63.00000 12.95146
v -54.64349 -53.00000 12.95146
v -56.78833 -53.00000 13.44101
v -56.78833 -63.00000 13.44101
v -54.38614 -63.00000 14.46609
v -54.38614 -53.00000 14.46609
v -56.57231 -53.00000 14.71241
v -56.57231 -63.00000 14.71241
v -61.80000 -63.00000 16.00000
v -61.87633 -63.00000 16.96989
v -61.87633 -53.00000 16.96989
v -61.80000 -53.00000 16.00000
v -64.10000 -63.00000 16.00000
v -64.14802 -53.00000 16.61009
v -64.14802 -63.00000 16.61009
v -64.10000 -53.00000 16.00000
v -62.10345 -63.00000 17.91591
v -62.10345 -53.00000 17.91591
v -64.29088 -53.00000 17.20517
v -64.29088 -63.00000 17.20517
v -62.47576 -63.00000 18.81474
v -62.47576 -53.00000 18.81474
v -64.52507 -53.00000 17.77056
v -64.52507 -63.00000 17.77056
v -62.98409 -63.00000 19.64427
v -62.98409 -53.00000 19.64427
v -64.84483 -53.00000 18.29236
v -64.84483 -63.00000 18.29236
v -63.61594 -63.00000 20.38406
v -63.61594 -53.00000 20.38406
v -65.24228 -53.00000 18.75772
v -65.24228 -63.00000 18.75772
v -64.35573 -63.00000 21.01591
v -64.35573 -53.00000 21.01591
v -65.70764 -53.00000 19.15517
v -65.70764 -63.00000 19.15517
v -65.18526 -63.00000 21.52424
v -65.18526 -53.00000 21.52424
v -66.22944 -53.00000 19.47493
v -66.22944 -63.00000 19.47493
v -66.08409 -63.00000 21.89655
v -66.08409 -53.00000 21.89655
v -66.79483 -53.00000 19.70912
v -66.79483 -63.00000 19.70912
v -67.03011 -63.00000 22.12367
v -67.03011 -53.00000 22.12367
v -67.38991 -53.00000 19.85198
v -67.38991 -63.00000 19.85198
v -68.00000 -63.00000 22.20000
v -68.00000 -53.00000 22.20000
v -68.00000 -53.00000 19.90000
v -68.00000 -63.00000 19.90000
v -68.96989 -63.00000 22.12367
v -68.96989 -53.00000 22.12367
v -68.61009 -53.00000 19.85198
v -68.61009 -63.00000 19.85198
v -69.91591 -63.00000 21.89655
v -69.91591 -53.00000 21.89655
v -69.20517 -53.00000 19.70912
v -69.20517 -63.00000 19.70912
v -70.81474 -63.00000 21.52424
v -70.81474 -53.00000 21.52424
v -69.77056 -53.00000 19.47493
v -69.77056 -63.00000 19.47493
v -71.64427 -63.00000 21.01591
v -71.64427 -53.00000 21.01591
v -70.29236 -53.00000 19.15517
v -70.29236 -63.00000 19.15517
v -72.38406 -63.00000 20.38406
v -72.38406 -53.00000 20.38406
v -70.75772 -53.00000 18.75772
v -70.75772 -63.00000 18.75772
v -73.01591 -63.00000 19.64427
v -73.01591 -53.00000 19.64427
v -71.15517 -53.00000 18.29236
v -71.15517 -63.00000 18.29236
v -73.52424 -63.00000 18.81474
v -73.52424 -53.00000 18.81474
v -71.47493 -53.00000 17.77056
v -71.47493 -63.00000 17.77056
v -73.89655 -63.00000 17.91591
v -73.89655 -53.00000 17.91591
v -71.70912 -53.00000 17.20517
v -71.70912 -63.00000 17.20517
v -74.12367 -63.00000 16.96989
v -74.12367 -53.00000 16.96989
v -71.85198 -53.00000 16.61009
v -71.85198 -63.00000 16.61009
v -74.20000 -63.00000 16.00000
v -74.20000 -53.00000 16.00000
v -71.90000 -53.00000 16.00000
v -71.90000 -63.00000 16.00000
v -74.12367 -63.00000 15.03011
v -74.12367 -53.00000 15.03011
v -71.85198 -53.00000 15.38991
v -71.85198 -63.00000 15.38991
v -73.89655 -63.00000 14.08409
v -73.89655 -53.00000 14.08409
v -71.70912 -53.00000 14.79483
v -71.70912 -63.00000 14.79483
v -73.52424 -63.00000 13.18526
v -73.52424 -53.00000 13.18526
v -71.47493 -53.00000 14.22944
v -71.47493 -63.00000 14.22944
v -73.01591 -63.00000 12.35573
v -73.01591 -53.00000 12.35573
v -71.15517 -53.00000 13.70764
v -71.15517 -63.00000 13.70764
v -72.38406 -63.00000 11.61594
v -72.38406 -53.00000 11.61594
v -70.75772 -53.00000 13.24228
v -70.75772 -63.00000 13.24228
v -71.64427 -63.00000 10.98409
v -71.64427 -53.00000 10.98409
v -70.29236 -53.00000 12.84483
v -70.29236 -63.00000 12.84483
v -70.81474 -63.00000 10.47576
v -70.81474 -53.00000 10.47576
v -69.77056 -53.00000 12.52507
v -69.77056 -63.00000 12.52507
v -69.91591 -63.00000 10.10345
v -69.91591 -53.00000 10.10345
v -69.20517 -53.00000 12.29088
v -69.20517 -63.00000 12.29088
v -68.96989 -63.00000 9.87633
v -68.96989 -53.00000 9.87633
v -68.61009 -53.00000 12.14802
v -68.61009 -63.00000 12.14802
v -68.00000 -63.00000 9.80000
v -68.00000 -53.00000 9.80000
v -68.00000 -53.00000 12.10000
v -68.00000 -63.00000 12.10000
v -67.03011 -63.00000 9.87633
v -67.03011 -53.00000 9.87633
v -67.38991 -53.00000 12.14802
v -67.38991 -63.00000 12.14802
v -66.08409 -63.00000 10.10345
v -66.08409 -53.00000 10.10345
v -66.79483 -53.00000 12.29088
v -66.79483 -63.00000 12.29088
v -65.18526 -63.00000 10.47576
v -65.18526 -53.00000 10.47576
v -66.22944 -53.00000 12.52507
v -66.22944 -63.00000 12.52507
v -64.35573 -63.00000 10.98409
v -64.35573 -53.00000 10.98409
v -65.70764 -53.00000 12.84483
v -65.70764 -63.00000 12.84483
v -63.61594 -63.00000 11.61594
v -63.61594 -53.00000 11.61594
v -65.24228 -53.00000 13.24228
v -65.24228 -63.00000 13.24228
v -62.98409 -63.00000 12.35573
v -62.98409 -53.00000 12.35573
v -64.84483 -53.00000 13.70764
v -64.84483 -63.00000 13.70764
v -62.47576 -63.00000 13.18526
v -62.47576 -53.00000 13.18526
v -64.52507 -53.00000 14.22944
v -64.52507 -63.00000 14.22944
v -62.10345 -63.00000 14.08409
v -62.10345 -53.00000 14.08409
v -64.29088 -53.00000 14.79483
v -64.29088 -63.00000 14.79483
v -61.87633 -63.00000 15.03011
v -61.87633 -53.00000 15.03011
v -64.14802 -53.00000 15.38991
v -64.14802 -63.00000 15.38991
v -62.50000 -63.20000 16.00000
v -62.39323 -63.00902 15.42199
v -55.85368 -63.00902 16.62998
v -55.96045 -63.20000 17.20798
v -62.32724 -62.50902 15.06477
v -55.78769 -62.50902 16.27275
v -62.32724 -61.89098 15.06477
v -55.78769 -61.89098 16.27275
v -62.39323 -61.39098 15.42199
v -55.85368 -61.39098 16.62998
v -62.50000 -61.20000 16.00000
v -55.96045 -61.20000 17.20798
v -62.60677 -61.39098 16.57801
v -56.06722 -61.39098 17.78599
v -62.67276 -61.89098 16.93523
v -56.13321 -61.89098 18.14322
v -62.67276 -62.50902 16.93523
v -56.13321 -62.50902 18.14322
v -62.60677 -63.00902 16.57801
v -56.06722 -63.00902 17.78599
v -63.23686 -63.20000 18.75000
v -62.85539 -63.00902 18.30282
v -57.79597 -63.00902 22.61874
v -58.17744 -63.20000 23.06592
v -62.61963 -62.50902 18.02644
v -57.56021 -62.50902 22.34236
v -62.61963 -61.89098 18.02644
v -57.56021 -61.89098 22.34236
v -62.85539 -61.39098 18.30282
v -57.79597 -61.39098 22.61874
v -63.23686 -61.20000 18.75000
v -58.17744 -61.20000 23.06592
v -63.61833 -61.39098 19.19718
v -58.55890 -61.39098 23.51310
v -63.85409 -61.89098 19.47356
v -58.79466 -61.89098 23.78948
v -63.85409 -62.50902 19.47356
v -58.79466 -62.50902 23.78948
v -63.61833 -63.00902 19.19718
v -58.55890 -63.00902 23.51310
v -66.19244 -62.20000 21.09751
v -66.01245 -62.78779 21.03365
v -63.78882 -62.78779 27.30106
v -63.96881 -62.20000 27.36492
v -65.54123 -63.15106 20.86647
v -63.31760 -63.15106 27.13388
v -64.95877 -63.15106 20.65981
v -62.73514 -63.15106 26.92722
v -64.48755 -62.78779 20.49263
v -62.26392 -62.78779 26.76004
v -64.30756 -62.20000 20.42877
v -62.08393 -62.20000 26.69618
v -64.48755 -61.61221 20.49263
v -62.26392 -61.61221 26.76004
v -64.95877 -61.24894 20.65981
v -62.73514 -61.24894 26.92722
v -65.54123 -61.24894 20.86647
v -63.31760 -61.24894 27.13388
v -66.01245 -61.61221 21.03365
v -63.78882 -61.61221 27.30106
v -68.98336 -62.20000 21.31835
v -68.79556 -62.78779 21.35304
v -70.00354 -62.78779 27.89260
v -70.19135 -62.20000 27.85790
v -68.30388 -63.15106 21.44387
v -69.51186 -63.15106 27.98342
v -67.69612 -63.15106 21.55613
v -68.90411 -63.15106 28.09568
v -67.20444 -62.78779 21.64696
v -68.41243 -62.78779 28.18651
v -67.01664 -62.20000 21.68165
v -68.22462 -62.20000 28.22120
v -67.20444 -61.61221 21.64696
v -68.41243 -61.61221 28.18651
v -67.69612 -61.24894 21.55613
v -68.90411 -61.24894 28.09568
v -68.30388 -61.24894 21.44387
v -69.51186 -61.24894 27.98342
v -68.79556 -61.61221 21.35304
v -70.00354 -61.61221 27.89260
v -70.75000 -61.20000 20.76314
v -71.19718 -61.39098 20.38167
v -75.51310 -61.39098 25.44110
v -75.06592 -61.20000 25.82256
v -71.47356 -61.89098 20.14591
v -75.78948 -61.89098 25.20534
v -71.47356 -62.50902 20.14591
v -75.78948 -62.50902 25.20534
v -71.19718 -63.00902 20.38167
v -75.51310 -63.00902 25.44110
v -70.75000 -63.20000 20.76314
v -75.06592 -63.20000 25.82256
v -70.30282 -63.00902 21.14461
v -74.61874 -63.00902 26.20403
v -70.02644 -62.50902 21.38037
v -74.34236 -62.50902 26.43979
v -70.02644 -61.89098 21.38037
v -74.34236 -61.89098 26.43979
v -70.30282 -61.39098 21.14461
v -74.61874 -61.39098 26.20403
v -72.76314 -61.20000 18.75000
v -72.95968 -61.39098 18.19605
v -79.22709 -61.39098 20.41968
v -79.03055 -61.20000 20.97363
v -73.08115 -61.89098 17.85368
v -79.34855 -61.89098 20.07731
v -73.08115 -62.50902 17.85368
v -79.34855 -62.50902 20.07731
v -72.95968 -63.00902 18.19605
v -79.22709 -63.00902 20.41968
v -72.76314 -63.20000 18.75000
v -79.03055 -63.20000 20.97363
v -72.56660 -63.00902 19.30395
v -78.83401 -63.00902 21.52758
v -72.44513 -62.50902 19.64632
v -78.71254 -62.50902 21.86995
v -72.44513 -61.89098 19.64632
v -78.71254 -61.89098 21.86995
v -72.56660 -61.39098 19.30395
v -78.83401 -61.39098 21.52758
v -73.50000 -61.20000 16.00000
v -73.39323 -61.39098 15.42199
v -79.93278 -61.39098 14.21401
v -80.03955 -61.20000 14.79202
v -73.32724 -61.89098 15.06477
v -79.86679 -61.89098 13.85678
v -73.32724 -62.50902 15.06477
v -79.86679 -62.50902 13.85678
v -73.39323 -63.00902 15.42199
v -79.93278 -63.00902 14.21401
v -73.50000 -63.20000 16.00000
v -80.03955 -63.20000 14.79202
v -73.60677 -63.00902 16.57801
v -80.14632 -63.00902 15.37002
v -73.67276 -62.50902 16.93523
v -80.21231 -62.50902 15.72725
v -73.67276 -61.89098 16.93523
v -80.21231 -61.89098 15.72725
v -73.60677 -61.39098 16.57801
v -80.14632 -61.39098 15.37002
v -72.76314 -61.20000 13.25000
v -72.38167 -61.39098 12.80282
v -77.44110 -61.39098 8.48690
v -77.82256 -61.20000 8.93408
v -72.14591 -61.89098 12.52644
v -77.20534 -61.89098 8.21052
v -72.14591 -62.50902 12.52644
v -77.20534 -62.50902 8.21052
v -72.38167 -63.00902 12.80282
v -77.44110 -63.00902 8.48690
v -72.76314 -63.20000 13.25000
v -77.82256 -63.20000 8.93408
v -73.14461 -63.00902 13.69718
v -78.20403 -63.00902 9.38126
v -73.38037 -62.50902 13.97356
v -78.43979 -62.50902 9.65764
v -73.38037 -61.89098 13.97356
v -78.43979 -61.89098 9.65764
v -73.14461 -61.39098 13.69718
v -78.20403 -61.39098 9.38126
v -69.80756 -62.20000 10.90249
v -69.98755 -62.78779 10.96635
v -72.21118 -62.78779 4.69894
v -72.03119 -62.20000 4.63508
v -70.45877 -63.15106 11.13353
v -72.68240 -63.15106 4.86612
v -71.04123 -63.15106 11.34019
v -73.26486 -63.15106 5.07278
v -71.51245 -62.78779 11.50737
v -73.73608 -62.78779 5.23996
v -71.69244 -62.20000 11.57123
v -73.91607 -62.20000 5.30382
v -71.51245 -61.61221 11.50737
v -73.73608 -61.61221 5.23996
v -71.04123 -61.24894 11.34019
v -73.26486 -61.24894 5.07278
v -70.45877 -61.24894 11.13353
v -72.68240 -61.24894 4.86612
v -69.98755 -61.61221 10.96635
v -72.21118 -61.61221 4.69894
v -67.01664 -62.20000 10.68165
v -67.20444 -62.78779 10.64696
v -65.99646 -62.78779 4.10740
v -65.80865 -62.20000 4.14210
v -67.69612 -63.15106 10.55613
v -66.48814 -63.15106 4.01658
v -68.30388 -63.15106 10.44387
v -67.09589 -63.15106 3.90432
v -68.79556 -62.78779 10.35304
v -67.58757 -62.78779 3.81349
v -68.98336 -62.20000 10.31835
v -67.77538 -62.20000 3.77880
v -68.79556 -61.61221 10.35304
v -67.58757 -61.61221 3.81349
v -68.30388 -61.24894 10.44387
v -67.09589 -61.24894 3.90432
v -67.69612 -61.24894 10.55613
v -66.48814 -61.24894 4.01658
v -67.20444 -61.61221 10.64696
v -65.99646 -61.61221 4.10740
v -65.25000 -63.20000 11.23686
v -65.69718 -63.00902 10.85539
v -61.38126 -63.00902 5.79597
v -60.93408 -63.20000 6.17744
v -65.97356 -62.50902 10.61963
v -61.65764 -62.50902 5.56021
v -65.97356 -61.89098 10.61963
v -61.65764 -61.89098 5.56021
v -65.69718 -61.39098 10.85539
v -61.38126 -61.39098 5.79597
v -65.25000 -61.20000 11.23686
v -60.93408 -61.20000 6.17744
v -64.80282 -61.39098 11.61833
v -60.48690 -61.39098 6.55890
v -64.52644 -61.89098 11.85409
v -60.21052 -61.89098 6.79466
v -64.52644 -62.50902 11.85409
v -60.21052 -62.50902 6.79466
v -64.80282 -63.00902 11.61833
v -60.48690 -63.00902 6.55890
v -63.23686 -63.20000 13.25000
v -63.43340 -63.00902 12.69605
v -57.16599 -63.00902 10.47242
v -56.96945 -63.20000 11.02637
v -63.55487 -62.50902 12.35368
v -57.28746 -62.50902 10.13005
v -63.55487 -61.89098 12.35368
v -57.28746 -61.89098 10.13005
v -63.43340 -61.39098 12.69605
v -57.16599 -61.39098 10.47242
v -63.23686 -61.20000 13.25000
v -56.96945 -61.20000 11.02637
v -63.04032 -61.39098 13.80395
v -56.77291 -61.39098 11.58032
v -62.91885 -61.89098 14.14632
v -56.65145 -61.89098 11.92269
v -62.91885 -62.50902 14.14632
v -56.65145 -62.50902 11.92269
v -63.04032 -63.00902 13.80395
v -56.77291 -63.00902 11.58032
f 5109 5110 5111
f 5109 5111 5112
f 5113 5114 5115
f 5113 5116 5114
f 5109 5115 5110
f 5109 5113 5115
f 5112 5111 5114
f 5112 5114 5116
f 5110 5117 5118
f 5110 5118 5111
f 5115 5119 5120
f 5115 5114 5119
f 5110 5120 5117
f 5110 5115 5120
f 5111 5118 5119
f 5111 5119 5114
f 5117 5121 5122
f 5117 5122 5118
f 5120 5123 5124
f 5120 5119 5123
f 5117 5124 5121
f 5117 5120 5124
f 5118 5122 5123
f 5118 5123 5119
f 5121 5125 5126
f 5121 5126 5122
f 5124 5127 5128
f 5124 5123 5127
f 5121 5128 5125
f 5121 5124 5128
f 5122 5126 5127
f 5122 5127 5123
f 5125 5129 5130
f 5125 5130 5126
f 5128 5131 5132
f 5128 5127 5131
f 5125 5132 5129
f 5125 5128 5132
f 5126 5130 5131
f 5126 5131 5127
f 5129 5133 5134
f 5129 5134 5130
f 5132 5135 5136
f 5132 5131 5135
f 5129 5136 5133
f 5129 5132 5136
f 5130 5134 5135
f 5130 5135 5131
f 5133 5137 5138
f 5133 5138 5134
f 5136 5139 5140
f 5136 5135 5139
f 5133 5140 5137
f 5133 5136 5140
f 5134 5138 5139
f 5134 5139 5135
f 5137 5141 5142
f 5137 5142 5138
f 5140 5143 5144
f 5140 5139 5143
f 5137 5144 5141
f 5137 5140 5144
f 5138 5142 5143
f 5138 5143 5139
f 5141 5145 5146
f 5141 5146 5142
f 5144 5147 5148
f 5144 5143 5147
f 5141 5148 5145
f 5141 5144 5148
f 5142 5146 5147
f 5142 5147 5143
f 5145 5149 5150
f 5145 5150 5146
f 5148 5151 5152
f 5148 5147 5151
f 5145 5152 5149
f 5145 5148 5152
f 5146 5150 5151
f 5146 5151 5147
f 5149 5153 5154
f 5149 5154 5150
f 5152 5155 5156
f 5152 5151 5155
f 5149 5156 5153
f 5149 5152 5156
f 5150 5154 5155
f 5150 5155 5151
f 5153 5157 5158
f 5153 5158 5154
f 5156 5159 5160
f 5156 5155 5159
f 5153 5160 5157
f 5153 5156 5160
f 5154 5158 5159
f 5154 5159 5155
f 5157 5161 5162
f 5157 5162 5158
f 5160 5163 5164
f 5160 5159 5163
f 5157 5164 5161
f 5157 5160 5164
f 5158 5162 5163
f 5158 5163 5159
f 5161 5165 5166
f 5161 5166 5162
f 5164 5167 5168
f 5164 5163 5167
f 5161 5168 5165
f 5161 5164 5168
f 5162 5166 5167
f 5162 5167 5163
f 5165 5169 5170
f 5165 5170 5166
f 5168 5171 5172
f 5168 5167 5171
f 5165 5172 5169
f 5165 5168 5172
f 5166 5170 5171
f 5166 5171 5167
f 5169 5173 5174
f 5169 5174 5170
f 5172 5175 5176
f 5172 5171 5175
f 5169 5176 5173
f 5169 5172 5176
f 5170 5174 5175
f 5170 5175 5171
f 5173 5177 5178
f 5173 5178 5174
f 5176 5179 5180
f 5176 5175 5179
f 5173 5180 5177
f 5173 5176 5180
f 5174 5178 5179
f 5174 5179 5175
f 5177 5181 5182
f 5177 5182 5178
f 5180 5183 5184
f 5180 5179 5183
f 5177 5184 5181
f 5177 5180 5184
f 5178 5182 5183
f 5178 5183 5179
f 5181 5185 5186
f 5181 5186 5182
f 5184 5187 5188
f 5184 5183 5187
f 5181 5188 5185
f 5181 5184 5188
f 5182 5186 5187
f 5182 5187 5183
f 5185 5189 5190
f 5185 5190 5186
f 5188 5191 5192
f 5188 5187 5191
f 5185 5192 5189
f 5185 5188 5192
f 5186 5190 5191
f 5186 5191 5187
f 5189 5193 5194
f 5189 5194 5190
f 5192 5195 5196
f 5192 5191 5195
f 5189 5196 5193
f 5189 5192 5196
f 5190 5194 5195
f 5190 5195 5191
f 5193 5197 5198
f 5193 5198 5194
f 5196 5199 5200
f 5196 5195 5199
f 5193 5200 5197
f 5193 5196 5200
f 5194 5198 5199
f 5194 5199 5195
f 5197 5201 5202
f 5197 5202 5198
f 5200 5203 5204
f 5200 5199 5203
f 5197 5204 5201
f 5197 5200 5204
f 5198 5202 5203
f 5198 5203 5199
f 5201 5205 5206
f 5201 5206 5202
f 5204 5207 5208
f 5204 5203 5207
f 5201 5208 5205
f 5201 5204 5208
f 5202 5206 5207
f 5202 5207 5203
f 5205 5209 5210
f 5205 5210 5206
f 5208 5211 5212
f 5208 5207 5211
f 5205 5212 5209
f 5205 5208 5212
f 5206 5210 5211
f 5206 5211 5207
f 5209 5213 5214
f 5209 5214 5210
f 5212 5215 5216
f 5212 5211 5215
f 5209 5216 5213
f 5209 5212 5216
f 5210 5214 5215
f 5210 5215 5211
f 5213 5217 5218
f 5213 5218 5214
f 5216 5219 5220
f 5216 5215 5219
f 5213 5220 5217
f 5213 5216 5220
f 5214 5218 5219
f 5214 5219 5215
f 5217 5221 5222
f 5217 5222 5218
f 5220 5223 5224
f 5220 5219 5223
f 5217 5224 5221
f 5217 5220 5224
f 5218 5222 5223
f 5218 5223 5219
f 5221 5225 5226
f 5221 5226 5222
f 5224 5227 5228
f 5224 5223 5227
f 5221 5228 5225
f 5221 5224 5228
f 5222 5226 5227
f 5222 5227 5223
f 5225 5229 5230
f 5225 5230 5226
f 5228 5231 5232
f 5228 5227 5231
f 5225 5232 5229
f 5225 5228 5232
f 5226 5230 5231
f 5226 5231 5227
f 5229 5233 5234
f 5229 5234 5230
f 5232 5235 5236
f 5232 5231 5235
f 5229 5236 5233
f 5229 5232 5236
f 5230 5234 5235
f 5230 5235 5231
f 5233 5237 5238
f 5233 5238 5234
f 5236 5239 5240
f 5236 5235 5239
f 5233 5240 5237
f 5233 5236 5240
f 5234 5238 5239
f 5234 5239 5235
f 5237 5241 5242
f 5237 5242 5238
f 5240 5243 5244
f 5240 5239 5243
f 5237 5244 5241
f 5237 5240 5244
f 5238 5242 5243
f 5238 5243 5239
f 5241 5245 5246
f 5241 5246 5242
f 5244 5247 5248
f 5244 5243 5247
f 5241 5248 5245
f 5241 5244 5248
f 5242 5246 5247
f 5242 5247 5243
f 5245 5249 5250
f 5245 5250 5246
f 5248 5251 5252
f 5248 5247 5251
f 5245 5252 5249
f 5245 5248 5252
f 5246 5250 5251
f 5246 5251 5247
f 5249 5253 5254
f 5249 5254 5250
f 5252 5255 5256
f 5252 5251 5255
f 5249 5256 5253
f 5249 5252 5256
f 5250 5254 5255
f 5250 5255 5251
f 5253 5257 5258
f 5253 5258 5254
f 5256 5259 5260
f 5256 5255 5259
f 5253 5260 5257
f 5253 5256 5260
f 5254 5258 5259
f 5254 5259 5255
f 5257 5261 5262
f 5257 5262 5258
f 5260 5263 5264
f 5260 5259 5263
f 5257 5264 5261
f 5257 5260 5264
f 5258 5262 5263
f 5258 5263 5259
f 5261 5265 5266
f 5261 5266 5262
f 5264 5267 5268
f 5264 5263 5267
f 5261 5268 5265
f 5261 5264 5268
f 5262 5266 5267
f 5262 5267 5263
f 5265 5269 5270
f 5265 5270 5266
f 5268 5271 5272
f 5268 5267 5271
f 5265 5272 5269
f 5265 5268 5272
f 5266 5270 5271
f 5266 5271 5267
f 5269 5273 5274
f 5269 5274 5270
f 5272 5275 5276
f 5272 5271 5275
f 5269 5276 5273
f 5269 5272 5276
f 5270 5274 5275
f 5270 5275 5271
f 5273 5277 5278
f 5273 5278 5274
f 5276 5279 5280
f 5276 5275 5279
f 5273 5280 5277
f 5273 5276 5280
f 5274 5278 5279
f 5274 5279 5275
f 5277 5281 5282
f 5277 5282 5278
f 5280 5283 5284
f 5280 5279 5283
f 5277 5284 5281
f 5277 5280 5284
f 5278 5282 5283
f 5278 5283 5279
f 5281 5285 5286
f 5281 5286 5282
f 5284 5287 5288
f 5284 5283 5287
f 5281 5288 5285
f 5281 5284 5288
f 5282 5286 5287
f 5282 5287 5283
f 5285 5289 5290
f 5285 5290 5286
f 5288 5291 5292
f 5288 5287 5291
f 5285 5292 5289
f 5285 5288 5292
f 5286 5290 5291
f 5286 5291 5287
f 5289 5293 5294
f 5289 5294 5290
f 5292 5295 5296
f 5292 5291 5295
f 5289 5296 5293
f 5289 5292 5296
f 5290 5294 5295
f 5290 5295 5291
f 5293 5297 5298
f 5293 5298 5294
f 5296 5299 5300
f 5296 5295 5299
f 5293 5300 5297
f 5293 5296 5300
f 5294 5298 5299
f 5294 5299 5295
f 5297 5301 5302
f 5297 5302 5298
f 5300 5303 5304
f 5300 5299 5303
f 5297 5304 5301
f 5297 5300 5304
f 5298 5302 5303
f 5298 5303 5299
f 5301 5305 5306
f 5301 5306 5302
f 5304 5307 5308
f 5304 5303 5307
f 5301 5308 5305
f 5301 5304 5308
f 5302 5306 5307
f 5302 5307 5303
f 5305 5309 5310
f 5305 5310 5306
f 5308 5311 5312
f 5308 5307 5311
f 5305 5312 5309
f 5305 5308 5312
f 5306 5310 5311
f 5306 5311 5307
f 5309 5313 5314
f 5309 5314 5310
f 5312 5315 5316
f 5312 5311 5315
f 5309 5316 5313
f 5309 5312 5316
f 5310 5314 5315
f 5310 5315 5311
f 5313 5317 5318
f 5313 5318 5314
f 5316 5319 5320
f 5316 5315 5319
f 5313 5320 5317
f 5313 5316 5320
f 5314 5318 5319
f 5314 5319 5315
f 5317 5321 5322
f 5317 5322 5318
f 5320 5323 5324
f 5320 5319 5323
f 5317 5324 5321
f 5317 5320 5324
f 5318 5322 5323
f 5318 5323 5319
f 5321 5325 5326
f 5321 5326 5322
f 5324 5327 5328
f 5324 5323 5327
f 5321 5328 5325
f 5321 5324 5328
f 5322 5326 5327
f 5322 5327 5323
f 5325 5329 5330
f 5325 5330 5326
f 5328 5331 5332
f 5328 5327 5331
f 5325 5332 5329
f 5325 5328 5332
f 5326 5330 5331
f 5326 5331 5327
f 5329 5109 5112
f 5329 5112 5330
f 5332 5116 5113
f 5332 5331 5116
f 5329 5113 5109
f 5329 5332 5113
f 5330 5112 5116
f 5330 5116 5331
f 5333 5334 5335
f 5333 5335 5336
f 5337 5338 5339
f 5337 5340 5338
f 5333 5339 5334
f 5333 5337 5339
f 5336 5335 5338
f 5336 5338 5340
f 5334 5341 5342
f 5334 5342 5335
f 5339 5343 5344
f 5339 5338 5343
f 5334 5344 5341
f 5334 5339 5344
f 5335 5342 5343
f 5335 5343 5338
f 5341 5345 5346
f 5341 5346 5342
f 5344 5347 5348
f 5344 5343 5347
f 5341 5348 5345
f 5341 5344 5348
f 5342 5346 5347
f 5342 5347 5343
f 5345 5349 5350
f 5345 5350 5346
f 5348 5351 5352
f 5348 5347 5351
f 5345 5352 5349
f 5345 5348 5352
f 5346 5350 5351
f 5346 5351 5347
f 5349 5353 5354
f 5349 5354 5350
f 5352 5355 5356
f 5352 5351 5355
f 5349 5356 5353
f 5349 5352 5356
f 5350 5354 5355
f 5350 5355 5351
f 5353 5357 5358
f 5353 5358 5354
f 5356 5359 5360
f 5356 5355 5359
f 5353 5360 5357
f 5353 5356 5360
f 5354 5358 5359
f 5354 5359 5355
f 5357 5361 5362
f 5357 5362 5358
f 5360 5363 5364
f 5360 5359 5363
f 5357 5364 5361
f 5357 5360 5364
f 5358 5362 5363
f 5358 5363 5359
f 5361 5365 5366
f 5361 5366 5362
f 5364 5367 5368
f 5364 5363 5367
f 5361 5368 5365
f 5361 5364 5368
f 5362 5366 5367
f 5362 5367 5363
f 5365 5369 5370
f 5365 5370 5366
f 5368 5371 5372
f 5368 5367 5371
f 5365 5372 5369
f 5365 5368 5372
f 5366 5370 5371
f 5366 5371 5367
f 5369 5373 5374
f 5369 5374 5370
f 5372 5375 5376
f 5372 5371 5375
f 5369 5376 5373
f 5369 5372 5376
f 5370 5374 5375
f 5370 5375 5371
f 5373 5377 5378
f 5373 5378 5374
f 5376 5379 5380
f 5376 5375 5379
f 5373 5380 5377
f 5373 5376 5380
f 5374 5378 5379
f 5374 5379 5375
f 5377 5381 5382
f 5377 5382 5378
f 5380 5383 5384
f 5380 5379 5383
f 5377 5384 5381
f 5377 5380 5384
f 5378 5382 5383
f 5378 5383 5379
f 5381 5385 5386
f 5381 5386 5382
f 5384 5387 5388
f 5384 5383 5387
f 5381 5388 5385
f 5381 5384 5388
f 5382 5386 5387
f 5382 5387 5383
f 5385 5389 5390
f 5385 5390 5386
f 5388 5391 5392
f 5388 5387 5391
f 5385 5392 5389
f 5385 5388 5392
f 5386 5390 5391
f 5386 5391 5387
f 5389 5393 5394
f 5389 5394 5390
f 5392 5395 5396
f 5392 5391 5395
f 5389 5396 5393
f 5389 5392 5396
f 5390 5394 5395
f 5390 5395 5391
f 5393 5397 5398
f 5393 5398 5394
f 5396 5399 5400
f 5396 5395 5399
f 5393 5400 5397
f 5393 5396 5400
f 5394 5398 5399
f 5394 5399 5395
f 5397 5401 5402
f 5397 5402 5398
f 5400 5403 5404
f 5400 5399 5403
f 5397 5404 5401
f 5397 5400 5404
f 5398 5402 5403
f 5398 5403 5399
f 5401 5405 5406
f 5401 5406 5402
f 5404 5407 5408
f 5404 5403 5407
f 5401 5408 5405
f 5401 5404 5408
f 5402 5406 5407
f 5402 5407 5403
f 5405 5409 5410
f 5405 5410 5406
f 5408 5411 5412
f 5408 5407 5411
f 5405 5412 5409
f 5405 5408 5412
f 5406 5410 5411
f 5406 5411 5407
f 5409 5413 5414
f 5409 5414 5410
f 5412 5415 5416
f 5412 5411 5415
f 5409 5416 5413
f 5409 5412 5416
f 5410 5414 5415
f 5410 5415 5411
f 5413 5417 5418
f 5413 5418 5414
f 5416 5419 5420
f 5416 5415 5419
f 5413 5420 5417
f 5413 5416 5420
f 5414 5418 5419
f 5414 5419 5415
f 5417 5421 5422
f 5417 5422 5418
f 5420 5423 5424
f 5420 5419 5423
f 5417 5424 5421
f 5417 5420 5424
f 5418 5422 5423
f 5418 5423 5419
f 5421 5425 5426
f 5421 5426 5422
f 5424 5427 5428
f 5424 5423 5427
f 5421 5428 5425
f 5421 5424 5428
f 5422 5426 5427
f 5422 5427 5423
f 5425 5429 5430
f 5425 5430 5426
f 5428 5431 5432
f 5428 5427 5431
f 5425 5432 5429
f 5425 5428 5432
f 5426 5430 5431
f 5426 5431 5427
f 5429 5433 5434
f 5429 5434 5430
f 5432 5435 5436
f 5432 5431 5435
f 5429 5436 5433
f 5429 5432 5436
f 5430 5434 5435
f 5430 5435 5431
f 5433 5437 5438
f 5433 5438 5434
f 5436 5439 5440
f 5436 5435 5439
f 5433 5440 5437
f 5433 5436 5440
f 5434 5438 5439
f 5434 5439 5435
f 5437 5441 5442
f 5437 5442 5438
f 5440 5443 5444
f 5440 5439 5443
f 5437 5444 5441
f 5437 5440 5444
f 5438 5442 5443
f 5438 5443 5439
f 5441 5445 5446
f 5441 5446 5442
f 5444 5447 5448
f 5444 5443 5447
f 5441 5448 5445
f 5441 5444 5448
f 5442 5446 5447
f 5442 5447 5443
f 5445 5449 5450
f 5445 5450 5446
f 5448 5451 5452
f 5448 5447 5451
f 5445 5452 5449
f 5445 5448 5452
f 5446 5450 5451
f 5446 5451 5447
f 5449 5453 5454
f 5449 5454 5450
f 5452 5455 5456
f 5452 5451 5455
f 5449 5456 5453
f 5449 5452 5456
f 5450 5454 5455
f 5450 5455 5451
f 5453 5457 5458
f 5453 5458 5454
f 5456 5459 5460
f 5456 5455 5459
f 5453 5460 5457
f 5453 5456 5460
f 5454 5458 5459
f 5454 5459 5455
f 5457 5461 5462
f 5457 5462 5458
f 5460 5463 5464
f 5460 5459 5463
f 5457 5464 5461
f 5457 5460 5464
f 5458 5462 5463
f 5458 5463 5459
f 5461 5465 5466
f 5461 5466 5462
f 5464 5467 5468
f 5464 5463 5467
f 5461 5468 5465
f 5461 5464 5468
f 5462 5466 5467
f 5462 5467 5463
f 5465 5469 5470
f 5465 5470 5466
f 5468 5471 5472
f 5468 5467 5471
f 5465 5472 5469
f 5465 5468 5472
f 5466 5470 5471
f 5466 5471 5467
f 5469 5473 5474
f 5469 5474 5470
f 5472 5475 5476
f 5472 5471 5475
f 5469 5476 5473
f 5469 5472 5476
f 5470 5474 5475
f 5470 5475 5471
f 5473 5477 5478
f 5473 5478 5474
f 5476 5479 5480
f 5476 5475 5479
f 5473 5480 5477
f 5473 5476 5480
f 5474 5478 5479
f 5474 5479 5475
f 5477 5481 5482
f 5477 5482 5478
f 5480 5483 5484
f 5480 5479 5483
f 5477 5484 5481
f 5477 5480 5484
f 5478 5482 5483
f 5478 5483 5479
f 5481 5485 5486
f 5481 5486 5482
f 5484 5487 5488
f 5484 5483 5487
f 5481 5488 5485
f 5481 5484 5488
f 5482 5486 5487
f 5482 5487 5483
f 5485 5489 5490
f 5485 5490 5486
f 5488 5491 5492
f 5488 5487 5491
f 5485 5492 5489
f 5485 5488 5492
f 5486 5490 5491
f 5486 5491 5487
f 5489 5333 5336
f 5489 5336 5490
f 5492 5340 5337
f 5492 5491 5340
f 5489 5337 5333
f 5489 5492 5337
f 5490 5336 5340
f 5490 5340 5491
f 5493 5494 5495
f 5493 5495 5496
f 5494 5497 5498
f 5494 5498 5495
f 5497 5499 5500
f 5497 5500 5498
f 5499 5501 5502
f 5499 5502 5500
f 5501 5503 5504
f 5501 5504 5502
f 5503 5505 5506
f 5503 5506 5504
f 5505 5507 5508
f 5505 5508 5506
f 5507 5509 5510
f 5507 5510 5508
f 5509 5511 5512
f 5509 5512 5510
f 5511 5493 5496
f 5511 5496 5512
f 5513 5514 5515
f 5513 5515 5516
f 5514 5517 5518
f 5514 5518 5515
f 5517 5519 5520
f 5517 5520 5518
f 5519 5521 5522
f 5519 5522 5520
f 5521 5523 5524
f 5521 5524 5522
f 5523 5525 5526
f 5523 5526 5524
f 5525 5527 5528
f 5525 5528 5526
f 5527 5529 5530
f 5527 5530 5528
f 5529 5531 5532
f 5529 5532 5530
f 5531 5513 5516
f 5531 5516 5532
f 5533 5534 5535
f 5533 5535 5536
f 5534 5537 5538
f 5534 5538 5535
f 5537 5539 5540
f 5537 5540 5538
f 5539 5541 5542
f 5539 5542 5540
f 5541 5543 5544
f 5541 5544 5542
f 5543 5545 5546
f 5543 5546 5544
f 5545 5547 5548
f 5545 5548 5546
f 5547 5549 5550
f 5547 5550 5548
f 5549 5551 5552
f 5549 5552 5550
f 5551 5533 5536
f 5551 5536 5552
f 5553 5554 5555
f 5553 5555 5556
f 5554 5557 5558
f 5554 5558 5555
f 5557 5559 5560
f 5557 5560 5558
f 5559 5561 5562
f 5559 5562 5560
f 5561 5563 5564
f 5561 5564 5562
f 5563 5565 5566
f 5563 5566 5564
f 5565 5567 5568
f 5565 5568 5566
f 5567 5569 5570
f 5567 5570 5568
f 5569 5571 5572
f 5569 5572 5570
f 5571 5553 5556
f 5571 5556 5572
f 5573 5574 5575
f 5573 5575 5576
f 5574 5577 5578
f 5574 5578 5575
f 5577 5579 5580
f 5577 5580 5578
f 5579 5581 5582
f 5579 5582 5580
f 5581 5583 5584
f 5581 5584 5582
f 5583 5585 5586
f 5583 5586 5584
f 5585 5587 5588
f 5585 5588 5586
f 5587 5589 5590
f 5587 5590 5588
f 5589 5591 5592
f 5589 5592 5590
f 5591 5573 5576
f 5591 5576 5592
f 5593 5594 5595
f 5593 5595 5596
f 5594 5597 5598
f 5594 5598 5595
f 5597 5599 5600
f 5597 5600 5598
f 5599 5601 5602
f 5599 5602 5600
f 5601 5603 5604
f 5601 5604 5602
f 5603 5605 5606
f 5603 5606 5604
f 5605 5607 5608
f 5605 5608 5606
f 5607 5609 5610
f 5607 5610 5608
f 5609 5611 5612
f 5609 5612 5610
f 5611 5593 5596
f 5611 5596 5612
f 5613 5614 5615
f 5613 5615 5616
f 5614 5617 5618
f 5614 5618 5615
f 5617 5619 5620
f 5617 5620 5618
f 5619 5621 5622
f 5619 5622 5620
f 5621 5623 5624
f 5621 5624 5622
f 5623 5625 5626
f 5623 5626 5624
f 5625 5627 5628
f 5625 5628 5626
f 5627 5629 5630
f 5627 5630 5628
f 5629 5631 5632
f 5629 5632 5630
f 5631 5613 5616
f 5631 5616 5632
f 5633 5634 5635
f 5633 5635 5636
f 5634 5637 5638
f 5634 5638 5635
f 5637 5639 5640
f 5637 5640 5638
f 5639 5641 5642
f 5639 5642 5640
f 5641 5643 5644
f 5641 5644 5642
f 5643 5645 5646
f 5643 5646 5644
f 5645 5647 5648
f 5645 5648 5646
f 5647 5649 5650
f 5647 5650 5648
f 5649 5651 5652
f 5649 5652 5650
f 5651 5633 5636
f 5651 5636 5652
f 5653 5654 5655
f 5653 5655 5656
f 5654 5657 5658
f 5654 5658 5655
f 5657 5659 5660
f 5657 5660 5658
f 5659 5661 5662
f 5659 5662 5660
f 5661 5663 5664
f 5661 5664 5662
f 5663 5665 5666
f 5663 5666 5664
f 5665 5667 5668
f 5665 5668 5666
f 5667 5669 5670
f 5667 5670 5668
f 5669 5671 5672
f 5669 5672 5670
f 5671 5653 5656
f 5671 5656 5672
f 5673 5674 5675
f 5673 5675 5676
f 5674 5677 5678
f 5674 5678 5675
f 5677 5679 5680
f 5677 5680 5678
f 5679 5681 5682
f 5679 5682 5680
f 5681 5683 5684
f 5681 5684 5682
f 5683 5685 5686
f 5683 5686 5684
f 5685 5687 5688
f 5685 5688 5686
f 5687 5689 5690
f 5687 5690 5688
f 5689 5691 5692
f 5689 5692 5690
f 5691 5673 5676
f 5691 5676 5692
f 5693 5694 5695
f 5693 5695 5696
f 5694 5697 5698
f 5694 5698 5695
f 5697 5699 5700
f 5697 5700 5698
f 5699 5701 5702
f 5699 5702 5700
f 5701 5703 5704
f 5701 5704 5702
f 5703 5705 5706
f 5703 5706 5704
f 5705 5707 5708
f 5705 5708 5706
f 5707 5709 5710
f 5707 5710 5708
f 5709 5711 5712
f 5709 5712 5710
f 5711 5693 5696
f 5711 5696 5712
f 5713 5714 5715
f 5713 5715 5716
f 5714 5717 5718
f 5714 5718 5715
f 5717 5719 5720
f 5717 5720 5718
f 5719 5721 5722
f 5719 5722 5720
f 5721 5723 5724
f 5721 5724 5722
f 5723 5725 5726
f 5723 5726 5724
f 5725 5727 5728
f 5725 5728 5726
f 5727 5729 5730
f 5727 5730 5728
f 5729 5731 5732
f 5729 5732 5730
f 5731 5713 5716
f 5731 5716 5732
o Front_left_rotor
usemtl Brake
v -57.20000 -59.00000 16.00000
v -57.29240 -59.00000 17.40968
v -57.29240 -57.00000 17.40968
v -57.20000 -57.00000 16.00000
v -63.90000 -59.00000 16.00000
v -63.93508 -57.00000 16.53516
v -63.93508 -59.00000 16.53516
v -63.90000 -57.00000 16.00000
v -57.56800 -59.00000 18.79525
v -57.56800 -57.00000 18.79525
v -64.03970 -57.00000 17.06116
v -64.03970 -59.00000 17.06116
v -58.02210 -59.00000 20.13298
v -58.02210 -57.00000 20.13298
v -64.21209 -57.00000 17.56900
v -64.21209 -59.00000 17.56900
v -58.64693 -59.00000 21.40000
v -58.64693 -57.00000 21.40000
v -64.44930 -57.00000 18.05000
v -64.44930 -59.00000 18.05000
v -59.43178 -59.00000 22.57462
v -59.43178 -57.00000 22.57462
v -64.74725 -57.00000 18.49592
v -64.74725 -59.00000 18.49592
v -60.36325 -59.00000 23.63675
v -60.36325 -57.00000 23.63675
v -65.10086 -57.00000 18.89914
v -65.10086 -59.00000 18.89914
v -61.42538 -59.00000 24.56822
v -61.42538 -57.00000 24.56822
v -65.50408 -57.00000 19.25275
v -65.50408 -59.00000 19.25275
v -62.60000 -59.00000 25.35307
v -62.60000 -57.00000 25.35307
v -65.95000 -57.00000 19.55070
v -65.95000 -59.00000 19.55070
v -63.86702 -59.00000 25.97790
v -63.86702 -57.00000 25.97790
v -66.43100 -57.00000 19.78791
v -66.43100 -59.00000 19.78791
v -65.20475 -59.00000 26.43200
v -65.20475 -57.00000 26.43200
v -66.93884 -57.00000 19.96030
v -66.93884 -59.00000 19.96030
v -66.59032 -59.00000 26.70760
v -66.59032 -57.00000 26.70760
v -67.46484 -57.00000 20.06492
v -67.46484 -59.00000 20.06492
v -68.00000 -59.00000 26.80000
v -68.00000 -57.00000 26.80000
v -68.00000 -57.00000 20.10000
v -68.00000 -59.00000 20.10000
v -69.40968 -59.00000 26.70760
v -69.40968 -57.00000 26.70760
v -68.53516 -57.00000 20.06492
v -68.53516 -59.00000 20.06492
v -70.79525 -59.00000 26.43200
v -70.79525 -57.00000 26.43200
v -69.06116 -57.00000 19.96030
v -69.06116 -59.00000 19.96030
v -72.13298 -59.00000 25.97790
v -72.13298 -57.00000 25.97790
v -69.56900 -57.00000 19.78791
v -69.56900 -59.00000 19.78791
v -73.40000 -59.00000 25.35307
v -73.40000 -57.00000 25.35307
v -70.05000 -57.00000 19.55070
v -70.05000 -59.00000 19.55070
v -74.57462 -59.00000 24.56822
v -74.57462 -57.00000 24.56822
v -70.49592 -57.00000 19.25275
v -70.49592 -59.00000 19.25275
v -75.63675 -59.00000 23.63675
v -75.63675 -57.00000 23.63675
v -70.89914 -57.00000 18.89914
v -70.89914 -59.00000 18.89914
v -76.56822 -59.00000 22.57462
v -76.56822 -57.00000 22.57462
v -71.25275 -57.00000 18.49592
v -71.25275 -59.00000 18.49592
v -77.35307 -59.00000 21.40000
v -77.35307 -57.00000 21.40000
v -71.55070 -57.00000 18.05000
v -71.55070 -59.00000 18.05000
v -77.97790 -59.00000 20.13298
v -77.97790 -57.00000 20.13298
v -71.78791 -57.00000 17.56900
v -71.78791 -59.00000 17.56900
v -78.43200 -59.00000 18.79525
v -78.43200 -57.00000 18.79525
v -71.96030 -57.00000 17.06116
v -71.96030 -59.00000 17.06116
v -78.70760 -59.00000 17.40968
v -78.70760 -57.00000 17.40968
v -72.06492 -57.00000 16.53516
v -72.06492 -59.00000 16.53516
v -78.80000 -59.00000 16.00000
v -78.80000 -57.00000 16.00000
v -72.10000 -57.00000 16.00000
v -72.10000 -59.00000 16.00000
v -78.70760 -59.00000 14.59032
v -78.70760 -57.00000 14.59032
v -72.06492 -57.00000 15.46484
v -72.06492 -59.00000 15.46484
v -78.43200 -59.00000 13.20475
v -78.43200 -57.00000 13.20475
v -71.96030 -57.00000 14.93884
v -71.96030 -59.00000 14.93884
v -77.97790 -59.00000 11.86702
v -77.97790 -57.00000 11.86702
v -71.78791 -57.00000 14.43100
v -71.78791 -59.00000 14.43100
v -77.35307 -59.00000 10.60000
v -77.35307 -57.00000 10.60000
v -71.55070 -57.00000 13.95000
v -71.55070 -59.00000 13.95000
v -76.56822 -59.00000 9.42538
v -76.56822 -57.00000 9.42538
v -71.25275 -57.00000 13.50408
v -71.25275 -59.00000 13.50408
v -75.63675 -59.00000 8.36325
v -75.63675 -57.00000 8.36325
v -70.89914 -57.00000 13.10086
v -70.89914 -59.00000 13.10086
v -74.57462 -59.00000 7.43178
v -74.57462 -57.00000 7.43178
v -70.49592 -57.00000 12.74725
v -70.49592 -59.00000 12.74725
v -73.40000 -59.00000 6.64693
v -73.40000 -57.00000 6.64693
v -70.05000 -57.00000 12.44930
v -70.05000 -59.00000 12.44930
v -72.13298 -59.00000 6.02210
v -72.13298 -57.00000 6.02210
v -69.56900 -57.00000 12.21209
v -69.56900 -59.00000 12.21209
v -70.79525 -59.00000 5.56800
v -70.79525 -57.00000 5.56800
v -69.06116 -57.00000 12.03970
v -69.06116 -59.00000 12.03970
v -69.40968 -59.00000 5.29240
v -69.40968 -57.00000 5.29240
v -68.53516 -57.00000 11.93508
v -68.53516 -59.00000 11.93508
v -68.00000 -59.00000 5.20000
v -68.00000 -57.00000 5.20000
v -68.00000 -57.00000 11.90000
v -68.00000 -59.00000 11.90000
v -66.59032 -59.00000 5.29240
v -66.59032 -57.00000 5.29240
v -67.46484 -57.00000 11.93508
v -67.46484 -59.00000 11.93508
v -65.20475 -59.00000 5.56800
v -65.20475 -57.00000 5.56800
v -66.93884 -57.00000 12.03970
v -66.93884 -59.00000 12.03970
v -63.86702 -59.00000 6.02210
v -63.86702 -57.00000 6.02210
v -66.43100 -57.00000 12.21209
v -66.43100 -59.00000 12.21209
v -62.60000 -59.00000 6.64693
v -62.60000 -57.00000 6.64693
v -65.95000 -57.00000 12.44930
v -65.95000 -59.00000 12.44930
v -61.42538 -59.00000 7.43178
v -61.42538 -57.00000 7.43178
v -65.50408 -57.00000 12.74725
v -65.50408 -59.00000 12.74725
v -60.36325 -59.00000 8.36325
v -60.36325 -57.00000 8.36325
v -65.10086 -57.00000 13.10086
v -65.10086 -59.00000 13.10086
v -59.43178 -59.00000 9.42538
v -59.43178 -57.00000 9.42538
v -64.74725 -57.00000 13.50408
v -64.74725 -59.00000 13.50408
v -58.64693 -59.00000 10.60000
v -58.64693 -57.00000 10.60000
v -64.44930 -57.00000 13.95000
v -64.44930 -59.00000 13.95000
v -58.02210 -59.00000 11.86702
v -58.02210 -57.00000 11.86702
v -64.21209 -57.00000 14.43100
v -64.21209 -59.00000 14.43100
v -57.56800 -59.00000 13.20475
v -57.56800 -57.00000 13.20475
v -64.03970 -57.00000 14.93884
v -64.03970 -59.00000 14.93884
v -57.29240 -59.00000 14.59032
v -57.29240 -57.00000 14.59032
v -63.93508 -57.00000 15.46484
v -63.93508 -59.00000 15.46484
v -61.50000 -60.00000 11.50000
v -57.50000 -56.00000 11.50000
v -57.50000 -60.00000 11.50000
v -61.50000 -56.00000 11.50000
v -61.50000 -60.00000 20.50000
v -57.50000 -60.00000 20.50000
v -57.50000 -56.00000 20.50000
v -61.50000 -56.00000 20.50000
f 5733 5734 5735
f 5733 5735 5736
f 5737 5738 5739
f 5737 5740 5738
f 5733 5739 5734
f 5733 5737 5739
f 5736 5735 5738
f 5736 5738 5740
f 5734 5741 5742
f 5734 5742 5735
f 5739 5743 5744
f 5739 5738 5743
f 5734 5744 5741
f 5734 5739 5744
f 5735 5742 5743
f 5735 5743 5738
f 5741 5745 5746
f 5741 5746 5742
f 5744 5747 5748
f 5744 5743 5747
f 5741 5748 5745
f 5741 5744 5748
f 5742 5746 5747
f 5742 5747 5743
f 5745 5749 5750
f 5745 5750 5746
f 5748 5751 5752
f 5748 5747 5751
f 5745 5752 5749
f 5745 5748 5752
f 5746 5750 5751
f 5746 5751 5747
f 5749 5753 5754
f 5749 5754 5750
f 5752 5755 5756
f 5752 5751 5755
f 5749 5756 5753
f 5749 5752 5756
f 5750 5754 5755
f 5750 5755 5751
f 5753 5757 5758
f 5753 5758 5754
f 5756 5759 5760
f 5756 5755 5759
f 5753 5760 5757
f 5753 5756 5760
f 5754 5758 5759
f 5754 5759 5755
f 5757 5761 5762
f 5757 5762 5758
f 5760 5763 5764
f 5760 5759 5763
f 5757 5764 5761
f 5757 5760 5764
f 5758 5762 5763
f 5758 5763 5759
f 5761 5765 5766
f 5761 5766 5762
f 5764 5767 5768
f 5764 5763 5767
f 5761 5768 5765
f 5761 5764 5768
f 5762 5766 5767
f 5762 5767 5763
f 5765 5769 5770
f 5765 5770 5766
f 5768 5771 5772
f 5768 5767 5771
f 5765 5772 5769
f 5765 5768 5772
f 5766 5770 5771
f 5766 5771 5767
f 5769 5773 5774
f 5769 5774 5770
f 5772 5775 5776
f 5772 5771 5775
f 5769 5776 5773
f 5769 5772 5776
f 5770 5774 5775
f 5770 5775 5771
f 5773 5777 5778
f 5773 5778 5774
f 5776 5779 5780
f 5776 5775 5779
f 5773 5780 5777
f 5773 5776 5780
f 5774 5778 5779
f 5774 5779 5775
f 5777 5781 5782
f 5777 5782 5778
f 5780 5783 5784
f 5780 5779 5783
f 5777 5784 5781
f 5777 5780 5784
f 5778 5782 5783
f 5778 5783 5779
f 5781 5785 5786
f 5781 5786 5782
f 5784 5787 5788
f 5784 5783 5787
f 5781 5788 5785
f 5781 5784 5788
f 5782 5786 5787
f 5782 5787 5783
f 5785 5789 5790
f 5785 5790 5786
f 5788 5791 5792
f 5788 5787 5791
f 5785 5792 5789
f 5785 5788 5792
f 5786 5790 5791
f 5786 5791 5787
f 5789 5793 5794
f 5789 5794 5790
f 5792 5795 5796
f 5792 5791 5795
f 5789 5796 5793
f 5789 5792 5796
f 5790 5794 5795
f 5790 5795 5791
f 5793 5797 5798
f 5793 5798 5794
f 5796 5799 5800
f 5796 5795 5799
f 5793 5800 5797
f 5793 5796 5800
f 5794 5798 5799
f 5794 5799 5795
f 5797 5801 5802
f 5797 5802 5798
f 5800 5803 5804
f 5800 5799 5803
f 5797 5804 5801
f 5797 5800 5804
f 5798 5802 5803
f 5798 5803 5799
f 5801 5805 5806
f 5801 5806 5802
f 5804 5807 5808
f 5804 5803 5807
f 5801 5808 5805
f 5801 5804 5808
f 5802 5806 5807
f 5802 5807 5803
f 5805 5809 5810
f 5805 5810 5806
f 5808 5811 5812
f 5808 5807 5811
f 5805 5812 5809
f 5805 5808 5812
f 5806 5810 5811
f 5806 5811 5807
f 5809 5813 5814
f 5809 5814 5810
f 5812 5815 5816
f 5812 5811 5815
f 5809 5816 5813
f 5809 5812 5816
f 5810 5814 5815
f 5810 5815 5811
f 5813 5817 5818
f 5813 5818 5814
f 5816 5819 5820
f 5816 5815 5819
f 5813 5820 5817
f 5813 5816 5820
f 5814 5818 5819
f 5814 5819 5815
f 5817 5821 5822
f 5817 5822 5818
f 5820 5823 5824
f 5820 5819 5823
f 5817 5824 5821
f 5817 5820 5824
f 5818 5822 5823
f 5818 5823 5819
f 5821 5825 5826
f 5821 5826 5822
f 5824 5827 5828
f 5824 5823 5827
f 5821 5828 5825
f 5821 5824 5828
f 5822 5826 5827
f 5822 5827 5823
f 5825 5829 5830
f 5825 5830 5826
f 5828 5831 5832
f 5828 5827 5831
f 5825 5832 5829
f 5825 5828 5832
f 5826 5830 5831
f 5826 5831 5827
f 5829 5833 5834
f 5829 5834 5830
f 5832 5835 5836
f 5832 5831 5835
f 5829 5836 5833
f 5829 5832 5836
f 5830 5834 5835
f 5830 5835 5831
f 5833 5837 5838
f 5833 5838 5834
f 5836 5839 5840
f 5836 5835 5839
f 5833 5840 5837
f 5833 5836 5840
f 5834 5838 5839
f 5834 5839 5835
f 5837 5841 5842
f 5837 5842 5838
f 5840 5843 5844
f 5840 5839 5843
f 5837 5844 5841
f 5837 5840 5844
f 5838 5842 5843
f 5838 5843 5839
f 5841 5845 5846
f 5841 5846 5842
f 5844 5847 5848
f 5844 5843 5847
f 5841 5848 5845
f 5841 5844 5848
f 5842 5846 5847
f 5842 5847 5843
f 5845 5849 5850
f 5845 5850 5846
f 5848 5851 5852
f 5848 5847 5851
f 5845 5852 5849
f 5845 5848 5852
f 5846 5850 5851
f 5846 5851 5847
f 5849 5853 5854
f 5849 5854 5850
f 5852 5855 5856
f 5852 5851 5855
f 5849 5856 5853
f 5849 5852 5856
f 5850 5854 5855
f 5850 5855 5851
f 5853 5857 5858
f 5853 5858 5854
f 5856 5859 5860
f 5856 5855 5859
f 5853 5860 5857
f 5853 5856 5860
f 5854 5858 5859
f 5854 5859 5855
f 5857 5861 5862
f 5857 5862 5858
f 5860 5863 5864
f 5860 5859 5863
f 5857 5864 5861
f 5857 5860 5864
f 5858 5862 5863
f 5858 5863 5859
f 5861 5865 5866
f 5861 5866 5862
f 5864 5867 5868
f 5864 5863 5867
f 5861 5868 5865
f 5861 5864 5868
f 5862 5866 5867
f 5862 5867 5863
f 5865 5869 5870
f 5865 5870 5866
f 5868 5871 5872
f 5868 5867 5871
f 5865 5872 5869
f 5865 5868 5872
f 5866 5870 5871
f 5866 5871 5867
f 5869 5873 5874
f 5869 5874 5870
f 5872 5875 5876
f 5872 5871 5875
f 5869 5876 5873
f 5869 5872 5876
f 5870 5874 5875
f 5870 5875 5871
f 5873 5877 5878
f 5873 5878 5874
f 5876 5879 5880
f 5876 5875 5879
f 5873 5880 5877
f 5873 5876 5880
f 5874 5878 5879
f 5874 5879 5875
f 5877 5881 5882
f 5877 5882 5878
f 5880 5883 5884
f 5880 5879 5883
f 5877 5884 5881
f 5877 5880 5884
f 5878 5882 5883
f 5878 5883 5879
f 5881 5885 5886
f 5881 5886 5882
f 5884 5887 5888
f 5884 5883 5887
f 5881 5888 5885
f 5881 5884 5888
f 5882 5886 5887
f 5882 5887 5883
f 5885 5889 5890
f 5885 5890 5886
f 5888 5891 5892
f 5888 5887 5891
f 5885 5892 5889
f 5885 5888 5892
f 5886 5890 5891
f 5886 5891 5887
f 5889 5893 5894
f 5889 5894 5890
f 5892 5895 5896
f 5892 5891 5895
f 5889 5896 5893
f 5889 5892 5896
f 5890 5894 5895
f 5890 5895 5891
f 5893 5897 5898
f 5893 5898 5894
f 5896 5899 5900
f 5896 5895 5899
f 5893 5900 5897
f 5893 5896 5900
f 5894 5898 5899
f 5894 5899 5895
f 5897 5901 5902
f 5897 5902 5898
f 5900 5903 5904
f 5900 5899 5903
f 5897 5904 5901
f 5897 5900 5904
f 5898 5902 5903
f 5898 5903 5899
f 5901 5905 5906
f 5901 5906 5902
f 5904 5907 5908
f 5904 5903 5907
f 5901 5908 5905
f 5901 5904 5908
f 5902 5906 5907
f 5902 5907 5903
f 5905 5909 5910
f 5905 5910 5906
f 5908 5911 5912
f 5908 5907 5911
f 5905 5912 5909
f 5905 5908 5912
f 5906 5910 5911
f 5906 5911 5907
f 5909 5913 5914
f 5909 5914 5910
f 5912 5915 5916
f 5912 5911 5915
f 5909 5916 5913
f 5909 5912 5916
f 5910 5914 5915
f 5910 5915 5911
f 5913 5917 5918
f 5913 5918 5914
f 5916 5919 5920
f 5916 5915 5919
f 5913 5920 5917
f 5913 5916 5920
f 5914 5918 5919
f 5914 5919 5915
f 5917 5921 5922
f 5917 5922 5918
f 5920 5923 5924
f 5920 5919 5923
f 5917 5924 5921
f 5917 5920 5924
f 5918 5922 5923
f 5918 5923 5919
f 5921 5733 5736
f 5921 5736 5922
f 5924 5740 5737
f 5924 5923 5740
f 5921 5737 5733
f 5921 5924 5737
f 5922 5736 5740
f 5922 5740 5923
f 5925 5926 5927
f 5925 5928 5926
f 5929 5930 5931
f 5929 5931 5932
f 5925 5927 5930
f 5925 5930 5929
f 5927 5926 5931
f 5927 5931 5930
f 5926 5928 5932
f 5926 5932 5931
f 5928 5925 5929
f 5928 5929 5932
o Front_left_center_lock
usemtl Red
v -62.20000 -67.50000 16.00000
v -62.28812 -67.50000 17.00716
v -62.28812 -64.50000 17.00716
v -62.20000 -64.50000 16.00000
v -68.00000 -67.50000 16.00000
v -68.00000 -64.50000 16.00000
v -62.54978 -67.50000 17.98372
v -62.54978 -64.50000 17.98372
v -62.97705 -67.50000 18.90000
v -62.97705 -64.50000 18.90000
v -63.55694 -67.50000 19.72817
v -63.55694 -64.50000 19.72817
v -64.27183 -67.50000 20.44306
v -64.27183 -64.50000 20.44306
v -65.10000 -67.50000 21.02295
v -65.10000 -64.50000 21.02295
v -66.01628 -67.50000 21.45022
v -66.01628 -64.50000 21.45022
v -66.99284 -67.50000 21.71188
v -66.99284 -64.50000 21.71188
v -68.00000 -67.50000 21.80000
v -68.00000 -64.50000 21.80000
v -69.00716 -67.50000 21.71188
v -69.00716 -64.50000 21.71188
v -69.98372 -67.50000 21.45022
v -69.98372 -64.50000 21.45022
v -70.90000 -67.50000 21.02295
v -70.90000 -64.50000 21.02295
v -71.72817 -67.50000 20.44306
v -71.72817 -64.50000 20.44306
v -72.44306 -67.50000 19.72817
v -72.44306 -64.50000 19.72817
v -73.02295 -67.50000 18.90000
v -73.02295 -64.50000 18.90000
v -73.45022 -67.50000 17.98372
v -73.45022 -64.50000 17.98372
v -73.71188 -67.50000 17.00716
v -73.71188 -64.50000 17.00716
v -73.80000 -67.50000 16.00000
v -73.80000 -64.50000 16.00000
v -73.71188 -67.50000 14.99284
v -73.71188 -64.50000 14.99284
v -73.45022 -67.50000 14.01628
v -73.45022 -64.50000 14.01628
v -73.02295 -67.50000 13.10000
v -73.02295 -64.50000 13.10000
v -72.44306 -67.50000 12.27183
v -72.44306 -64.50000 12.27183
v -71.72817 -67.50000 11.55694
v -71.72817 -64.50000 11.55694
v -70.90000 -67.50000 10.97705
v -70.90000 -64.50000 10.97705
v -69.98372 -67.50000 10.54978
v -69.98372 -64.50000 10.54978
v -69.00716 -67.50000 10.28812
v -69.00716 -64.50000 10.28812
v -68.00000 -67.50000 10.20000
v -68.00000 -64.50000 10.20000
v -66.99284 -67.50000 10.28812
v -66.99284 -64.50000 10.28812
v -66.01628 -67.50000 10.54978
v -66.01628 -64.50000 10.54978
v -65.10000 -67.50000 10.97705
v -65.10000 -64.50000 10.97705
v -64.27183 -67.50000 11.55694
v -64.27183 -64.50000 11.55694
v -63.55694 -67.50000 12.27183
v -63.55694 -64.50000 12.27183
v -62.97705 -67.50000 13.10000
v -62.97705 -64.50000 13.10000
v -62.54978 -67.50000 14.01628
v -62.54978 -64.50000 14.01628
v -62.28812 -67.50000 14.99284
v -62.28812 -64.50000 14.99284
v -64.60000 -65.80000 16.00000
v -64.66533 -65.80000 16.66331
v -64.66533 -61.80000 16.66331
v -64.60000 -61.80000 16.00000
v -68.00000 -65.80000 16.00000
v -68.00000 -61.80000 16.00000
v -64.85881 -65.80000 17.30112
v -64.85881 -61.80000 17.30112
v -65.17300 -65.80000 17.88894
v -65.17300 -61.80000 17.88894
v -65.59584 -65.80000 18.40416
v -65.59584 -61.80000 18.40416
v -66.11106 -65.80000 18.82700
v -66.11106 -61.80000 18.82700
v -66.69888 -65.80000 19.14119
v -66.69888 -61.80000 19.14119
v -67.33669 -65.80000 19.33467
v -67.33669 -61.80000 19.33467
v -68.00000 -65.80000 19.40000
v -68.00000 -61.80000 19.40000
v -68.66331 -65.80000 19.33467
v -68.66331 -61.80000 19.33467
v -69.30112 -65.80000 19.14119
v -69.30112 -61.80000 19.14119
v -69.88894 -65.80000 18.82700
v -69.88894 -61.80000 18.82700
v -70.40416 -65.80000 18.40416
v -70.40416 -61.80000 18.40416
v -70.82700 -65.80000 17.88894
v -70.82700 -61.80000 17.88894
v -71.14119 -65.80000 17.30112
v -71.14119 -61.80000 17.30112
v -71.33467 -65.80000 16.66331
v -71.33467 -61.80000 16.66331
v -71.40000 -65.80000 16.00000
v -71.40000 -61.80000 16.00000
v -71.33467 -65.80000 15.33669
v -71.33467 -61.80000 15.33669
v -71.14119 -65.80000 14.69888
v -71.14119 -61.80000 14.69888
v -70.82700 -65.80000 14.11106
v -70.82700 -61.80000 14.11106
v -70.40416 -65.80000 13.59584
v -70.40416 -61.80000 13.59584
v -69.88894 -65.80000 13.17300
v -69.88894 -61.80000 13.17300
v -69.30112 -65.80000 12.85881
v -69.30112 -61.80000 12.85881
v -68.66331 -65.80000 12.66533
v -68.66331 -61.80000 12.66533
v -68.00000 -65.80000 12.60000
v -68.00000 -61.80000 12.60000
v -67.33669 -65.80000 12.66533
v -67.33669 -61.80000 12.66533
v -66.69888 -65.80000 12.85881
v -66.69888 -61.80000 12.85881
v -66.11106 -65.80000 13.17300
v -66.11106 -61.80000 13.17300
v -65.59584 -65.80000 13.59584
v -65.59584 -61.80000 13.59584
v -65.17300 -65.80000 14.11106
v -65.17300 -61.80000 14.11106
v -64.85881 -65.80000 14.69888
v -64.85881 -61.80000 14.69888
v -64.66533 -65.80000 15.33669
v -64.66533 -61.80000 15.33669
f 5933 5934 5935
f 5933 5935 5936
f 5937 5934 5933
f 5938 5936 5935
f 5934 5939 5940
f 5934 5940 5935
f 5937 5939 5934
f 5938 5935 5940
f 5939 5941 5942
f 5939 5942 5940
f 5937 5941 5939
f 5938 5940 5942
f 5941 5943 5944
f 5941 5944 5942
f 5937 5943 5941
f 5938 5942 5944
f 5943 5945 5946
f 5943 5946 5944
f 5937 5945 5943
f 5938 5944 5946
f 5945 5947 5948
f 5945 5948 5946
f 5937 5947 5945
f 5938 5946 5948
f 5947 5949 5950
f 5947 5950 5948
f 5937 5949 5947
f 5938 5948 5950
f 5949 5951 5952
f 5949 5952 5950
f 5937 5951 5949
f 5938 5950 5952
f 5951 5953 5954
f 5951 5954 5952
f 5937 5953 5951
f 5938 5952 5954
f 5953 5955 5956
f 5953 5956 5954
f 5937 5955 5953
f 5938 5954 5956
f 5955 5957 5958
f 5955 5958 5956
f 5937 5957 5955
f 5938 5956 5958
f 5957 5959 5960
f 5957 5960 5958
f 5937 5959 5957
f 5938 5958 5960
f 5959 5961 5962
f 5959 5962 5960
f 5937 5961 5959
f 5938 5960 5962
f 5961 5963 5964
f 5961 5964 5962
f 5937 5963 5961
f 5938 5962 5964
f 5963 5965 5966
f 5963 5966 5964
f 5937 5965 5963
f 5938 5964 5966
f 5965 5967 5968
f 5965 5968 5966
f 5937 5967 5965
f 5938 5966 5968
f 5967 5969 5970
f 5967 5970 5968
f 5937 5969 5967
f 5938 5968 5970
f 5969 5971 5972
f 5969 5972 5970
f 5937 5971 5969
f 5938 5970 5972
f 5971 5973 5974
f 5971 5974 5972
f 5937 5973 5971
f 5938 5972 5974
f 5973 5975 5976
f 5973 5976 5974
f 5937 5975 5973
f 5938 5974 5976
f 5975 5977 5978
f 5975 5978 5976
f 5937 5977 5975
f 5938 5976 5978
f 5977 5979 5980
f 5977 5980 5978
f 5937 5979 5977
f 5938 5978 5980
f 5979 5981 5982
f 5979 5982 5980
f 5937 5981 5979
f 5938 5980 5982
f 5981 5983 5984
f 5981 5984 5982
f 5937 5983 5981
f 5938 5982 5984
f 5983 5985 5986
f 5983 5986 5984
f 5937 5985 5983
f 5938 5984 5986
f 5985 5987 5988
f 5985 5988 5986
f 5937 5987 5985
f 5938 5986 5988
f 5987 5989 5990
f 5987 5990 5988
f 5937 5989 5987
f 5938 5988 5990
f 5989 5991 5992
f 5989 5992 5990
f 5937 5991 5989
f 5938 5990 5992
f 5991 5993 5994
f 5991 5994 5992
f 5937 5993 5991
f 5938 5992 5994
f 5993 5995 5996
f 5993 5996 5994
f 5937 5995 5993
f 5938 5994 5996
f 5995 5997 5998
f 5995 5998 5996
f 5937 5997 5995
f 5938 5996 5998
f 5997 5999 6000
f 5997 6000 5998
f 5937 5999 5997
f 5938 5998 6000
f 5999 6001 6002
f 5999 6002 6000
f 5937 6001 5999
f 5938 6000 6002
f 6001 6003 6004
f 6001 6004 6002
f 5937 6003 6001
f 5938 6002 6004
f 6003 6005 6006
f 6003 6006 6004
f 5937 6005 6003
f 5938 6004 6006
f 6005 5933 5936
f 6005 5936 6006
f 5937 5933 6005
f 5938 6006 5936
f 6007 6008 6009
f 6007 6009 6010
f 6011 6008 6007
f 6012 6010 6009
f 6008 6013 6014
f 6008 6014 6009
f 6011 6013 6008
f 6012 6009 6014
f 6013 6015 6016
f 6013 6016 6014
f 6011 6015 6013
f 6012 6014 6016
f 6015 6017 6018
f 6015 6018 6016
f 6011 6017 6015
f 6012 6016 6018
f 6017 6019 6020
f 6017 6020 6018
f 6011 6019 6017
f 6012 6018 6020
f 6019 6021 6022
f 6019 6022 6020
f 6011 6021 6019
f 6012 6020 6022
f 6021 6023 6024
f 6021 6024 6022
f 6011 6023 6021
f 6012 6022 6024
f 6023 6025 6026
f 6023 6026 6024
f 6011 6025 6023
f 6012 6024 6026
f 6025 6027 6028
f 6025 6028 6026
f 6011 6027 6025
f 6012 6026 6028
f 6027 6029 6030
f 6027 6030 6028
f 6011 6029 6027
f 6012 6028 6030
f 6029 6031 6032
f 6029 6032 6030
f 6011 6031 6029
f 6012 6030 6032
f 6031 6033 6034
f 6031 6034 6032
f 6011 6033 6031
f 6012 6032 6034
f 6033 6035 6036
f 6033 6036 6034
f 6011 6035 6033
f 6012 6034 6036
f 6035 6037 6038
f 6035 6038 6036
f 6011 6037 6035
f 6012 6036 6038
f 6037 6039 6040
f 6037 6040 6038
f 6011 6039 6037
f 6012 6038 6040
f 6039 6041 6042
f 6039 6042 6040
f 6011 6041 6039
f 6012 6040 6042
f 6041 6043 6044
f 6041 6044 6042
f 6011 6043 6041
f 6012 6042 6044
f 6043 6045 6046
f 6043 6046 6044
f 6011 6045 6043
f 6012 6044 6046
f 6045 6047 6048
f 6045 6048 6046
f 6011 6047 6045
f 6012 6046 6048
f 6047 6049 6050
f 6047 6050 6048
f 6011 6049 6047
f 6012 6048 6050
f 6049 6051 6052
f 6049 6052 6050
f 6011 6051 6049
f 6012 6050 6052
f 6051 6053 6054
f 6051 6054 6052
f 6011 6053 6051
f 6012 6052 6054
f 6053 6055 6056
f 6053 6056 6054
f 6011 6055 6053
f 6012 6054 6056
f 6055 6057 6058
f 6055 6058 6056
f 6011 6057 6055
f 6012 6056 6058
f 6057 6059 6060
f 6057 6060 6058
f 6011 6059 6057
f 6012 6058 6060
f 6059 6061 6062
f 6059 6062 6060
f 6011 6061 6059
f 6012 6060 6062
f 6061 6063 6064
f 6061 6064 6062
f 6011 6063 6061
f 6012 6062 6064
f 6063 6065 6066
f 6063 6066 6064
f 6011 6065 6063
f 6012 6064 6066
f 6065 6067 6068
f 6065 6068 6066
f 6011 6067 6065
f 6012 6066 6068
f 6067 6069 6070
f 6067 6070 6068
f 6011 6069 6067
f 6012 6068 6070
f 6069 6071 6072
f 6069 6072 6070
f 6011 6071 6069
f 6012 6070 6072
f 6071 6007 6010
f 6071 6010 6072
f 6011 6007 6071
f 6012 6072 6010
o Front_right_slick_tire
usemtl Tire
v -50.00000 51.50000 16.00000
v -50.08667 51.50000 17.76431
v -50.08667 64.50000 17.76431
v -50.00000 64.50000 16.00000
v -54.50000 51.50000 16.00000
v -54.56501 64.50000 17.32323
v -54.56501 51.50000 17.32323
v -54.50000 64.50000 16.00000
v -50.34586 51.50000 19.51163
v -50.34586 64.50000 19.51163
v -54.75940 64.50000 18.63372
v -54.75940 51.50000 18.63372
v -50.77507 51.50000 21.22512
v -50.77507 64.50000 21.22512
v -55.08131 64.50000 19.91884
v -55.08131 51.50000 19.91884
v -51.37017 51.50000 22.88830
v -51.37017 64.50000 22.88830
v -55.52763 64.50000 21.16623
v -55.52763 51.50000 21.16623
v -52.12542 51.50000 24.48514
v -52.12542 64.50000 24.48514
v -56.09406 64.50000 22.36386
v -56.09406 51.50000 22.36386
v -53.03355 51.50000 26.00026
v -53.03355 64.50000 26.00026
v -56.77516 64.50000 23.50020
v -56.77516 51.50000 23.50020
v -54.08581 51.50000 27.41908
v -54.08581 64.50000 27.41908
v -57.56436 64.50000 24.56431
v -57.56436 51.50000 24.56431
v -55.27208 51.50000 28.72792
v -55.27208 64.50000 28.72792
v -58.45406 64.50000 25.54594
v -58.45406 51.50000 25.54594
v -56.58092 51.50000 29.91419
v -56.58092 64.50000 29.91419
v -59.43569 64.50000 26.43564
v -59.43569 51.50000 26.43564
v -57.99974 51.50000 30.96645
v -57.99974 64.50000 30.96645
v -60.49980 64.50000 27.22484
v -60.49980 51.50000 27.22484
v -59.51486 51.50000 31.87458
v -59.51486 64.50000 31.87458
v -61.63614 64.50000 27.90594
v -61.63614 51.50000 27.90594
v -61.11170 51.50000 32.62983
v -61.11170 64.50000 32.62983
v -62.83377 64.50000 28.47237
v -62.83377 51.50000 28.47237
v -62.77488 51.50000 33.22493
v -62.77488 64.50000 33.22493
v -64.08116 64.50000 28.91869
v -64.08116 51.50000 28.91869
v -64.48837 51.50000 33.65414
v -64.48837 64.50000 33.65414
v -65.36628 64.50000 29.24060
v -65.36628 51.50000 29.24060
v -66.23569 51.50000 33.91333
v -66.23569 64.50000 33.91333
v -66.67677 64.50000 29.43499
v -66.67677 51.50000 29.43499
v -68.00000 51.50000 34.00000
v -68.00000 64.50000 34.00000
v -68.00000 64.50000 29.50000
v -68.00000 51.50000 29.50000
v -69.76431 51.50000 33.91333
v -69.76431 64.50000 33.91333
v -69.32323 64.50000 29.43499
v -69.32323 51.50000 29.43499
v -71.51163 51.50000 33.65414
v -71.51163 64.50000 33.65414
v -70.63372 64.50000 29.24060
v -70.63372 51.50000 29.24060
v -73.22512 51.50000 33.22493
v -73.22512 64.50000 33.22493
v -71.91884 64.50000 28.91869
v -71.91884 51.50000 28.91869
v -74.88830 51.50000 32.62983
v -74.88830 64.50000 32.62983
v -73.16623 64.50000 28.47237
v -73.16623 51.50000 28.47237
v -76.48514 51.50000 31.87458
v -76.48514 64.50000 31.87458
v -74.36386 64.50000 27.90594
v -74.36386 51.50000 27.90594
v -78.00026 51.50000 30.96645
v -78.00026 64.50000 30.96645
v -75.50020 64.50000 27.22484
v -75.50020 51.50000 27.22484
v -79.41908 51.50000 29.91419
v -79.41908 64.50000 29.91419
v -76.56431 64.50000 26.43564
v -76.56431 51.50000 26.43564
v -80.72792 51.50000 28.72792
v -80.72792 64.50000 28.72792
v -77.54594 64.50000 25.54594
v -77.54594 51.50000 25.54594
v -81.91419 51.50000 27.41908
v -81.91419 64.50000 27.41908
v -78.43564 64.50000 24.56431
v -78.43564 51.50000 24.56431
v -82.96645 51.50000 26.00026
v -82.96645 64.50000 26.00026
v -79.22484 64.50000 23.50020
v -79.22484 51.50000 23.50020
v -83.87458 51.50000 24.48514
v -83.87458 64.50000 24.48514
v -79.90594 64.50000 22.36386
v -79.90594 51.50000 22.36386
v -84.62983 51.50000 22.88830
v -84.62983 64.50000 22.88830
v -80.47237 64.50000 21.16623
v -80.47237 51.50000 21.16623
v -85.22493 51.50000 21.22512
v -85.22493 64.50000 21.22512
v -80.91869 64.50000 19.91884
v -80.91869 51.50000 19.91884
v -85.65414 51.50000 19.51163
v -85.65414 64.50000 19.51163
v -81.24060 64.50000 18.63372
v -81.24060 51.50000 18.63372
v -85.91333 51.50000 17.76431
v -85.91333 64.50000 17.76431
v -81.43499 64.50000 17.32323
v -81.43499 51.50000 17.32323
v -86.00000 51.50000 16.00000
v -86.00000 64.50000 16.00000
v -81.50000 64.50000 16.00000
v -81.50000 51.50000 16.00000
v -85.91333 51.50000 14.23569
v -85.91333 64.50000 14.23569
v -81.43499 64.50000 14.67677
v -81.43499 51.50000 14.67677
v -85.65414 51.50000 12.48837
v -85.65414 64.50000 12.48837
v -81.24060 64.50000 13.36628
v -81.24060 51.50000 13.36628
v -85.22493 51.50000 10.77488
v -85.22493 64.50000 10.77488
v -80.91869 64.50000 12.08116
v -80.91869 51.50000 12.08116
v -84.62983 51.50000 9.11170
v -84.62983 64.50000 9.11170
v -80.47237 64.50000 10.83377
v -80.47237 51.50000 10.83377
v -83.87458 51.50000 7.51486
v -83.87458 64.50000 7.51486
v -79.90594 64.50000 9.63614
v -79.90594 51.50000 9.63614
v -82.96645 51.50000 5.99974
v -82.96645 64.50000 5.99974
v -79.22484 64.50000 8.49980
v -79.22484 51.50000 8.49980
v -81.91419 51.50000 4.58092
v -81.91419 64.50000 4.58092
v -78.43564 64.50000 7.43569
v -78.43564 51.50000 7.43569
v -80.72792 51.50000 3.27208
v -80.72792 64.50000 3.27208
v -77.54594 64.50000 6.45406
v -77.54594 51.50000 6.45406
v -79.41908 51.50000 2.08581
v -79.41908 64.50000 2.08581
v -76.56431 64.50000 5.56436
v -76.56431 51.50000 5.56436
v -78.00026 51.50000 1.03355
v -78.00026 64.50000 1.03355
v -75.50020 64.50000 4.77516
v -75.50020 51.50000 4.77516
v -76.48514 51.50000 0.12542
v -76.48514 64.50000 0.12542
v -74.36386 64.50000 4.09406
v -74.36386 51.50000 4.09406
v -74.88830 51.50000 -0.62983
v -74.88830 64.50000 -0.62983
v -73.16623 64.50000 3.52763
v -73.16623 51.50000 3.52763
v -73.22512 51.50000 -1.22493
v -73.22512 64.50000 -1.22493
v -71.91884 64.50000 3.08131
v -71.91884 51.50000 3.08131
v -71.51163 51.50000 -1.65414
v -71.51163 64.50000 -1.65414
v -70.63372 64.50000 2.75940
v -70.63372 51.50000 2.75940
v -69.76431 51.50000 -1.91333
v -69.76431 64.50000 -1.91333
v -69.32323 64.50000 2.56501
v -69.32323 51.50000 2.56501
v -68.00000 51.50000 -2.00000
v -68.00000 64.50000 -2.00000
v -68.00000 64.50000 2.50000
v -68.00000 51.50000 2.50000
v -66.23569 51.50000 -1.91333
v -66.23569 64.50000 -1.91333
v -66.67677 64.50000 2.56501
v -66.67677 51.50000 2.56501
v -64.48837 51.50000 -1.65414
v -64.48837 64.50000 -1.65414
v -65.36628 64.50000 2.75940
v -65.36628 51.50000 2.75940
v -62.77488 51.50000 -1.22493
v -62.77488 64.50000 -1.22493
v -64.08116 64.50000 3.08131
v -64.08116 51.50000 3.08131
v -61.11170 51.50000 -0.62983
v -61.11170 64.50000 -0.62983
v -62.83377 64.50000 3.52763
v -62.83377 51.50000 3.52763
v -59.51486 51.50000 0.12542
v -59.51486 64.50000 0.12542
v -61.63614 64.50000 4.09406
v -61.63614 51.50000 4.09406
v -57.99974 51.50000 1.03355
v -57.99974 64.50000 1.03355
v -60.49980 64.50000 4.77516
v -60.49980 51.50000 4.77516
v -56.58092 51.50000 2.08581
v -56.58092 64.50000 2.08581
v -59.43569 64.50000 5.56436
v -59.43569 51.50000 5.56436
v -55.27208 51.50000 3.27208
v -55.27208 64.50000 3.27208
v -58.45406 64.50000 6.45406
v -58.45406 51.50000 6.45406
v -54.08581 51.50000 4.58092
v -54.08581 64.50000 4.58092
v -57.56436 64.50000 7.43569
v -57.56436 51.50000 7.43569
v -53.03355 51.50000 5.99974
v -53.03355 64.50000 5.99974
v -56.77516 64.50000 8.49980
v -56.77516 51.50000 8.49980
v -52.12542 51.50000 7.51486
v -52.12542 64.50000 7.51486
v -56.09406 64.50000 9.63614
v -56.09406 51.50000 9.63614
v -51.37017 51.50000 9.11170
v -51.37017 64.50000 9.11170
v -55.52763 64.50000 10.83377
v -55.52763 51.50000 10.83377
v -50.77507 51.50000 10.77488
v -50.77507 64.50000 10.77488
v -55.08131 64.50000 12.08116
v -55.08131 51.50000 12.08116
v -50.34586 51.50000 12.48837
v -50.34586 64.50000 12.48837
v -54.75940 64.50000 13.36628
v -54.75940 51.50000 13.36628
v -50.08667 51.50000 14.23569
v -50.08667 64.50000 14.23569
v -54.56501 64.50000 14.67677
v -54.56501 51.50000 14.67677
v -49.65000 52.45000 16.00000
v -49.73836 52.45000 17.79861
v -49.73836 53.55000 17.79861
v -49.65000 53.55000 16.00000
v -50.20000 52.45000 16.00000
v -50.28571 53.55000 17.74471
v -50.28571 52.45000 17.74471
v -50.20000 53.55000 16.00000
v -50.00259 52.45000 19.57991
v -50.00259 53.55000 19.57991
v -50.54202 53.55000 19.47261
v -50.54202 52.45000 19.47261
v -50.44014 52.45000 21.32672
v -50.44014 53.55000 21.32672
v -50.96646 53.55000 21.16707
v -50.96646 52.45000 21.16707
v -51.04681 52.45000 23.02224
v -51.04681 53.55000 23.02224
v -51.55494 53.55000 22.81177
v -51.55494 52.45000 22.81177
v -51.81674 52.45000 24.65013
v -51.81674 53.55000 24.65013
v -52.30180 53.55000 24.39086
v -52.30180 52.45000 24.39086
v -52.74253 52.45000 26.19471
v -52.74253 53.55000 26.19471
v -53.19984 53.55000 25.88915
v -53.19984 52.45000 25.88915
v -53.81526 52.45000 27.64112
v -53.81526 53.55000 27.64112
v -54.24041 53.55000 27.29220
v -54.24041 52.45000 27.29220
v -55.02459 52.45000 28.97541
v -55.02459 53.55000 28.97541
v -55.41350 53.55000 28.58650
v -55.41350 52.45000 28.58650
v -56.35888 52.45000 30.18474
v -56.35888 53.55000 30.18474
v -56.70780 53.55000 29.75959
v -56.70780 52.45000 29.75959
v -57.80529 52.45000 31.25747
v -57.80529 53.55000 31.25747
v -58.11085 53.55000 30.80016
v -58.11085 52.45000 30.80016
v -59.34987 52.45000 32.18326
v -59.34987 53.55000 32.18326
v -59.60914 53.55000 31.69820
v -59.60914 52.45000 31.69820
v -60.97776 52.45000 32.95319
v -60.97776 53.55000 32.95319
v -61.18823 53.55000 32.44506
v -61.18823 52.45000 32.44506
v -62.67328 52.45000 33.55986
v -62.67328 53.55000 33.55986
v -62.83293 53.55000 33.03354
v -62.83293 52.45000 33.03354
v -64.42009 52.45000 33.99741
v -64.42009 53.55000 33.99741
v -64.52739 53.55000 33.45798
v -64.52739 52.45000 33.45798
v -66.20139 52.45000 34.26164
v -66.20139 53.55000 34.26164
v -66.25529 53.55000 33.71429
v -66.25529 52.45000 33.71429
v -68.00000 52.45000 34.35000
v -68.00000 53.55000 34.35000
v -68.00000 53.55000 33.80000
v -68.00000 52.45000 33.80000
v -69.79861 52.45000 34.26164
v -69.79861 53.55000 34.26164
v -69.74471 53.55000 33.71429
v -69.74471 52.45000 33.71429
v -71.57991 52.45000 33.99741
v -71.57991 53.55000 33.99741
v -71.47261 53.55000 33.45798
v -71.47261 52.45000 33.45798
v -73.32672 52.45000 33.55986
v -73.32672 53.55000 33.55986
v -73.16707 53.55000 33.03354
v -73.16707 52.45000 33.03354
v -75.02224 52.45000 32.95319
v -75.02224 53.55000 32.95319
v -74.81177 53.55000 32.44506
v -74.81177 52.45000 32.44506
v -76.65013 52.45000 32.18326
v -76.65013 53.55000 32.18326
v -76.39086 53.55000 31.69820
v -76.39086 52.45000 31.69820
v -78.19471 52.45000 31.25747
v -78.19471 53.55000 31.25747
v -77.88915 53.55000 30.80016
v -77.88915 52.45000 30.80016
v -79.64112 52.45000 30.18474
v -79.64112 53.55000 30.18474
v -79.29220 53.55000 29.75959
v -79.29220 52.45000 29.75959
v -80.97541 52.45000 28.97541
v -80.97541 53.55000 28.97541
v -80.58650 53.55000 28.58650
v -80.58650 52.45000 28.58650
v -82.18474 52.45000 27.64112
v -82.18474 53.55000 27.64112
v -81.75959 53.55000 27.29220
v -81.75959 52.45000 27.29220
v -83.25747 52.45000 26.19471
v -83.25747 53.55000 26.19471
v -82.80016 53.55000 25.88915
v -82.80016 52.45000 25.88915
v -84.18326 52.45000 24.65013
v -84.18326 53.55000 24.65013
v -83.69820 53.55000 24.39086
v -83.69820 52.45000 24.39086
v -84.95319 52.45000 23.02224
v -84.95319 53.55000 23.02224
v -84.44506 53.55000 22.81177
v -84.44506 52.45000 22.81177
v -85.55986 52.45000 21.32672
v -85.55986 53.55000 21.32672
v -85.03354 53.55000 21.16707
v -85.03354 52.45000 21.16707
v -85.99741 52.45000 19.57991
v -85.99741 53.55000 19.57991
v -85.45798 53.55000 19.47261
v -85.45798 52.45000 19.47261
v -86.26164 52.45000 17.79861
v -86.26164 53.55000 17.79861
v -85.71429 53.55000 17.74471
v -85.71429 52.45000 17.74471
v -86.35000 52.45000 16.00000
v -86.35000 53.55000 16.00000
v -85.80000 53.55000 16.00000
v -85.80000 52.45000 16.00000
v -86.26164 52.45000 14.20139
v -86.26164 53.55000 14.20139
v -85.71429 53.55000 14.25529
v -85.71429 52.45000 14.25529
v -85.99741 52.45000 12.42009
v -85.99741 53.55000 12.42009
v -85.45798 53.55000 12.52739
v -85.45798 52.45000 12.52739
v -85.55986 52.45000 10.67328
v -85.55986 53.55000 10.67328
v -85.03354 53.55000 10.83293
v -85.03354 52.45000 10.83293
v -84.95319 52.45000 8.97776
v -84.95319 53.55000 8.97776
v -84.44506 53.55000 9.18823
v -84.44506 52.45000 9.18823
v -84.18326 52.45000 7.34987
v -84.18326 53.55000 7.34987
v -83.69820 53.55000 7.60914
v -83.69820 52.45000 7.60914
v -83.25747 52.45000 5.80529
v -83.25747 53.55000 5.80529
v -82.80016 53.55000 6.11085
v -82.80016 52.45000 6.11085
v -82.18474 52.45000 4.35888
v -82.18474 53.55000 4.35888
v -81.75959 53.55000 4.70780
v -81.75959 52.45000 4.70780
v -80.97541 52.45000 3.02459
v -80.97541 53.55000 3.02459
v -80.58650 53.55000 3.41350
v -80.58650 52.45000 3.41350
v -79.64112 52.45000 1.81526
v -79.64112 53.55000 1.81526
v -79.29220 53.55000 2.24041
v -79.29220 52.45000 2.24041
v -78.19471 52.45000 0.74253
v -78.19471 53.55000 0.74253
v -77.88915 53.55000 1.19984
v -77.88915 52.45000 1.19984
v -76.65013 52.45000 -0.18326
v -76.65013 53.55000 -0.18326
v -76.39086 53.55000 0.30180
v -76.39086 52.45000 0.30180
v -75.02224 52.45000 -0.95319
v -75.02224 53.55000 -0.95319
v -74.81177 53.55000 -0.44506
v -74.81177 52.45000 -0.44506
v -73.32672 52.45000 -1.55986
v -73.32672 53.55000 -1.55986
v -73.16707 53.55000 -1.03354
v -73.16707 52.45000 -1.03354
v -71.57991 52.45000 -1.99741
v -71.57991 53.55000 -1.99741
v -71.47261 53.55000 -1.45798
v -71.47261 52.45000 -1.45798
v -69.79861 52.45000 -2.26164
v -69.79861 53.55000 -2.26164
v -69.74471 53.55000 -1.71429
v -69.74471 52.45000 -1.71429
v -68.00000 52.45000 -2.35000
v -68.00000 53.55000 -2.35000
v -68.00000 53.55000 -1.80000
v -68.00000 52.45000 -1.80000
v -66.20139 52.45000 -2.26164
v -66.20139 53.55000 -2.26164
v -66.25529 53.55000 -1.71429
v -66.25529 52.45000 -1.71429
v -64.42009 52.45000 -1.99741
v -64.42009 53.55000 -1.99741
v -64.52739 53.55000 -1.45798
v -64.52739 52.45000 -1.45798
v -62.67328 52.45000 -1.55986
v -62.67328 53.55000 -1.55986
v -62.83293 53.55000 -1.03354
v -62.83293 52.45000 -1.03354
v -60.97776 52.45000 -0.95319
v -60.97776 53.55000 -0.95319
v -61.18823 53.55000 -0.44506
v -61.18823 52.45000 -0.44506
v -59.34987 52.45000 -0.18326
v -59.34987 53.55000 -0.18326
v -59.60914 53.55000 0.30180
v -59.60914 52.45000 0.30180
v -57.80529 52.45000 0.74253
v -57.80529 53.55000 0.74253
v -58.11085 53.55000 1.19984
v -58.11085 52.45000 1.19984
v -56.35888 52.45000 1.81526
v -56.35888 53.55000 1.81526
v -56.70780 53.55000 2.24041
v -56.70780 52.45000 2.24041
v -55.02459 52.45000 3.02459
v -55.02459 53.55000 3.02459
v -55.41350 53.55000 3.41350
v -55.41350 52.45000 3.41350
v -53.81526 52.45000 4.35888
v -53.81526 53.55000 4.35888
v -54.24041 53.55000 4.70780
v -54.24041 52.45000 4.70780
v -52.74253 52.45000 5.80529
v -52.74253 53.55000 5.80529
v -53.19984 53.55000 6.11085
v -53.19984 52.45000 6.11085
v -51.81674 52.45000 7.34987
v -51.81674 53.55000 7.34987
v -52.30180 53.55000 7.60914
v -52.30180 52.45000 7.60914
v -51.04681 52.45000 8.97776
v -51.04681 53.55000 8.97776
v -51.55494 53.55000 9.18823
v -51.55494 52.45000 9.18823
v -50.44014 52.45000 10.67328
v -50.44014 53.55000 10.67328
v -50.96646 53.55000 10.83293
v -50.96646 52.45000 10.83293
v -50.00259 52.45000 12.42009
v -50.00259 53.55000 12.42009
v -50.54202 53.55000 12.52739
v -50.54202 52.45000 12.52739
v -49.73836 52.45000 14.20139
v -49.73836 53.55000 14.20139
v -50.28571 53.55000 14.25529
v -50.28571 52.45000 14.25529
v -49.65000 62.45000 16.00000
v -49.73836 62.45000 17.79861
v -49.73836 63.55000 17.79861
v -49.65000 63.55000 16.00000
v -50.20000 62.45000 16.00000
v -50.28571 63.55000 17.74471
v -50.28571 62.45000 17.74471
v -50.20000 63.55000 16.00000
v -50.00259 62.45000 19.57991
v -50.00259 63.55000 19.57991
v -50.54202 63.55000 19.47261
v -50.54202 62.45000 19.47261
v -50.44014 62.45000 21.32672
v -50.44014 63.55000 21.32672
v -50.96646 63.55000 21.16707
v -50.96646 62.45000 21.16707
v -51.04681 62.45000 23.02224
v -51.04681 63.55000 23.02224
v -51.55494 63.55000 22.81177
v -51.55494 62.45000 22.81177
v -51.81674 62.45000 24.65013
v -51.81674 63.55000 24.65013
v -52.30180 63.55000 24.39086
v -52.30180 62.45000 24.39086
v -52.74253 62.45000 26.19471
v -52.74253 63.55000 26.19471
v -53.19984 63.55000 25.88915
v -53.19984 62.45000 25.88915
v -53.81526 62.45000 27.64112
v -53.81526 63.55000 27.64112
v -54.24041 63.55000 27.29220
v -54.24041 62.45000 27.29220
v -55.02459 62.45000 28.97541
v -55.02459 63.55000 28.97541
v -55.41350 63.55000 28.58650
v -55.41350 62.45000 28.58650
v -56.35888 62.45000 30.18474
v -56.35888 63.55000 30.18474
v -56.70780 63.55000 29.75959
v -56.70780 62.45000 29.75959
v -57.80529 62.45000 31.25747
v -57.80529 63.55000 31.25747
v -58.11085 63.55000 30.80016
v -58.11085 62.45000 30.80016
v -59.34987 62.45000 32.18326
v -59.34987 63.55000 32.18326
v -59.60914 63.55000 31.69820
v -59.60914 62.45000 31.69820
v -60.97776 62.45000 32.95319
v -60.97776 63.55000 32.95319
v -61.18823 63.55000 32.44506
v -61.18823 62.45000 32.44506
v -62.67328 62.45000 33.55986
v -62.67328 63.55000 33.55986
v -62.83293 63.55000 33.03354
v -62.83293 62.45000 33.03354
v -64.42009 62.45000 33.99741
v -64.42009 63.55000 33.99741
v -64.52739 63.55000 33.45798
v -64.52739 62.45000 33.45798
v -66.20139 62.45000 34.26164
v -66.20139 63.55000 34.26164
v -66.25529 63.55000 33.71429
v -66.25529 62.45000 33.71429
v -68.00000 62.45000 34.35000
v -68.00000 63.55000 34.35000
v -68.00000 63.55000 33.80000
v -68.00000 62.45000 33.80000
v -69.79861 62.45000 34.26164
v -69.79861 63.55000 34.26164
v -69.74471 63.55000 33.71429
v -69.74471 62.45000 33.71429
v -71.57991 62.45000 33.99741
v -71.57991 63.55000 33.99741
v -71.47261 63.55000 33.45798
v -71.47261 62.45000 33.45798
v -73.32672 62.45000 33.55986
v -73.32672 63.55000 33.55986
v -73.16707 63.55000 33.03354
v -73.16707 62.45000 33.03354
v -75.02224 62.45000 32.95319
v -75.02224 63.55000 32.95319
v -74.81177 63.55000 32.44506
v -74.81177 62.45000 32.44506
v -76.65013 62.45000 32.18326
v -76.65013 63.55000 32.18326
v -76.39086 63.55000 31.69820
v -76.39086 62.45000 31.69820
v -78.19471 62.45000 31.25747
v -78.19471 63.55000 31.25747
v -77.88915 63.55000 30.80016
v -77.88915 62.45000 30.80016
v -79.64112 62.45000 30.18474
v -79.64112 63.55000 30.18474
v -79.29220 63.55000 29.75959
v -79.29220 62.45000 29.75959
v -80.97541 62.45000 28.97541
v -80.97541 63.55000 28.97541
v -80.58650 63.55000 28.58650
v -80.58650 62.45000 28.58650
v -82.18474 62.45000 27.64112
v -82.18474 63.55000 27.64112
v -81.75959 63.55000 27.29220
v -81.75959 62.45000 27.29220
v -83.25747 62.45000 26.19471
v -83.25747 63.55000 26.19471
v -82.80016 63.55000 25.88915
v -82.80016 62.45000 25.88915
v -84.18326 62.45000 24.65013
v -84.18326 63.55000 24.65013
v -83.69820 63.55000 24.39086
v -83.69820 62.45000 24.39086
v -84.95319 62.45000 23.02224
v -84.95319 63.55000 23.02224
v -84.44506 63.55000 22.81177
v -84.44506 62.45000 22.81177
v -85.55986 62.45000 21.32672
v -85.55986 63.55000 21.32672
v -85.03354 63.55000 21.16707
v -85.03354 62.45000 21.16707
v -85.99741 62.45000 19.57991
v -85.99741 63.55000 19.57991
v -85.45798 63.55000 19.47261
v -85.45798 62.45000 19.47261
v -86.26164 62.45000 17.79861
v -86.26164 63.55000 17.79861
v -85.71429 63.55000 17.74471
v -85.71429 62.45000 17.74471
v -86.35000 62.45000 16.00000
v -86.35000 63.55000 16.00000
v -85.80000 63.55000 16.00000
v -85.80000 62.45000 16.00000
v -86.26164 62.45000 14.20139
v -86.26164 63.55000 14.20139
v -85.71429 63.55000 14.25529
v -85.71429 62.45000 14.25529
v -85.99741 62.45000 12.42009
v -85.99741 63.55000 12.42009
v -85.45798 63.55000 12.52739
v -85.45798 62.45000 12.52739
v -85.55986 62.45000 10.67328
v -85.55986 63.55000 10.67328
v -85.03354 63.55000 10.83293
v -85.03354 62.45000 10.83293
v -84.95319 62.45000 8.97776
v -84.95319 63.55000 8.97776
v -84.44506 63.55000 9.18823
v -84.44506 62.45000 9.18823
v -84.18326 62.45000 7.34987
v -84.18326 63.55000 7.34987
v -83.69820 63.55000 7.60914
v -83.69820 62.45000 7.60914
v -83.25747 62.45000 5.80529
v -83.25747 63.55000 5.80529
v -82.80016 63.55000 6.11085
v -82.80016 62.45000 6.11085
v -82.18474 62.45000 4.35888
v -82.18474 63.55000 4.35888
v -81.75959 63.55000 4.70780
v -81.75959 62.45000 4.70780
v -80.97541 62.45000 3.02459
v -80.97541 63.55000 3.02459
v -80.58650 63.55000 3.41350
v -80.58650 62.45000 3.41350
v -79.64112 62.45000 1.81526
v -79.64112 63.55000 1.81526
v -79.29220 63.55000 2.24041
v -79.29220 62.45000 2.24041
v -78.19471 62.45000 0.74253
v -78.19471 63.55000 0.74253
v -77.88915 63.55000 1.19984
v -77.88915 62.45000 1.19984
v -76.65013 62.45000 -0.18326
v -76.65013 63.55000 -0.18326
v -76.39086 63.55000 0.30180
v -76.39086 62.45000 0.30180
v -75.02224 62.45000 -0.95319
v -75.02224 63.55000 -0.95319
v -74.81177 63.55000 -0.44506
v -74.81177 62.45000 -0.44506
v -73.32672 62.45000 -1.55986
v -73.32672 63.55000 -1.55986
v -73.16707 63.55000 -1.03354
v -73.16707 62.45000 -1.03354
v -71.57991 62.45000 -1.99741
v -71.57991 63.55000 -1.99741
v -71.47261 63.55000 -1.45798
v -71.47261 62.45000 -1.45798
v -69.79861 62.45000 -2.26164
v -69.79861 63.55000 -2.26164
v -69.74471 63.55000 -1.71429
v -69.74471 62.45000 -1.71429
v -68.00000 62.45000 -2.35000
v -68.00000 63.55000 -2.35000
v -68.00000 63.55000 -1.80000
v -68.00000 62.45000 -1.80000
v -66.20139 62.45000 -2.26164
v -66.20139 63.55000 -2.26164
v -66.25529 63.55000 -1.71429
v -66.25529 62.45000 -1.71429
v -64.42009 62.45000 -1.99741
v -64.42009 63.55000 -1.99741
v -64.52739 63.55000 -1.45798
v -64.52739 62.45000 -1.45798
v -62.67328 62.45000 -1.55986
v -62.67328 63.55000 -1.55986
v -62.83293 63.55000 -1.03354
v -62.83293 62.45000 -1.03354
v -60.97776 62.45000 -0.95319
v -60.97776 63.55000 -0.95319
v -61.18823 63.55000 -0.44506
v -61.18823 62.45000 -0.44506
v -59.34987 62.45000 -0.18326
v -59.34987 63.55000 -0.18326
v -59.60914 63.55000 0.30180
v -59.60914 62.45000 0.30180
v -57.80529 62.45000 0.74253
v -57.80529 63.55000 0.74253
v -58.11085 63.55000 1.19984
v -58.11085 62.45000 1.19984
v -56.35888 62.45000 1.81526
v -56.35888 63.55000 1.81526
v -56.70780 63.55000 2.24041
v -56.70780 62.45000 2.24041
v -55.02459 62.45000 3.02459
v -55.02459 63.55000 3.02459
v -55.41350 63.55000 3.41350
v -55.41350 62.45000 3.41350
v -53.81526 62.45000 4.35888
v -53.81526 63.55000 4.35888
v -54.24041 63.55000 4.70780
v -54.24041 62.45000 4.70780
v -52.74253 62.45000 5.80529
v -52.74253 63.55000 5.80529
v -53.19984 63.55000 6.11085
v -53.19984 62.45000 6.11085
v -51.81674 62.45000 7.34987
v -51.81674 63.55000 7.34987
v -52.30180 63.55000 7.60914
v -52.30180 62.45000 7.60914
v -51.04681 62.45000 8.97776
v -51.04681 63.55000 8.97776
v -51.55494 63.55000 9.18823
v -51.55494 62.45000 9.18823
v -50.44014 62.45000 10.67328
v -50.44014 63.55000 10.67328
v -50.96646 63.55000 10.83293
v -50.96646 62.45000 10.83293
v -50.00259 62.45000 12.42009
v -50.00259 63.55000 12.42009
v -50.54202 63.55000 12.52739
v -50.54202 62.45000 12.52739
v -49.73836 62.45000 14.20139
v -49.73836 63.55000 14.20139
v -50.28571 63.55000 14.25529
v -50.28571 62.45000 14.25529
f 6073 6074 6075
f 6073 6075 6076
f 6077 6078 6079
f 6077 6080 6078
f 6073 6079 6074
f 6073 6077 6079
f 6076 6075 6078
f 6076 6078 6080
f 6074 6081 6082
f 6074 6082 6075
f 6079 6083 6084
f 6079 6078 6083
f 6074 6084 6081
f 6074 6079 6084
f 6075 6082 6083
f 6075 6083 6078
f 6081 6085 6086
f 6081 6086 6082
f 6084 6087 6088
f 6084 6083 6087
f 6081 6088 6085
f 6081 6084 6088
f 6082 6086 6087
f 6082 6087 6083
f 6085 6089 6090
f 6085 6090 6086
f 6088 6091 6092
f 6088 6087 6091
f 6085 6092 6089
f 6085 6088 6092
f 6086 6090 6091
f 6086 6091 6087
f 6089 6093 6094
f 6089 6094 6090
f 6092 6095 6096
f 6092 6091 6095
f 6089 6096 6093
f 6089 6092 6096
f 6090 6094 6095
f 6090 6095 6091
f 6093 6097 6098
f 6093 6098 6094
f 6096 6099 6100
f 6096 6095 6099
f 6093 6100 6097
f 6093 6096 6100
f 6094 6098 6099
f 6094 6099 6095
f 6097 6101 6102
f 6097 6102 6098
f 6100 6103 6104
f 6100 6099 6103
f 6097 6104 6101
f 6097 6100 6104
f 6098 6102 6103
f 6098 6103 6099
f 6101 6105 6106
f 6101 6106 6102
f 6104 6107 6108
f 6104 6103 6107
f 6101 6108 6105
f 6101 6104 6108
f 6102 6106 6107
f 6102 6107 6103
f 6105 6109 6110
f 6105 6110 6106
f 6108 6111 6112
f 6108 6107 6111
f 6105 6112 6109
f 6105 6108 6112
f 6106 6110 6111
f 6106 6111 6107
f 6109 6113 6114
f 6109 6114 6110
f 6112 6115 6116
f 6112 6111 6115
f 6109 6116 6113
f 6109 6112 6116
f 6110 6114 6115
f 6110 6115 6111
f 6113 6117 6118
f 6113 6118 6114
f 6116 6119 6120
f 6116 6115 6119
f 6113 6120 6117
f 6113 6116 6120
f 6114 6118 6119
f 6114 6119 6115
f 6117 6121 6122
f 6117 6122 6118
f 6120 6123 6124
f 6120 6119 6123
f 6117 6124 6121
f 6117 6120 6124
f 6118 6122 6123
f 6118 6123 6119
f 6121 6125 6126
f 6121 6126 6122
f 6124 6127 6128
f 6124 6123 6127
f 6121 6128 6125
f 6121 6124 6128
f 6122 6126 6127
f 6122 6127 6123
f 6125 6129 6130
f 6125 6130 6126
f 6128 6131 6132
f 6128 6127 6131
f 6125 6132 6129
f 6125 6128 6132
f 6126 6130 6131
f 6126 6131 6127
f 6129 6133 6134
f 6129 6134 6130
f 6132 6135 6136
f 6132 6131 6135
f 6129 6136 6133
f 6129 6132 6136
f 6130 6134 6135
f 6130 6135 6131
f 6133 6137 6138
f 6133 6138 6134
f 6136 6139 6140
f 6136 6135 6139
f 6133 6140 6137
f 6133 6136 6140
f 6134 6138 6139
f 6134 6139 6135
f 6137 6141 6142
f 6137 6142 6138
f 6140 6143 6144
f 6140 6139 6143
f 6137 6144 6141
f 6137 6140 6144
f 6138 6142 6143
f 6138 6143 6139
f 6141 6145 6146
f 6141 6146 6142
f 6144 6147 6148
f 6144 6143 6147
f 6141 6148 6145
f 6141 6144 6148
f 6142 6146 6147
f 6142 6147 6143
f 6145 6149 6150
f 6145 6150 6146
f 6148 6151 6152
f 6148 6147 6151
f 6145 6152 6149
f 6145 6148 6152
f 6146 6150 6151
f 6146 6151 6147
f 6149 6153 6154
f 6149 6154 6150
f 6152 6155 6156
f 6152 6151 6155
f 6149 6156 6153
f 6149 6152 6156
f 6150 6154 6155
f 6150 6155 6151
f 6153 6157 6158
f 6153 6158 6154
f 6156 6159 6160
f 6156 6155 6159
f 6153 6160 6157
f 6153 6156 6160
f 6154 6158 6159
f 6154 6159 6155
f 6157 6161 6162
f 6157 6162 6158
f 6160 6163 6164
f 6160 6159 6163
f 6157 6164 6161
f 6157 6160 6164
f 6158 6162 6163
f 6158 6163 6159
f 6161 6165 6166
f 6161 6166 6162
f 6164 6167 6168
f 6164 6163 6167
f 6161 6168 6165
f 6161 6164 6168
f 6162 6166 6167
f 6162 6167 6163
f 6165 6169 6170
f 6165 6170 6166
f 6168 6171 6172
f 6168 6167 6171
f 6165 6172 6169
f 6165 6168 6172
f 6166 6170 6171
f 6166 6171 6167
f 6169 6173 6174
f 6169 6174 6170
f 6172 6175 6176
f 6172 6171 6175
f 6169 6176 6173
f 6169 6172 6176
f 6170 6174 6175
f 6170 6175 6171
f 6173 6177 6178
f 6173 6178 6174
f 6176 6179 6180
f 6176 6175 6179
f 6173 6180 6177
f 6173 6176 6180
f 6174 6178 6179
f 6174 6179 6175
f 6177 6181 6182
f 6177 6182 6178
f 6180 6183 6184
f 6180 6179 6183
f 6177 6184 6181
f 6177 6180 6184
f 6178 6182 6183
f 6178 6183 6179
f 6181 6185 6186
f 6181 6186 6182
f 6184 6187 6188
f 6184 6183 6187
f 6181 6188 6185
f 6181 6184 6188
f 6182 6186 6187
f 6182 6187 6183
f 6185 6189 6190
f 6185 6190 6186
f 6188 6191 6192
f 6188 6187 6191
f 6185 6192 6189
f 6185 6188 6192
f 6186 6190 6191
f 6186 6191 6187
f 6189 6193 6194
f 6189 6194 6190
f 6192 6195 6196
f 6192 6191 6195
f 6189 6196 6193
f 6189 6192 6196
f 6190 6194 6195
f 6190 6195 6191
f 6193 6197 6198
f 6193 6198 6194
f 6196 6199 6200
f 6196 6195 6199
f 6193 6200 6197
f 6193 6196 6200
f 6194 6198 6199
f 6194 6199 6195
f 6197 6201 6202
f 6197 6202 6198
f 6200 6203 6204
f 6200 6199 6203
f 6197 6204 6201
f 6197 6200 6204
f 6198 6202 6203
f 6198 6203 6199
f 6201 6205 6206
f 6201 6206 6202
f 6204 6207 6208
f 6204 6203 6207
f 6201 6208 6205
f 6201 6204 6208
f 6202 6206 6207
f 6202 6207 6203
f 6205 6209 6210
f 6205 6210 6206
f 6208 6211 6212
f 6208 6207 6211
f 6205 6212 6209
f 6205 6208 6212
f 6206 6210 6211
f 6206 6211 6207
f 6209 6213 6214
f 6209 6214 6210
f 6212 6215 6216
f 6212 6211 6215
f 6209 6216 6213
f 6209 6212 6216
f 6210 6214 6215
f 6210 6215 6211
f 6213 6217 6218
f 6213 6218 6214
f 6216 6219 6220
f 6216 6215 6219
f 6213 6220 6217
f 6213 6216 6220
f 6214 6218 6219
f 6214 6219 6215
f 6217 6221 6222
f 6217 6222 6218
f 6220 6223 6224
f 6220 6219 6223
f 6217 6224 6221
f 6217 6220 6224
f 6218 6222 6223
f 6218 6223 6219
f 6221 6225 6226
f 6221 6226 6222
f 6224 6227 6228
f 6224 6223 6227
f 6221 6228 6225
f 6221 6224 6228
f 6222 6226 6227
f 6222 6227 6223
f 6225 6229 6230
f 6225 6230 6226
f 6228 6231 6232
f 6228 6227 6231
f 6225 6232 6229
f 6225 6228 6232
f 6226 6230 6231
f 6226 6231 6227
f 6229 6233 6234
f 6229 6234 6230
f 6232 6235 6236
f 6232 6231 6235
f 6229 6236 6233
f 6229 6232 6236
f 6230 6234 6235
f 6230 6235 6231
f 6233 6237 6238
f 6233 6238 6234
f 6236 6239 6240
f 6236 6235 6239
f 6233 6240 6237
f 6233 6236 6240
f 6234 6238 6239
f 6234 6239 6235
f 6237 6241 6242
f 6237 6242 6238
f 6240 6243 6244
f 6240 6239 6243
f 6237 6244 6241
f 6237 6240 6244
f 6238 6242 6243
f 6238 6243 6239
f 6241 6245 6246
f 6241 6246 6242
f 6244 6247 6248
f 6244 6243 6247
f 6241 6248 6245
f 6241 6244 6248
f 6242 6246 6247
f 6242 6247 6243
f 6245 6249 6250
f 6245 6250 6246
f 6248 6251 6252
f 6248 6247 6251
f 6245 6252 6249
f 6245 6248 6252
f 6246 6250 6251
f 6246 6251 6247
f 6249 6253 6254
f 6249 6254 6250
f 6252 6255 6256
f 6252 6251 6255
f 6249 6256 6253
f 6249 6252 6256
f 6250 6254 6255
f 6250 6255 6251
f 6253 6257 6258
f 6253 6258 6254
f 6256 6259 6260
f 6256 6255 6259
f 6253 6260 6257
f 6253 6256 6260
f 6254 6258 6259
f 6254 6259 6255
f 6257 6261 6262
f 6257 6262 6258
f 6260 6263 6264
f 6260 6259 6263
f 6257 6264 6261
f 6257 6260 6264
f 6258 6262 6263
f 6258 6263 6259
f 6261 6265 6266
f 6261 6266 6262
f 6264 6267 6268
f 6264 6263 6267
f 6261 6268 6265
f 6261 6264 6268
f 6262 6266 6267
f 6262 6267 6263
f 6265 6269 6270
f 6265 6270 6266
f 6268 6271 6272
f 6268 6267 6271
f 6265 6272 6269
f 6265 6268 6272
f 6266 6270 6271
f 6266 6271 6267
f 6269 6273 6274
f 6269 6274 6270
f 6272 6275 6276
f 6272 6271 6275
f 6269 6276 6273
f 6269 6272 6276
f 6270 6274 6275
f 6270 6275 6271
f 6273 6277 6278
f 6273 6278 6274
f 6276 6279 6280
f 6276 6275 6279
f 6273 6280 6277
f 6273 6276 6280
f 6274 6278 6279
f 6274 6279 6275
f 6277 6281 6282
f 6277 6282 6278
f 6280 6283 6284
f 6280 6279 6283
f 6277 6284 6281
f 6277 6280 6284
f 6278 6282 6283
f 6278 6283 6279
f 6281 6285 6286
f 6281 6286 6282
f 6284 6287 6288
f 6284 6283 6287
f 6281 6288 6285
f 6281 6284 6288
f 6282 6286 6287
f 6282 6287 6283
f 6285 6289 6290
f 6285 6290 6286
f 6288 6291 6292
f 6288 6287 6291
f 6285 6292 6289
f 6285 6288 6292
f 6286 6290 6291
f 6286 6291 6287
f 6289 6293 6294
f 6289 6294 6290
f 6292 6295 6296
f 6292 6291 6295
f 6289 6296 6293
f 6289 6292 6296
f 6290 6294 6295
f 6290 6295 6291
f 6293 6297 6298
f 6293 6298 6294
f 6296 6299 6300
f 6296 6295 6299
f 6293 6300 6297
f 6293 6296 6300
f 6294 6298 6299
f 6294 6299 6295
f 6297 6301 6302
f 6297 6302 6298
f 6300 6303 6304
f 6300 6299 6303
f 6297 6304 6301
f 6297 6300 6304
f 6298 6302 6303
f 6298 6303 6299
f 6301 6305 6306
f 6301 6306 6302
f 6304 6307 6308
f 6304 6303 6307
f 6301 6308 6305
f 6301 6304 6308
f 6302 6306 6307
f 6302 6307 6303
f 6305 6309 6310
f 6305 6310 6306
f 6308 6311 6312
f 6308 6307 6311
f 6305 6312 6309
f 6305 6308 6312
f 6306 6310 6311
f 6306 6311 6307
f 6309 6313 6314
f 6309 6314 6310
f 6312 6315 6316
f 6312 6311 6315
f 6309 6316 6313
f 6309 6312 6316
f 6310 6314 6315
f 6310 6315 6311
f 6313 6317 6318
f 6313 6318 6314
f 6316 6319 6320
f 6316 6315 6319
f 6313 6320 6317
f 6313 6316 6320
f 6314 6318 6319
f 6314 6319 6315
f 6317 6321 6322
f 6317 6322 6318
f 6320 6323 6324
f 6320 6319 6323
f 6317 6324 6321
f 6317 6320 6324
f 6318 6322 6323
f 6318 6323 6319
f 6321 6325 6326
f 6321 6326 6322
f 6324 6327 6328
f 6324 6323 6327
f 6321 6328 6325
f 6321 6324 6328
f 6322 6326 6327
f 6322 6327 6323
f 6325 6073 6076
f 6325 6076 6326
f 6328 6080 6077
f 6328 6327 6080
f 6325 6077 6073
f 6325 6328 6077
f 6326 6076 6080
f 6326 6080 6327
f 6329 6330 6331
f 6329 6331 6332
f 6333 6334 6335
f 6333 6336 6334
f 6329 6335 6330
f 6329 6333 6335
f 6332 6331 6334
f 6332 6334 6336
f 6330 6337 6338
f 6330 6338 6331
f 6335 6339 6340
f 6335 6334 6339
f 6330 6340 6337
f 6330 6335 6340
f 6331 6338 6339
f 6331 6339 6334
f 6337 6341 6342
f 6337 6342 6338
f 6340 6343 6344
f 6340 6339 6343
f 6337 6344 6341
f 6337 6340 6344
f 6338 6342 6343
f 6338 6343 6339
f 6341 6345 6346
f 6341 6346 6342
f 6344 6347 6348
f 6344 6343 6347
f 6341 6348 6345
f 6341 6344 6348
f 6342 6346 6347
f 6342 6347 6343
f 6345 6349 6350
f 6345 6350 6346
f 6348 6351 6352
f 6348 6347 6351
f 6345 6352 6349
f 6345 6348 6352
f 6346 6350 6351
f 6346 6351 6347
f 6349 6353 6354
f 6349 6354 6350
f 6352 6355 6356
f 6352 6351 6355
f 6349 6356 6353
f 6349 6352 6356
f 6350 6354 6355
f 6350 6355 6351
f 6353 6357 6358
f 6353 6358 6354
f 6356 6359 6360
f 6356 6355 6359
f 6353 6360 6357
f 6353 6356 6360
f 6354 6358 6359
f 6354 6359 6355
f 6357 6361 6362
f 6357 6362 6358
f 6360 6363 6364
f 6360 6359 6363
f 6357 6364 6361
f 6357 6360 6364
f 6358 6362 6363
f 6358 6363 6359
f 6361 6365 6366
f 6361 6366 6362
f 6364 6367 6368
f 6364 6363 6367
f 6361 6368 6365
f 6361 6364 6368
f 6362 6366 6367
f 6362 6367 6363
f 6365 6369 6370
f 6365 6370 6366
f 6368 6371 6372
f 6368 6367 6371
f 6365 6372 6369
f 6365 6368 6372
f 6366 6370 6371
f 6366 6371 6367
f 6369 6373 6374
f 6369 6374 6370
f 6372 6375 6376
f 6372 6371 6375
f 6369 6376 6373
f 6369 6372 6376
f 6370 6374 6375
f 6370 6375 6371
f 6373 6377 6378
f 6373 6378 6374
f 6376 6379 6380
f 6376 6375 6379
f 6373 6380 6377
f 6373 6376 6380
f 6374 6378 6379
f 6374 6379 6375
f 6377 6381 6382
f 6377 6382 6378
f 6380 6383 6384
f 6380 6379 6383
f 6377 6384 6381
f 6377 6380 6384
f 6378 6382 6383
f 6378 6383 6379
f 6381 6385 6386
f 6381 6386 6382
f 6384 6387 6388
f 6384 6383 6387
f 6381 6388 6385
f 6381 6384 6388
f 6382 6386 6387
f 6382 6387 6383
f 6385 6389 6390
f 6385 6390 6386
f 6388 6391 6392
f 6388 6387 6391
f 6385 6392 6389
f 6385 6388 6392
f 6386 6390 6391
f 6386 6391 6387
f 6389 6393 6394
f 6389 6394 6390
f 6392 6395 6396
f 6392 6391 6395
f 6389 6396 6393
f 6389 6392 6396
f 6390 6394 6395
f 6390 6395 6391
f 6393 6397 6398
f 6393 6398 6394
f 6396 6399 6400
f 6396 6395 6399
f 6393 6400 6397
f 6393 6396 6400
f 6394 6398 6399
f 6394 6399 6395
f 6397 6401 6402
f 6397 6402 6398
f 6400 6403 6404
f 6400 6399 6403
f 6397 6404 6401
f 6397 6400 6404
f 6398 6402 6403
f 6398 6403 6399
f 6401 6405 6406
f 6401 6406 6402
f 6404 6407 6408
f 6404 6403 6407
f 6401 6408 6405
f 6401 6404 6408
f 6402 6406 6407
f 6402 6407 6403
f 6405 6409 6410
f 6405 6410 6406
f 6408 6411 6412
f 6408 6407 6411
f 6405 6412 6409
f 6405 6408 6412
f 6406 6410 6411
f 6406 6411 6407
f 6409 6413 6414
f 6409 6414 6410
f 6412 6415 6416
f 6412 6411 6415
f 6409 6416 6413
f 6409 6412 6416
f 6410 6414 6415
f 6410 6415 6411
f 6413 6417 6418
f 6413 6418 6414
f 6416 6419 6420
f 6416 6415 6419
f 6413 6420 6417
f 6413 6416 6420
f 6414 6418 6419
f 6414 6419 6415
f 6417 6421 6422
f 6417 6422 6418
f 6420 6423 6424
f 6420 6419 6423
f 6417 6424 6421
f 6417 6420 6424
f 6418 6422 6423
f 6418 6423 6419
f 6421 6425 6426
f 6421 6426 6422
f 6424 6427 6428
f 6424 6423 6427
f 6421 6428 6425
f 6421 6424 6428
f 6422 6426 6427
f 6422 6427 6423
f 6425 6429 6430
f 6425 6430 6426
f 6428 6431 6432
f 6428 6427 6431
f 6425 6432 6429
f 6425 6428 6432
f 6426 6430 6431
f 6426 6431 6427
f 6429 6433 6434
f 6429 6434 6430
f 6432 6435 6436
f 6432 6431 6435
f 6429 6436 6433
f 6429 6432 6436
f 6430 6434 6435
f 6430 6435 6431
f 6433 6437 6438
f 6433 6438 6434
f 6436 6439 6440
f 6436 6435 6439
f 6433 6440 6437
f 6433 6436 6440
f 6434 6438 6439
f 6434 6439 6435
f 6437 6441 6442
f 6437 6442 6438
f 6440 6443 6444
f 6440 6439 6443
f 6437 6444 6441
f 6437 6440 6444
f 6438 6442 6443
f 6438 6443 6439
f 6441 6445 6446
f 6441 6446 6442
f 6444 6447 6448
f 6444 6443 6447
f 6441 6448 6445
f 6441 6444 6448
f 6442 6446 6447
f 6442 6447 6443
f 6445 6449 6450
f 6445 6450 6446
f 6448 6451 6452
f 6448 6447 6451
f 6445 6452 6449
f 6445 6448 6452
f 6446 6450 6451
f 6446 6451 6447
f 6449 6453 6454
f 6449 6454 6450
f 6452 6455 6456
f 6452 6451 6455
f 6449 6456 6453
f 6449 6452 6456
f 6450 6454 6455
f 6450 6455 6451
f 6453 6457 6458
f 6453 6458 6454
f 6456 6459 6460
f 6456 6455 6459
f 6453 6460 6457
f 6453 6456 6460
f 6454 6458 6459
f 6454 6459 6455
f 6457 6461 6462
f 6457 6462 6458
f 6460 6463 6464
f 6460 6459 6463
f 6457 6464 6461
f 6457 6460 6464
f 6458 6462 6463
f 6458 6463 6459
f 6461 6465 6466
f 6461 6466 6462
f 6464 6467 6468
f 6464 6463 6467
f 6461 6468 6465
f 6461 6464 6468
f 6462 6466 6467
f 6462 6467 6463
f 6465 6469 6470
f 6465 6470 6466
f 6468 6471 6472
f 6468 6467 6471
f 6465 6472 6469
f 6465 6468 6472
f 6466 6470 6471
f 6466 6471 6467
f 6469 6473 6474
f 6469 6474 6470
f 6472 6475 6476
f 6472 6471 6475
f 6469 6476 6473
f 6469 6472 6476
f 6470 6474 6475
f 6470 6475 6471
f 6473 6477 6478
f 6473 6478 6474
f 6476 6479 6480
f 6476 6475 6479
f 6473 6480 6477
f 6473 6476 6480
f 6474 6478 6479
f 6474 6479 6475
f 6477 6481 6482
f 6477 6482 6478
f 6480 6483 6484
f 6480 6479 6483
f 6477 6484 6481
f 6477 6480 6484
f 6478 6482 6483
f 6478 6483 6479
f 6481 6485 6486
f 6481 6486 6482
f 6484 6487 6488
f 6484 6483 6487
f 6481 6488 6485
f 6481 6484 6488
f 6482 6486 6487
f 6482 6487 6483
f 6485 6489 6490
f 6485 6490 6486
f 6488 6491 6492
f 6488 6487 6491
f 6485 6492 6489
f 6485 6488 6492
f 6486 6490 6491
f 6486 6491 6487
f 6489 6493 6494
f 6489 6494 6490
f 6492 6495 6496
f 6492 6491 6495
f 6489 6496 6493
f 6489 6492 6496
f 6490 6494 6495
f 6490 6495 6491
f 6493 6497 6498
f 6493 6498 6494
f 6496 6499 6500
f 6496 6495 6499
f 6493 6500 6497
f 6493 6496 6500
f 6494 6498 6499
f 6494 6499 6495
f 6497 6501 6502
f 6497 6502 6498
f 6500 6503 6504
f 6500 6499 6503
f 6497 6504 6501
f 6497 6500 6504
f 6498 6502 6503
f 6498 6503 6499
f 6501 6505 6506
f 6501 6506 6502
f 6504 6507 6508
f 6504 6503 6507
f 6501 6508 6505
f 6501 6504 6508
f 6502 6506 6507
f 6502 6507 6503
f 6505 6509 6510
f 6505 6510 6506
f 6508 6511 6512
f 6508 6507 6511
f 6505 6512 6509
f 6505 6508 6512
f 6506 6510 6511
f 6506 6511 6507
f 6509 6513 6514
f 6509 6514 6510
f 6512 6515 6516
f 6512 6511 6515
f 6509 6516 6513
f 6509 6512 6516
f 6510 6514 6515
f 6510 6515 6511
f 6513 6517 6518
f 6513 6518 6514
f 6516 6519 6520
f 6516 6515 6519
f 6513 6520 6517
f 6513 6516 6520
f 6514 6518 6519
f 6514 6519 6515
f 6517 6521 6522
f 6517 6522 6518
f 6520 6523 6524
f 6520 6519 6523
f 6517 6524 6521
f 6517 6520 6524
f 6518 6522 6523
f 6518 6523 6519
f 6521 6525 6526
f 6521 6526 6522
f 6524 6527 6528
f 6524 6523 6527
f 6521 6528 6525
f 6521 6524 6528
f 6522 6526 6527
f 6522 6527 6523
f 6525 6529 6530
f 6525 6530 6526
f 6528 6531 6532
f 6528 6527 6531
f 6525 6532 6529
f 6525 6528 6532
f 6526 6530 6531
f 6526 6531 6527
f 6529 6533 6534
f 6529 6534 6530
f 6532 6535 6536
f 6532 6531 6535
f 6529 6536 6533
f 6529 6532 6536
f 6530 6534 6535
f 6530 6535 6531
f 6533 6537 6538
f 6533 6538 6534
f 6536 6539 6540
f 6536 6535 6539
f 6533 6540 6537
f 6533 6536 6540
f 6534 6538 6539
f 6534 6539 6535
f 6537 6541 6542
f 6537 6542 6538
f 6540 6543 6544
f 6540 6539 6543
f 6537 6544 6541
f 6537 6540 6544
f 6538 6542 6543
f 6538 6543 6539
f 6541 6545 6546
f 6541 6546 6542
f 6544 6547 6548
f 6544 6543 6547
f 6541 6548 6545
f 6541 6544 6548
f 6542 6546 6547
f 6542 6547 6543
f 6545 6549 6550
f 6545 6550 6546
f 6548 6551 6552
f 6548 6547 6551
f 6545 6552 6549
f 6545 6548 6552
f 6546 6550 6551
f 6546 6551 6547
f 6549 6553 6554
f 6549 6554 6550
f 6552 6555 6556
f 6552 6551 6555
f 6549 6556 6553
f 6549 6552 6556
f 6550 6554 6555
f 6550 6555 6551
f 6553 6557 6558
f 6553 6558 6554
f 6556 6559 6560
f 6556 6555 6559
f 6553 6560 6557
f 6553 6556 6560
f 6554 6558 6559
f 6554 6559 6555
f 6557 6561 6562
f 6557 6562 6558
f 6560 6563 6564
f 6560 6559 6563
f 6557 6564 6561
f 6557 6560 6564
f 6558 6562 6563
f 6558 6563 6559
f 6561 6565 6566
f 6561 6566 6562
f 6564 6567 6568
f 6564 6563 6567
f 6561 6568 6565
f 6561 6564 6568
f 6562 6566 6567
f 6562 6567 6563
f 6565 6569 6570
f 6565 6570 6566
f 6568 6571 6572
f 6568 6567 6571
f 6565 6572 6569
f 6565 6568 6572
f 6566 6570 6571
f 6566 6571 6567
f 6569 6573 6574
f 6569 6574 6570
f 6572 6575 6576
f 6572 6571 6575
f 6569 6576 6573
f 6569 6572 6576
f 6570 6574 6575
f 6570 6575 6571
f 6573 6577 6578
f 6573 6578 6574
f 6576 6579 6580
f 6576 6575 6579
f 6573 6580 6577
f 6573 6576 6580
f 6574 6578 6579
f 6574 6579 6575
f 6577 6581 6582
f 6577 6582 6578
f 6580 6583 6584
f 6580 6579 6583
f 6577 6584 6581
f 6577 6580 6584
f 6578 6582 6583
f 6578 6583 6579
f 6581 6329 6332
f 6581 6332 6582
f 6584 6336 6333
f 6584 6583 6336
f 6581 6333 6329
f 6581 6584 6333
f 6582 6332 6336
f 6582 6336 6583
f 6585 6586 6587
f 6585 6587 6588
f 6589 6590 6591
f 6589 6592 6590
f 6585 6591 6586
f 6585 6589 6591
f 6588 6587 6590
f 6588 6590 6592
f 6586 6593 6594
f 6586 6594 6587
f 6591 6595 6596
f 6591 6590 6595
f 6586 6596 6593
f 6586 6591 6596
f 6587 6594 6595
f 6587 6595 6590
f 6593 6597 6598
f 6593 6598 6594
f 6596 6599 6600
f 6596 6595 6599
f 6593 6600 6597
f 6593 6596 6600
f 6594 6598 6599
f 6594 6599 6595
f 6597 6601 6602
f 6597 6602 6598
f 6600 6603 6604
f 6600 6599 6603
f 6597 6604 6601
f 6597 6600 6604
f 6598 6602 6603
f 6598 6603 6599
f 6601 6605 6606
f 6601 6606 6602
f 6604 6607 6608
f 6604 6603 6607
f 6601 6608 6605
f 6601 6604 6608
f 6602 6606 6607
f 6602 6607 6603
f 6605 6609 6610
f 6605 6610 6606
f 6608 6611 6612
f 6608 6607 6611
f 6605 6612 6609
f 6605 6608 6612
f 6606 6610 6611
f 6606 6611 6607
f 6609 6613 6614
f 6609 6614 6610
f 6612 6615 6616
f 6612 6611 6615
f 6609 6616 6613
f 6609 6612 6616
f 6610 6614 6615
f 6610 6615 6611
f 6613 6617 6618
f 6613 6618 6614
f 6616 6619 6620
f 6616 6615 6619
f 6613 6620 6617
f 6613 6616 6620
f 6614 6618 6619
f 6614 6619 6615
f 6617 6621 6622
f 6617 6622 6618
f 6620 6623 6624
f 6620 6619 6623
f 6617 6624 6621
f 6617 6620 6624
f 6618 6622 6623
f 6618 6623 6619
f 6621 6625 6626
f 6621 6626 6622
f 6624 6627 6628
f 6624 6623 6627
f 6621 6628 6625
f 6621 6624 6628
f 6622 6626 6627
f 6622 6627 6623
f 6625 6629 6630
f 6625 6630 6626
f 6628 6631 6632
f 6628 6627 6631
f 6625 6632 6629
f 6625 6628 6632
f 6626 6630 6631
f 6626 6631 6627
f 6629 6633 6634
f 6629 6634 6630
f 6632 6635 6636
f 6632 6631 6635
f 6629 6636 6633
f 6629 6632 6636
f 6630 6634 6635
f 6630 6635 6631
f 6633 6637 6638
f 6633 6638 6634
f 6636 6639 6640
f 6636 6635 6639
f 6633 6640 6637
f 6633 6636 6640
f 6634 6638 6639
f 6634 6639 6635
f 6637 6641 6642
f 6637 6642 6638
f 6640 6643 6644
f 6640 6639 6643
f 6637 6644 6641
f 6637 6640 6644
f 6638 6642 6643
f 6638 6643 6639
f 6641 6645 6646
f 6641 6646 6642
f 6644 6647 6648
f 6644 6643 6647
f 6641 6648 6645
f 6641 6644 6648
f 6642 6646 6647
f 6642 6647 6643
f 6645 6649 6650
f 6645 6650 6646
f 6648 6651 6652
f 6648 6647 6651
f 6645 6652 6649
f 6645 6648 6652
f 6646 6650 6651
f 6646 6651 6647
f 6649 6653 6654
f 6649 6654 6650
f 6652 6655 6656
f 6652 6651 6655
f 6649 6656 6653
f 6649 6652 6656
f 6650 6654 6655
f 6650 6655 6651
f 6653 6657 6658
f 6653 6658 6654
f 6656 6659 6660
f 6656 6655 6659
f 6653 6660 6657
f 6653 6656 6660
f 6654 6658 6659
f 6654 6659 6655
f 6657 6661 6662
f 6657 6662 6658
f 6660 6663 6664
f 6660 6659 6663
f 6657 6664 6661
f 6657 6660 6664
f 6658 6662 6663
f 6658 6663 6659
f 6661 6665 6666
f 6661 6666 6662
f 6664 6667 6668
f 6664 6663 6667
f 6661 6668 6665
f 6661 6664 6668
f 6662 6666 6667
f 6662 6667 6663
f 6665 6669 6670
f 6665 6670 6666
f 6668 6671 6672
f 6668 6667 6671
f 6665 6672 6669
f 6665 6668 6672
f 6666 6670 6671
f 6666 6671 6667
f 6669 6673 6674
f 6669 6674 6670
f 6672 6675 6676
f 6672 6671 6675
f 6669 6676 6673
f 6669 6672 6676
f 6670 6674 6675
f 6670 6675 6671
f 6673 6677 6678
f 6673 6678 6674
f 6676 6679 6680
f 6676 6675 6679
f 6673 6680 6677
f 6673 6676 6680
f 6674 6678 6679
f 6674 6679 6675
f 6677 6681 6682
f 6677 6682 6678
f 6680 6683 6684
f 6680 6679 6683
f 6677 6684 6681
f 6677 6680 6684
f 6678 6682 6683
f 6678 6683 6679
f 6681 6685 6686
f 6681 6686 6682
f 6684 6687 6688
f 6684 6683 6687
f 6681 6688 6685
f 6681 6684 6688
f 6682 6686 6687
f 6682 6687 6683
f 6685 6689 6690
f 6685 6690 6686
f 6688 6691 6692
f 6688 6687 6691
f 6685 6692 6689
f 6685 6688 6692
f 6686 6690 6691
f 6686 6691 6687
f 6689 6693 6694
f 6689 6694 6690
f 6692 6695 6696
f 6692 6691 6695
f 6689 6696 6693
f 6689 6692 6696
f 6690 6694 6695
f 6690 6695 6691
f 6693 6697 6698
f 6693 6698 6694
f 6696 6699 6700
f 6696 6695 6699
f 6693 6700 6697
f 6693 6696 6700
f 6694 6698 6699
f 6694 6699 6695
f 6697 6701 6702
f 6697 6702 6698
f 6700 6703 6704
f 6700 6699 6703
f 6697 6704 6701
f 6697 6700 6704
f 6698 6702 6703
f 6698 6703 6699
f 6701 6705 6706
f 6701 6706 6702
f 6704 6707 6708
f 6704 6703 6707
f 6701 6708 6705
f 6701 6704 6708
f 6702 6706 6707
f 6702 6707 6703
f 6705 6709 6710
f 6705 6710 6706
f 6708 6711 6712
f 6708 6707 6711
f 6705 6712 6709
f 6705 6708 6712
f 6706 6710 6711
f 6706 6711 6707
f 6709 6713 6714
f 6709 6714 6710
f 6712 6715 6716
f 6712 6711 6715
f 6709 6716 6713
f 6709 6712 6716
f 6710 6714 6715
f 6710 6715 6711
f 6713 6717 6718
f 6713 6718 6714
f 6716 6719 6720
f 6716 6715 6719
f 6713 6720 6717
f 6713 6716 6720
f 6714 6718 6719
f 6714 6719 6715
f 6717 6721 6722
f 6717 6722 6718
f 6720 6723 6724
f 6720 6719 6723
f 6717 6724 6721
f 6717 6720 6724
f 6718 6722 6723
f 6718 6723 6719
f 6721 6725 6726
f 6721 6726 6722
f 6724 6727 6728
f 6724 6723 6727
f 6721 6728 6725
f 6721 6724 6728
f 6722 6726 6727
f 6722 6727 6723
f 6725 6729 6730
f 6725 6730 6726
f 6728 6731 6732
f 6728 6727 6731
f 6725 6732 6729
f 6725 6728 6732
f 6726 6730 6731
f 6726 6731 6727
f 6729 6733 6734
f 6729 6734 6730
f 6732 6735 6736
f 6732 6731 6735
f 6729 6736 6733
f 6729 6732 6736
f 6730 6734 6735
f 6730 6735 6731
f 6733 6737 6738
f 6733 6738 6734
f 6736 6739 6740
f 6736 6735 6739
f 6733 6740 6737
f 6733 6736 6740
f 6734 6738 6739
f 6734 6739 6735
f 6737 6741 6742
f 6737 6742 6738
f 6740 6743 6744
f 6740 6739 6743
f 6737 6744 6741
f 6737 6740 6744
f 6738 6742 6743
f 6738 6743 6739
f 6741 6745 6746
f 6741 6746 6742
f 6744 6747 6748
f 6744 6743 6747
f 6741 6748 6745
f 6741 6744 6748
f 6742 6746 6747
f 6742 6747 6743
f 6745 6749 6750
f 6745 6750 6746
f 6748 6751 6752
f 6748 6747 6751
f 6745 6752 6749
f 6745 6748 6752
f 6746 6750 6751
f 6746 6751 6747
f 6749 6753 6754
f 6749 6754 6750
f 6752 6755 6756
f 6752 6751 6755
f 6749 6756 6753
f 6749 6752 6756
f 6750 6754 6755
f 6750 6755 6751
f 6753 6757 6758
f 6753 6758 6754
f 6756 6759 6760
f 6756 6755 6759
f 6753 6760 6757
f 6753 6756 6760
f 6754 6758 6759
f 6754 6759 6755
f 6757 6761 6762
f 6757 6762 6758
f 6760 6763 6764
f 6760 6759 6763
f 6757 6764 6761
f 6757 6760 6764
f 6758 6762 6763
f 6758 6763 6759
f 6761 6765 6766
f 6761 6766 6762
f 6764 6767 6768
f 6764 6763 6767
f 6761 6768 6765
f 6761 6764 6768
f 6762 6766 6767
f 6762 6767 6763
f 6765 6769 6770
f 6765 6770 6766
f 6768 6771 6772
f 6768 6767 6771
f 6765 6772 6769
f 6765 6768 6772
f 6766 6770 6771
f 6766 6771 6767
f 6769 6773 6774
f 6769 6774 6770
f 6772 6775 6776
f 6772 6771 6775
f 6769 6776 6773
f 6769 6772 6776
f 6770 6774 6775
f 6770 6775 6771
f 6773 6777 6778
f 6773 6778 6774
f 6776 6779 6780
f 6776 6775 6779
f 6773 6780 6777
f 6773 6776 6780
f 6774 6778 6779
f 6774 6779 6775
f 6777 6781 6782
f 6777 6782 6778
f 6780 6783 6784
f 6780 6779 6783
f 6777 6784 6781
f 6777 6780 6784
f 6778 6782 6783
f 6778 6783 6779
f 6781 6785 6786
f 6781 6786 6782
f 6784 6787 6788
f 6784 6783 6787
f 6781 6788 6785
f 6781 6784 6788
f 6782 6786 6787
f 6782 6787 6783
f 6785 6789 6790
f 6785 6790 6786
f 6788 6791 6792
f 6788 6787 6791
f 6785 6792 6789
f 6785 6788 6792
f 6786 6790 6791
f 6786 6791 6787
f 6789 6793 6794
f 6789 6794 6790
f 6792 6795 6796
f 6792 6791 6795
f 6789 6796 6793
f 6789 6792 6796
f 6790 6794 6795
f 6790 6795 6791
f 6793 6797 6798
f 6793 6798 6794
f 6796 6799 6800
f 6796 6795 6799
f 6793 6800 6797
f 6793 6796 6800
f 6794 6798 6799
f 6794 6799 6795
f 6797 6801 6802
f 6797 6802 6798
f 6800 6803 6804
f 6800 6799 6803
f 6797 6804 6801
f 6797 6800 6804
f 6798 6802 6803
f 6798 6803 6799
f 6801 6805 6806
f 6801 6806 6802
f 6804 6807 6808
f 6804 6803 6807
f 6801 6808 6805
f 6801 6804 6808
f 6802 6806 6807
f 6802 6807 6803
f 6805 6809 6810
f 6805 6810 6806
f 6808 6811 6812
f 6808 6807 6811
f 6805 6812 6809
f 6805 6808 6812
f 6806 6810 6811
f 6806 6811 6807
f 6809 6813 6814
f 6809 6814 6810
f 6812 6815 6816
f 6812 6811 6815
f 6809 6816 6813
f 6809 6812 6816
f 6810 6814 6815
f 6810 6815 6811
f 6813 6817 6818
f 6813 6818 6814
f 6816 6819 6820
f 6816 6815 6819
f 6813 6820 6817
f 6813 6816 6820
f 6814 6818 6819
f 6814 6819 6815
f 6817 6821 6822
f 6817 6822 6818
f 6820 6823 6824
f 6820 6819 6823
f 6817 6824 6821
f 6817 6820 6824
f 6818 6822 6823
f 6818 6823 6819
f 6821 6825 6826
f 6821 6826 6822
f 6824 6827 6828
f 6824 6823 6827
f 6821 6828 6825
f 6821 6824 6828
f 6822 6826 6827
f 6822 6827 6823
f 6825 6829 6830
f 6825 6830 6826
f 6828 6831 6832
f 6828 6827 6831
f 6825 6832 6829
f 6825 6828 6832
f 6826 6830 6831
f 6826 6831 6827
f 6829 6833 6834
f 6829 6834 6830
f 6832 6835 6836
f 6832 6831 6835
f 6829 6836 6833
f 6829 6832 6836
f 6830 6834 6835
f 6830 6835 6831
f 6833 6837 6838
f 6833 6838 6834
f 6836 6839 6840
f 6836 6835 6839
f 6833 6840 6837
f 6833 6836 6840
f 6834 6838 6839
f 6834 6839 6835
f 6837 6585 6588
f 6837 6588 6838
f 6840 6592 6589
f 6840 6839 6592
f 6837 6589 6585
f 6837 6840 6589
f 6838 6588 6592
f 6838 6592 6839
o Front_right_rim
usemtl Aluminum
v -54.30000 53.00000 16.00000
v -54.38614 53.00000 17.53391
v -54.38614 63.00000 17.53391
v -54.30000 63.00000 16.00000
v -56.50000 53.00000 16.00000
v -56.57231 63.00000 17.28759
v -56.57231 53.00000 17.28759
v -56.50000 63.00000 16.00000
v -54.64349 53.00000 19.04854
v -54.64349 63.00000 19.04854
v -56.78833 63.00000 18.55899
v -56.78833 53.00000 18.55899
v -55.06880 53.00000 20.52482
v -55.06880 63.00000 20.52482
v -57.14534 63.00000 19.79821
v -57.14534 53.00000 19.79821
v -55.65673 53.00000 21.94421
v -55.65673 63.00000 21.94421
v -57.63886 63.00000 20.98966
v -57.63886 53.00000 20.98966
v -56.39988 53.00000 23.28884
v -56.39988 63.00000 23.28884
v -58.26267 63.00000 22.11837
v -58.26267 53.00000 22.11837
v -57.28891 53.00000 24.54181
v -57.28891 63.00000 24.54181
v -59.00894 63.00000 23.17013
v -59.00894 53.00000 23.17013
v -58.31264 53.00000 25.68736
v -58.31264 63.00000 25.68736
v -59.86827 63.00000 24.13173
v -59.86827 53.00000 24.13173
v -59.45819 53.00000 26.71109
v -59.45819 63.00000 26.71109
v -60.82987 63.00000 24.99106
v -60.82987 53.00000 24.99106
v -60.71116 53.00000 27.60012
v -60.71116 63.00000 27.60012
v -61.88163 63.00000 25.73733
v -61.88163 53.00000 25.73733
v -62.05579 53.00000 28.34327
v -62.05579 63.00000 28.34327
v -63.01034 63.00000 26.36114
v -63.01034 53.00000 26.36114
v -63.47518 53.00000 28.93120
v -63.47518 63.00000 28.93120
v -64.20179 63.00000 26.85466
v -64.20179 53.00000 26.85466
v -64.95146 53.00000 29.35651
v -64.95146 63.00000 29.35651
v -65.44101 63.00000 27.21167
v -65.44101 53.00000 27.21167
v -66.46609 53.00000 29.61386
v -66.46609 63.00000 29.61386
v -66.71241 63.00000 27.42769
v -66.71241 53.00000 27.42769
v -68.00000 53.00000 29.70000
v -68.00000 63.00000 29.70000
v -68.00000 63.00000 27.50000
v -68.00000 53.00000 27.50000
v -69.53391 53.00000 29.61386
v -69.53391 63.00000 29.61386
v -69.28759 63.00000 27.42769
v -69.28759 53.00000 27.42769
v -71.04854 53.00000 29.35651
v -71.04854 63.00000 29.35651
v -70.55899 63.00000 27.21167
v -70.55899 53.00000 27.21167
v -72.52482 53.00000 28.93120
v -72.52482 63.00000 28.93120
v -71.79821 63.00000 26.85466
v -71.79821 53.00000 26.85466
v -73.94421 53.00000 28.34327
v -73.94421 63.00000 28.34327
v -72.98966 63.00000 26.36114
v -72.98966 53.00000 26.36114
v -75.28884 53.00000 27.60012
v -75.28884 63.00000 27.60012
v -74.11837 63.00000 25.73733
v -74.11837 53.00000 25.73733
v -76.54181 53.00000 26.71109
v -76.54181 63.00000 26.71109
v -75.17013 63.00000 24.99106
v -75.17013 53.00000 24.99106
v -77.68736 53.00000 25.68736
v -77.68736 63.00000 25.68736
v -76.13173 63.00000 24.13173
v -76.13173 53.00000 24.13173
v -78.71109 53.00000 24.54181
v -78.71109 63.00000 24.54181
v -76.99106 63.00000 23.17013
v -76.99106 53.00000 23.17013
v -79.60012 53.00000 23.28884
v -79.60012 63.00000 23.28884
v -77.73733 63.00000 22.11837
v -77.73733 53.00000 22.11837
v -80.34327 53.00000 21.94421
v -80.34327 63.00000 21.94421
v -78.36114 63.00000 20.98966
v -78.36114 53.00000 20.98966
v -80.93120 53.00000 20.52482
v -80.93120 63.00000 20.52482
v -78.85466 63.00000 19.79821
v -78.85466 53.00000 19.79821
v -81.35651 53.00000 19.04854
v -81.35651 63.00000 19.04854
v -79.21167 63.00000 18.55899
v -79.21167 53.00000 18.55899
v -81.61386 53.00000 17.53391
v -81.61386 63.00000 17.53391
v -79.42769 63.00000 17.28759
v -79.42769 53.00000 17.28759
v -81.70000 53.00000 16.00000
v -81.70000 63.00000 16.00000
v -79.50000 63.00000 16.00000
v -79.50000 53.00000 16.00000
v -81.61386 53.00000 14.46609
v -81.61386 63.00000 14.46609
v -79.42769 63.00000 14.71241
v -79.42769 53.00000 14.71241
v -81.35651 53.00000 12.95146
v -81.35651 63.00000 12.95146
v -79.21167 63.00000 13.44101
v -79.21167 53.00000 13.44101
v -80.93120 53.00000 11.47518
v -80.93120 63.00000 11.47518
v -78.85466 63.00000 12.20179
v -78.85466 53.00000 12.20179
v -80.34327 53.00000 10.05579
v -80.34327 63.00000 10.05579
v -78.36114 63.00000 11.01034
v -78.36114 53.00000 11.01034
v -79.60012 53.00000 8.71116
v -79.60012 63.00000 8.71116
v -77.73733 63.00000 9.88163
v -77.73733 53.00000 9.88163
v -78.71109 53.00000 7.45819
v -78.71109 63.00000 7.45819
v -76.99106 63.00000 8.82987
v -76.99106 53.00000 8.82987
v -77.68736 53.00000 6.31264
v -77.68736 63.00000 6.31264
v -76.13173 63.00000 7.86827
v -76.13173 53.00000 7.86827
v -76.54181 53.00000 5.28891
v -76.54181 63.00000 5.28891
v -75.17013 63.00000 7.00894
v -75.17013 53.00000 7.00894
v -75.28884 53.00000 4.39988
v -75.28884 63.00000 4.39988
v -74.11837 63.00000 6.26267
v -74.11837 53.00000 6.26267
v -73.94421 53.00000 3.65673
v -73.94421 63.00000 3.65673
v -72.98966 63.00000 5.63886
v -72.98966 53.00000 5.63886
v -72.52482 53.00000 3.06880
v -72.52482 63.00000 3.06880
v -71.79821 63.00000 5.14534
v -71.79821 53.00000 5.14534
v -71.04854 53.00000 2.64349
v -71.04854 63.00000 2.64349
v -70.55899 63.00000 4.78833
v -70.55899 53.00000 4.78833
v -69.53391 53.00000 2.38614
v -69.53391 63.00000 2.38614
v -69.28759 63.00000 4.57231
v -69.28759 53.00000 4.57231
v -68.00000 53.00000 2.30000
v -68.00000 63.00000 2.30000
v -68.00000 63.00000 4.50000
v -68.00000 53.00000 4.50000
v -66.46609 53.00000 2.38614
v -66.46609 63.00000 2.38614
v -66.71241 63.00000 4.57231
v -66.71241 53.00000 4.57231
v -64.95146 53.00000 2.64349
v -64.95146 63.00000 2.64349
v -65.44101 63.00000 4.78833
v -65.44101 53.00000 4.78833
v -63.47518 53.00000 3.06880
v -63.47518 63.00000 3.06880
v -64.20179 63.00000 5.14534
v -64.20179 53.00000 5.14534
v -62.05579 53.00000 3.65673
v -62.05579 63.00000 3.65673
v -63.01034 63.00000 5.63886
v -63.01034 53.00000 5.63886
v -60.71116 53.00000 4.39988
v -60.71116 63.00000 4.39988
v -61.88163 63.00000 6.26267
v -61.88163 53.00000 6.26267
v -59.45819 53.00000 5.28891
v -59.45819 63.00000 5.28891
v -60.82987 63.00000 7.00894
v -60.82987 53.00000 7.00894
v -58.31264 53.00000 6.31264
v -58.31264 63.00000 6.31264
v -59.86827 63.00000 7.86827
v -59.86827 53.00000 7.86827
v -57.28891 53.00000 7.45819
v -57.28891 63.00000 7.45819
v -59.00894 63.00000 8.82987
v -59.00894 53.00000 8.82987
v -56.39988 53.00000 8.71116
v -56.39988 63.00000 8.71116
v -58.26267 63.00000 9.88163
v -58.26267 53.00000 9.88163
v -55.65673 53.00000 10.05579
v -55.65673 63.00000 10.05579
v -57.63886 63.00000 11.01034
v -57.63886 53.00000 11.01034
v -55.06880 53.00000 11.47518
v -55.06880 63.00000 11.47518
v -57.14534 63.00000 12.20179
v -57.14534 53.00000 12.20179
v -54.64349 53.00000 12.95146
v -54.64349 63.00000 12.95146
v -56.78833 63.00000 13.44101
v -56.78833 53.00000 13.44101
v -54.38614 53.00000 14.46609
v -54.38614 63.00000 14.46609
v -56.57231 63.00000 14.71241
v -56.57231 53.00000 14.71241
v -61.80000 53.00000 16.00000
v -61.87633 53.00000 16.96989
v -61.87633 63.00000 16.96989
v -61.80000 63.00000 16.00000
v -64.10000 53.00000 16.00000
v -64.14802 63.00000 16.61009
v -64.14802 53.00000 16.61009
v -64.10000 63.00000 16.00000
v -62.10345 53.00000 17.91591
v -62.10345 63.00000 17.91591
v -64.29088 63.00000 17.20517
v -64.29088 53.00000 17.20517
v -62.47576 53.00000 18.81474
v -62.47576 63.00000 18.81474
v -64.52507 63.00000 17.77056
v -64.52507 53.00000 17.77056
v -62.98409 53.00000 19.64427
v -62.98409 63.00000 19.64427
v -64.84483 63.00000 18.29236
v -64.84483 53.00000 18.29236
v -63.61594 53.00000 20.38406
v -63.61594 63.00000 20.38406
v -65.24228 63.00000 18.75772
v -65.24228 53.00000 18.75772
v -64.35573 53.00000 21.01591
v -64.35573 63.00000 21.01591
v -65.70764 63.00000 19.15517
v -65.70764 53.00000 19.15517
v -65.18526 53.00000 21.52424
v -65.18526 63.00000 21.52424
v -66.22944 63.00000 19.47493
v -66.22944 53.00000 19.47493
v -66.08409 53.00000 21.89655
v -66.08409 63.00000 21.89655
v -66.79483 63.00000 19.70912
v -66.79483 53.00000 19.70912
v -67.03011 53.00000 22.12367
v -67.03011 63.00000 22.12367
v -67.38991 63.00000 19.85198
v -67.38991 53.00000 19.85198
v -68.00000 53.00000 22.20000
v -68.00000 63.00000 22.20000
v -68.00000 63.00000 19.90000
v -68.00000 53.00000 19.90000
v -68.96989 53.00000 22.12367
v -68.96989 63.00000 22.12367
v -68.61009 63.00000 19.85198
v -68.61009 53.00000 19.85198
v -69.91591 53.00000 21.89655
v -69.91591 63.00000 21.89655
v -69.20517 63.00000 19.70912
v -69.20517 53.00000 19.70912
v -70.81474 53.00000 21.52424
v -70.81474 63.00000 21.52424
v -69.77056 63.00000 19.47493
v -69.77056 53.00000 19.47493
v -71.64427 53.00000 21.01591
v -71.64427 63.00000 21.01591
v -70.29236 63.00000 19.15517
v -70.29236 53.00000 19.15517
v -72.38406 53.00000 20.38406
v -72.38406 63.00000 20.38406
v -70.75772 63.00000 18.75772
v -70.75772 53.00000 18.75772
v -73.01591 53.00000 19.64427
v -73.01591 63.00000 19.64427
v -71.15517 63.00000 18.29236
v -71.15517 53.00000 18.29236
v -73.52424 53.00000 18.81474
v -73.52424 63.00000 18.81474
v -71.47493 63.00000 17.77056
v -71.47493 53.00000 17.77056
v -73.89655 53.00000 17.91591
v -73.89655 63.00000 17.91591
v -71.70912 63.00000 17.20517
v -71.70912 53.00000 17.20517
v -74.12367 53.00000 16.96989
v -74.12367 63.00000 16.96989
v -71.85198 63.00000 16.61009
v -71.85198 53.00000 16.61009
v -74.20000 53.00000 16.00000
v -74.20000 63.00000 16.00000
v -71.90000 63.00000 16.00000
v -71.90000 53.00000 16.00000
v -74.12367 53.00000 15.03011
v -74.12367 63.00000 15.03011
v -71.85198 63.00000 15.38991
v -71.85198 53.00000 15.38991
v -73.89655 53.00000 14.08409
v -73.89655 63.00000 14.08409
v -71.70912 63.00000 14.79483
v -71.70912 53.00000 14.79483
v -73.52424 53.00000 13.18526
v -73.52424 63.00000 13.18526
v -71.47493 63.00000 14.22944
v -71.47493 53.00000 14.22944
v -73.01591 53.00000 12.35573
v -73.01591 63.00000 12.35573
v -71.15517 63.00000 13.70764
v -71.15517 53.00000 13.70764
v -72.38406 53.00000 11.61594
v -72.38406 63.00000 11.61594
v -70.75772 63.00000 13.24228
v -70.75772 53.00000 13.24228
v -71.64427 53.00000 10.98409
v -71.64427 63.00000 10.98409
v -70.29236 63.00000 12.84483
v -70.29236 53.00000 12.84483
v -70.81474 53.00000 10.47576
v -70.81474 63.00000 10.47576
v -69.77056 63.00000 12.52507
v -69.77056 53.00000 12.52507
v -69.91591 53.00000 10.10345
v -69.91591 63.00000 10.10345
v -69.20517 63.00000 12.29088
v -69.20517 53.00000 12.29088
v -68.96989 53.00000 9.87633
v -68.96989 63.00000 9.87633
v -68.61009 63.00000 12.14802
v -68.61009 53.00000 12.14802
v -68.00000 53.00000 9.80000
v -68.00000 63.00000 9.80000
v -68.00000 63.00000 12.10000
v -68.00000 53.00000 12.10000
v -67.03011 53.00000 9.87633
v -67.03011 63.00000 9.87633
v -67.38991 63.00000 12.14802
v -67.38991 53.00000 12.14802
v -66.08409 53.00000 10.10345
v -66.08409 63.00000 10.10345
v -66.79483 63.00000 12.29088
v -66.79483 53.00000 12.29088
v -65.18526 53.00000 10.47576
v -65.18526 63.00000 10.47576
v -66.22944 63.00000 12.52507
v -66.22944 53.00000 12.52507
v -64.35573 53.00000 10.98409
v -64.35573 63.00000 10.98409
v -65.70764 63.00000 12.84483
v -65.70764 53.00000 12.84483
v -63.61594 53.00000 11.61594
v -63.61594 63.00000 11.61594
v -65.24228 63.00000 13.24228
v -65.24228 53.00000 13.24228
v -62.98409 53.00000 12.35573
v -62.98409 63.00000 12.35573
v -64.84483 63.00000 13.70764
v -64.84483 53.00000 13.70764
v -62.47576 53.00000 13.18526
v -62.47576 63.00000 13.18526
v -64.52507 63.00000 14.22944
v -64.52507 53.00000 14.22944
v -62.10345 53.00000 14.08409
v -62.10345 63.00000 14.08409
v -64.29088 63.00000 14.79483
v -64.29088 53.00000 14.79483
v -61.87633 53.00000 15.03011
v -61.87633 63.00000 15.03011
v -64.14802 63.00000 15.38991
v -64.14802 53.00000 15.38991
v -62.50000 52.80000 16.00000
v -62.39323 52.99098 15.42199
v -55.85368 52.99098 16.62998
v -55.96045 52.80000 17.20798
v -62.32724 53.49098 15.06477
v -55.78769 53.49098 16.27275
v -62.32724 54.10902 15.06477
v -55.78769 54.10902 16.27275
v -62.39323 54.60902 15.42199
v -55.85368 54.60902 16.62998
v -62.50000 54.80000 16.00000
v -55.96045 54.80000 17.20798
v -62.60677 54.60902 16.57801
v -56.06722 54.60902 17.78599
v -62.67276 54.10902 16.93523
v -56.13321 54.10902 18.14322
v -62.67276 53.49098 16.93523
v -56.13321 53.49098 18.14322
v -62.60677 52.99098 16.57801
v -56.06722 52.99098 17.78599
v -63.23686 52.80000 18.75000
v -62.85539 52.99098 18.30282
v -57.79597 52.99098 22.61874
v -58.17744 52.80000 23.06592
v -62.61963 53.49098 18.02644
v -57.56021 53.49098 22.34236
v -62.61963 54.10902 18.02644
v -57.56021 54.10902 22.34236
v -62.85539 54.60902 18.30282
v -57.79597 54.60902 22.61874
v -63.23686 54.80000 18.75000
v -58.17744 54.80000 23.06592
v -63.61833 54.60902 19.19718
v -58.55890 54.60902 23.51310
v -63.85409 54.10902 19.47356
v -58.79466 54.10902 23.78948
v -63.85409 53.49098 19.47356
v -58.79466 53.49098 23.78948
v -63.61833 52.99098 19.19718
v -58.55890 52.99098 23.51310
v -66.19244 53.80000 21.09751
v -66.01245 53.21221 21.03365
v -63.78882 53.21221 27.30106
v -63.96881 53.80000 27.36492
v -65.54123 52.84894 20.86647
v -63.31760 52.84894 27.13388
v -64.95877 52.84894 20.65981
v -62.73514 52.84894 26.92722
v -64.48755 53.21221 20.49263
v -62.26392 53.21221 26.76004
v -64.30756 53.80000 20.42877
v -62.08393 53.80000 26.69618
v -64.48755 54.38779 20.49263
v -62.26392 54.38779 26.76004
v -64.95877 54.75106 20.65981
v -62.73514 54.75106 26.92722
v -65.54123 54.75106 20.86647
v -63.31760 54.75106 27.13388
v -66.01245 54.38779 21.03365
v -63.78882 54.38779 27.30106
v -68.98336 53.80000 21.31835
v -68.79556 53.21221 21.35304
v -70.00354 53.21221 27.89260
v -70.19135 53.80000 27.85790
v -68.30388 52.84894 21.44387
v -69.51186 52.84894 27.98342
v -67.69612 52.84894 21.55613
v -68.90411 52.84894 28.09568
v -67.20444 53.21221 21.64696
v -68.41243 53.21221 28.18651
v -67.01664 53.80000 21.68165
v -68.22462 53.80000 28.22120
v -67.20444 54.38779 21.64696
v -68.41243 54.38779 28.18651
v -67.69612 54.75106 21.55613
v -68.90411 54.75106 28.09568
v -68.30388 54.75106 21.44387
v -69.51186 54.75106 27.98342
v -68.79556 54.38779 21.35304
v -70.00354 54.38779 27.89260
v -70.75000 54.80000 20.76314
v -71.19718 54.60902 20.38167
v -75.51310 54.60902 25.44110
v -75.06592 54.80000 25.82256
v -71.47356 54.10902 20.14591
v -75.78948 54.10902 25.20534
v -71.47356 53.49098 20.14591
v -75.78948 53.49098 25.20534
v -71.19718 52.99098 20.38167
v -75.51310 52.99098 25.44110
v -70.75000 52.80000 20.76314
v -75.06592 52.80000 25.82256
v -70.30282 52.99098 21.14461
v -74.61874 52.99098 26.20403
v -70.02644 53.49098 21.38037
v -74.34236 53.49098 26.43979
v -70.02644 54.10902 21.38037
v -74.34236 54.10902 26.43979
v -70.30282 54.60902 21.14461
v -74.61874 54.60902 26.20403
v -72.76314 54.80000 18.75000
v -72.95968 54.60902 18.19605
v -79.22709 54.60902 20.41968
v -79.03055 54.80000 20.97363
v -73.08115 54.10902 17.85368
v -79.34855 54.10902 20.07731
v -73.08115 53.49098 17.85368
v -79.34855 53.49098 20.07731
v -72.95968 52.99098 18.19605
v -79.22709 52.99098 20.41968
v -72.76314 52.80000 18.75000
v -79.03055 52.80000 20.97363
v -72.56660 52.99098 19.30395
v -78.83401 52.99098 21.52758
v -72.44513 53.49098 19.64632
v -78.71254 53.49098 21.86995
v -72.44513 54.10902 19.64632
v -78.71254 54.10902 21.86995
v -72.56660 54.60902 19.30395
v -78.83401 54.60902 21.52758
v -73.50000 54.80000 16.00000
v -73.39323 54.60902 15.42199
v -79.93278 54.60902 14.21401
v -80.03955 54.80000 14.79202
v -73.32724 54.10902 15.06477
v -79.86679 54.10902 13.85678
v -73.32724 53.49098 15.06477
v -79.86679 53.49098 13.85678
v -73.39323 52.99098 15.42199
v -79.93278 52.99098 14.21401
v -73.50000 52.80000 16.00000
v -80.03955 52.80000 14.79202
v -73.60677 52.99098 16.57801
v -80.14632 52.99098 15.37002
v -73.67276 53.49098 16.93523
v -80.21231 53.49098 15.72725
v -73.67276 54.10902 16.93523
v -80.21231 54.10902 15.72725
v -73.60677 54.60902 16.57801
v -80.14632 54.60902 15.37002
v -72.76314 54.80000 13.25000
v -72.38167 54.60902 12.80282
v -77.44110 54.60902 8.48690
v -77.82256 54.80000 8.93408
v -72.14591 54.10902 12.52644
v -77.20534 54.10902 8.21052
v -72.14591 53.49098 12.52644
v -77.20534 53.49098 8.21052
v -72.38167 52.99098 12.80282
v -77.44110 52.99098 8.48690
v -72.76314 52.80000 13.25000
v -77.82256 52.80000 8.93408
v -73.14461 52.99098 13.69718
v -78.20403 52.99098 9.38126
v -73.38037 53.49098 13.97356
v -78.43979 53.49098 9.65764
v -73.38037 54.10902 13.97356
v -78.43979 54.10902 9.65764
v -73.14461 54.60902 13.69718
v -78.20403 54.60902 9.38126
v -69.80756 53.80000 10.90249
v -69.98755 53.21221 10.96635
v -72.21118 53.21221 4.69894
v -72.03119 53.80000 4.63508
v -70.45877 52.84894 11.13353
v -72.68240 52.84894 4.86612
v -71.04123 52.84894 11.34019
v -73.26486 52.84894 5.07278
v -71.51245 53.21221 11.50737
v -73.73608 53.21221 5.23996
v -71.69244 53.80000 11.57123
v -73.91607 53.80000 5.30382
v -71.51245 54.38779 11.50737
v -73.73608 54.38779 5.23996
v -71.04123 54.75106 11.34019
v -73.26486 54.75106 5.07278
v -70.45877 54.75106 11.13353
v -72.68240 54.75106 4.86612
v -69.98755 54.38779 10.96635
v -72.21118 54.38779 4.69894
v -67.01664 53.80000 10.68165
v -67.20444 53.21221 10.64696
v -65.99646 53.21221 4.10740
v -65.80865 53.80000 4.14210
v -67.69612 52.84894 10.55613
v -66.48814 52.84894 4.01658
v -68.30388 52.84894 10.44387
v -67.09589 52.84894 3.90432
v -68.79556 53.21221 10.35304
v -67.58757 53.21221 3.81349
v -68.98336 53.80000 10.31835
v -67.77538 53.80000 3.77880
v -68.79556 54.38779 10.35304
v -67.58757 54.38779 3.81349
v -68.30388 54.75106 10.44387
v -67.09589 54.75106 3.90432
v -67.69612 54.75106 10.55613
v -66.48814 54.75106 4.01658
v -67.20444 54.38779 10.64696
v -65.99646 54.38779 4.10740
v -65.25000 52.80000 11.23686
v -65.69718 52.99098 10.85539
v -61.38126 52.99098 5.79597
v -60.93408 52.80000 6.17744
v -65.97356 53.49098 10.61963
v -61.65764 53.49098 5.56021
v -65.97356 54.10902 10.61963
v -61.65764 54.10902 5.56021
v -65.69718 54.60902 10.85539
v -61.38126 54.60902 5.79597
v -65.25000 54.80000 11.23686
v -60.93408 54.80000 6.17744
v -64.80282 54.60902 11.61833
v -60.48690 54.60902 6.55890
v -64.52644 54.10902 11.85409
v -60.21052 54.10902 6.79466
v -64.52644 53.49098 11.85409
v -60.21052 53.49098 6.79466
v -64.80282 52.99098 11.61833
v -60.48690 52.99098 6.55890
v -63.23686 52.80000 13.25000
v -63.43340 52.99098 12.69605
v -57.16599 52.99098 10.47242
v -56.96945 52.80000 11.02637
v -63.55487 53.49098 12.35368
v -57.28746 53.49098 10.13005
v -63.55487 54.10902 12.35368
v -57.28746 54.10902 10.13005
v -63.43340 54.60902 12.69605
v -57.16599 54.60902 10.47242
v -63.23686 54.80000 13.25000
v -56.96945 54.80000 11.02637
v -63.04032 54.60902 13.80395
v -56.77291 54.60902 11.58032
v -62.91885 54.10902 14.14632
v -56.65145 54.10902 11.92269
v -62.91885 53.49098 14.14632
v -56.65145 53.49098 11.92269
v -63.04032 52.99098 13.80395
v -56.77291 52.99098 11.58032
f 6841 6842 6843
f 6841 6843 6844
f 6845 6846 6847
f 6845 6848 6846
f 6841 6847 6842
f 6841 6845 6847
f 6844 6843 6846
f 6844 6846 6848
f 6842 6849 6850
f 6842 6850 6843
f 6847 6851 6852
f 6847 6846 6851
f 6842 6852 6849
f 6842 6847 6852
f 6843 6850 6851
f 6843 6851 6846
f 6849 6853 6854
f 6849 6854 6850
f 6852 6855 6856
f 6852 6851 6855
f 6849 6856 6853
f 6849 6852 6856
f 6850 6854 6855
f 6850 6855 6851
f 6853 6857 6858
f 6853 6858 6854
f 6856 6859 6860
f 6856 6855 6859
f 6853 6860 6857
f 6853 6856 6860
f 6854 6858 6859
f 6854 6859 6855
f 6857 6861 6862
f 6857 6862 6858
f 6860 6863 6864
f 6860 6859 6863
f 6857 6864 6861
f 6857 6860 6864
f 6858 6862 6863
f 6858 6863 6859
f 6861 6865 6866
f 6861 6866 6862
f 6864 6867 6868
f 6864 6863 6867
f 6861 6868 6865
f 6861 6864 6868
f 6862 6866 6867
f 6862 6867 6863
f 6865 6869 6870
f 6865 6870 6866
f 6868 6871 6872
f 6868 6867 6871
f 6865 6872 6869
f 6865 6868 6872
f 6866 6870 6871
f 6866 6871 6867
f 6869 6873 6874
f 6869 6874 6870
f 6872 6875 6876
f 6872 6871 6875
f 6869 6876 6873
f 6869 6872 6876
f 6870 6874 6875
f 6870 6875 6871
f 6873 6877 6878
f 6873 6878 6874
f 6876 6879 6880
f 6876 6875 6879
f 6873 6880 6877
f 6873 6876 6880
f 6874 6878 6879
f 6874 6879 6875
f 6877 6881 6882
f 6877 6882 6878
f 6880 6883 6884
f 6880 6879 6883
f 6877 6884 6881
f 6877 6880 6884
f 6878 6882 6883
f 6878 6883 6879
f 6881 6885 6886
f 6881 6886 6882
f 6884 6887 6888
f 6884 6883 6887
f 6881 6888 6885
f 6881 6884 6888
f 6882 6886 6887
f 6882 6887 6883
f 6885 6889 6890
f 6885 6890 6886
f 6888 6891 6892
f 6888 6887 6891
f 6885 6892 6889
f 6885 6888 6892
f 6886 6890 6891
f 6886 6891 6887
f 6889 6893 6894
f 6889 6894 6890
f 6892 6895 6896
f 6892 6891 6895
f 6889 6896 6893
f 6889 6892 6896
f 6890 6894 6895
f 6890 6895 6891
f 6893 6897 6898
f 6893 6898 6894
f 6896 6899 6900
f 6896 6895 6899
f 6893 6900 6897
f 6893 6896 6900
f 6894 6898 6899
f 6894 6899 6895
f 6897 6901 6902
f 6897 6902 6898
f 6900 6903 6904
f 6900 6899 6903
f 6897 6904 6901
f 6897 6900 6904
f 6898 6902 6903
f 6898 6903 6899
f 6901 6905 6906
f 6901 6906 6902
f 6904 6907 6908
f 6904 6903 6907
f 6901 6908 6905
f 6901 6904 6908
f 6902 6906 6907
f 6902 6907 6903
f 6905 6909 6910
f 6905 6910 6906
f 6908 6911 6912
f 6908 6907 6911
f 6905 6912 6909
f 6905 6908 6912
f 6906 6910 6911
f 6906 6911 6907
f 6909 6913 6914
f 6909 6914 6910
f 6912 6915 6916
f 6912 6911 6915
f 6909 6916 6913
f 6909 6912 6916
f 6910 6914 6915
f 6910 6915 6911
f 6913 6917 6918
f 6913 6918 6914
f 6916 6919 6920
f 6916 6915 6919
f 6913 6920 6917
f 6913 6916 6920
f 6914 6918 6919
f 6914 6919 6915
f 6917 6921 6922
f 6917 6922 6918
f 6920 6923 6924
f 6920 6919 6923
f 6917 6924 6921
f 6917 6920 6924
f 6918 6922 6923
f 6918 6923 6919
f 6921 6925 6926
f 6921 6926 6922
f 6924 6927 6928
f 6924 6923 6927
f 6921 6928 6925
f 6921 6924 6928
f 6922 6926 6927
f 6922 6927 6923
f 6925 6929 6930
f 6925 6930 6926
f 6928 6931 6932
f 6928 6927 6931
f 6925 6932 6929
f 6925 6928 6932
f 6926 6930 6931
f 6926 6931 6927
f 6929 6933 6934
f 6929 6934 6930
f 6932 6935 6936
f 6932 6931 6935
f 6929 6936 6933
f 6929 6932 6936
f 6930 6934 6935
f 6930 6935 6931
f 6933 6937 6938
f 6933 6938 6934
f 6936 6939 6940
f 6936 6935 6939
f 6933 6940 6937
f 6933 6936 6940
f 6934 6938 6939
f 6934 6939 6935
f 6937 6941 6942
f 6937 6942 6938
f 6940 6943 6944
f 6940 6939 6943
f 6937 6944 6941
f 6937 6940 6944
f 6938 6942 6943
f 6938 6943 6939
f 6941 6945 6946
f 6941 6946 6942
f 6944 6947 6948
f 6944 6943 6947
f 6941 6948 6945
f 6941 6944 6948
f 6942 6946 6947
f 6942 6947 6943
f 6945 6949 6950
f 6945 6950 6946
f 6948 6951 6952
f 6948 6947 6951
f 6945 6952 6949
f 6945 6948 6952
f 6946 6950 6951
f 6946 6951 6947
f 6949 6953 6954
f 6949 6954 6950
f 6952 6955 6956
f 6952 6951 6955
f 6949 6956 6953
f 6949 6952 6956
f 6950 6954 6955
f 6950 6955 6951
f 6953 6957 6958
f 6953 6958 6954
f 6956 6959 6960
f 6956 6955 6959
f 6953 6960 6957
f 6953 6956 6960
f 6954 6958 6959
f 6954 6959 6955
f 6957 6961 6962
f 6957 6962 6958
f 6960 6963 6964
f 6960 6959 6963
f 6957 6964 6961
f 6957 6960 6964
f 6958 6962 6963
f 6958 6963 6959
f 6961 6965 6966
f 6961 6966 6962
f 6964 6967 6968
f 6964 6963 6967
f 6961 6968 6965
f 6961 6964 6968
f 6962 6966 6967
f 6962 6967 6963
f 6965 6969 6970
f 6965 6970 6966
f 6968 6971 6972
f 6968 6967 6971
f 6965 6972 6969
f 6965 6968 6972
f 6966 6970 6971
f 6966 6971 6967
f 6969 6973 6974
f 6969 6974 6970
f 6972 6975 6976
f 6972 6971 6975
f 6969 6976 6973
f 6969 6972 6976
f 6970 6974 6975
f 6970 6975 6971
f 6973 6977 6978
f 6973 6978 6974
f 6976 6979 6980
f 6976 6975 6979
f 6973 6980 6977
f 6973 6976 6980
f 6974 6978 6979
f 6974 6979 6975
f 6977 6981 6982
f 6977 6982 6978
f 6980 6983 6984
f 6980 6979 6983
f 6977 6984 6981
f 6977 6980 6984
f 6978 6982 6983
f 6978 6983 6979
f 6981 6985 6986
f 6981 6986 6982
f 6984 6987 6988
f 6984 6983 6987
f 6981 6988 6985
f 6981 6984 6988
f 6982 6986 6987
f 6982 6987 6983
f 6985 6989 6990
f 6985 6990 6986
f 6988 6991 6992
f 6988 6987 6991
f 6985 6992 6989
f 6985 6988 6992
f 6986 6990 6991
f 6986 6991 6987
f 6989 6993 6994
f 6989 6994 6990
f 6992 6995 6996
f 6992 6991 6995
f 6989 6996 6993
f 6989 6992 6996
f 6990 6994 6995
f 6990 6995 6991
f 6993 6997 6998
f 6993 6998 6994
f 6996 6999 7000
f 6996 6995 6999
f 6993 7000 6997
f 6993 6996 7000
f 6994 6998 6999
f 6994 6999 6995
f 6997 7001 7002
f 6997 7002 6998
f 7000 7003 7004
f 7000 6999 7003
f 6997 7004 7001
f 6997 7000 7004
f 6998 7002 7003
f 6998 7003 6999
f 7001 7005 7006
f 7001 7006 7002
f 7004 7007 7008
f 7004 7003 7007
f 7001 7008 7005
f 7001 7004 7008
f 7002 7006 7007
f 7002 7007 7003
f 7005 7009 7010
f 7005 7010 7006
f 7008 7011 7012
f 7008 7007 7011
f 7005 7012 7009
f 7005 7008 7012
f 7006 7010 7011
f 7006 7011 7007
f 7009 7013 7014
f 7009 7014 7010
f 7012 7015 7016
f 7012 7011 7015
f 7009 7016 7013
f 7009 7012 7016
f 7010 7014 7015
f 7010 7015 7011
f 7013 7017 7018
f 7013 7018 7014
f 7016 7019 7020
f 7016 7015 7019
f 7013 7020 7017
f 7013 7016 7020
f 7014 7018 7019
f 7014 7019 7015
f 7017 7021 7022
f 7017 7022 7018
f 7020 7023 7024
f 7020 7019 7023
f 7017 7024 7021
f 7017 7020 7024
f 7018 7022 7023
f 7018 7023 7019
f 7021 7025 7026
f 7021 7026 7022
f 7024 7027 7028
f 7024 7023 7027
f 7021 7028 7025
f 7021 7024 7028
f 7022 7026 7027
f 7022 7027 7023
f 7025 7029 7030
f 7025 7030 7026
f 7028 7031 7032
f 7028 7027 7031
f 7025 7032 7029
f 7025 7028 7032
f 7026 7030 7031
f 7026 7031 7027
f 7029 7033 7034
f 7029 7034 7030
f 7032 7035 7036
f 7032 7031 7035
f 7029 7036 7033
f 7029 7032 7036
f 7030 7034 7035
f 7030 7035 7031
f 7033 7037 7038
f 7033 7038 7034
f 7036 7039 7040
f 7036 7035 7039
f 7033 7040 7037
f 7033 7036 7040
f 7034 7038 7039
f 7034 7039 7035
f 7037 7041 7042
f 7037 7042 7038
f 7040 7043 7044
f 7040 7039 7043
f 7037 7044 7041
f 7037 7040 7044
f 7038 7042 7043
f 7038 7043 7039
f 7041 7045 7046
f 7041 7046 7042
f 7044 7047 7048
f 7044 7043 7047
f 7041 7048 7045
f 7041 7044 7048
f 7042 7046 7047
f 7042 7047 7043
f 7045 7049 7050
f 7045 7050 7046
f 7048 7051 7052
f 7048 7047 7051
f 7045 7052 7049
f 7045 7048 7052
f 7046 7050 7051
f 7046 7051 7047
f 7049 7053 7054
f 7049 7054 7050
f 7052 7055 7056
f 7052 7051 7055
f 7049 7056 7053
f 7049 7052 7056
f 7050 7054 7055
f 7050 7055 7051
f 7053 7057 7058
f 7053 7058 7054
f 7056 7059 7060
f 7056 7055 7059
f 7053 7060 7057
f 7053 7056 7060
f 7054 7058 7059
f 7054 7059 7055
f 7057 7061 7062
f 7057 7062 7058
f 7060 7063 7064
f 7060 7059 7063
f 7057 7064 7061
f 7057 7060 7064
f 7058 7062 7063
f 7058 7063 7059
f 7061 6841 6844
f 7061 6844 7062
f 7064 6848 6845
f 7064 7063 6848
f 7061 6845 6841
f 7061 7064 6845
f 7062 6844 6848
f 7062 6848 7063
f 7065 7066 7067
f 7065 7067 7068
f 7069 7070 7071
f 7069 7072 7070
f 7065 7071 7066
f 7065 7069 7071
f 7068 7067 7070
f 7068 7070 7072
f 7066 7073 7074
f 7066 7074 7067
f 7071 7075 7076
f 7071 7070 7075
f 7066 7076 7073
f 7066 7071 7076
f 7067 7074 7075
f 7067 7075 7070
f 7073 7077 7078
f 7073 7078 7074
f 7076 7079 7080
f 7076 7075 7079
f 7073 7080 7077
f 7073 7076 7080
f 7074 7078 7079
f 7074 7079 7075
f 7077 7081 7082
f 7077 7082 7078
f 7080 7083 7084
f 7080 7079 7083
f 7077 7084 7081
f 7077 7080 7084
f 7078 7082 7083
f 7078 7083 7079
f 7081 7085 7086
f 7081 7086 7082
f 7084 7087 7088
f 7084 7083 7087
f 7081 7088 7085
f 7081 7084 7088
f 7082 7086 7087
f 7082 7087 7083
f 7085 7089 7090
f 7085 7090 7086
f 7088 7091 7092
f 7088 7087 7091
f 7085 7092 7089
f 7085 7088 7092
f 7086 7090 7091
f 7086 7091 7087
f 7089 7093 7094
f 7089 7094 7090
f 7092 7095 7096
f 7092 7091 7095
f 7089 7096 7093
f 7089 7092 7096
f 7090 7094 7095
f 7090 7095 7091
f 7093 7097 7098
f 7093 7098 7094
f 7096 7099 7100
f 7096 7095 7099
f 7093 7100 7097
f 7093 7096 7100
f 7094 7098 7099
f 7094 7099 7095
f 7097 7101 7102
f 7097 7102 7098
f 7100 7103 7104
f 7100 7099 7103
f 7097 7104 7101
f 7097 7100 7104
f 7098 7102 7103
f 7098 7103 7099
f 7101 7105 7106
f 7101 7106 7102
f 7104 7107 7108
f 7104 7103 7107
f 7101 7108 7105
f 7101 7104 7108
f 7102 7106 7107
f 7102 7107 7103
f 7105 7109 7110
f 7105 7110 7106
f 7108 7111 7112
f 7108 7107 7111
f 7105 7112 7109
f 7105 7108 7112
f 7106 7110 7111
f 7106 7111 7107
f 7109 7113 7114
f 7109 7114 7110
f 7112 7115 7116
f 7112 7111 7115
f 7109 7116 7113
f 7109 7112 7116
f 7110 7114 7115
f 7110 7115 7111
f 7113 7117 7118
f 7113 7118 7114
f 7116 7119 7120
f 7116 7115 7119
f 7113 7120 7117
f 7113 7116 7120
f 7114 7118 7119
f 7114 7119 7115
f 7117 7121 7122
f 7117 7122 7118
f 7120 7123 7124
f 7120 7119 7123
f 7117 7124 7121
f 7117 7120 7124
f 7118 7122 7123
f 7118 7123 7119
f 7121 7125 7126
f 7121 7126 7122
f 7124 7127 7128
f 7124 7123 7127
f 7121 7128 7125
f 7121 7124 7128
f 7122 7126 7127
f 7122 7127 7123
f 7125 7129 7130
f 7125 7130 7126
f 7128 7131 7132
f 7128 7127 7131
f 7125 7132 7129
f 7125 7128 7132
f 7126 7130 7131
f 7126 7131 7127
f 7129 7133 7134
f 7129 7134 7130
f 7132 7135 7136
f 7132 7131 7135
f 7129 7136 7133
f 7129 7132 7136
f 7130 7134 7135
f 7130 7135 7131
f 7133 7137 7138
f 7133 7138 7134
f 7136 7139 7140
f 7136 7135 7139
f 7133 7140 7137
f 7133 7136 7140
f 7134 7138 7139
f 7134 7139 7135
f 7137 7141 7142
f 7137 7142 7138
f 7140 7143 7144
f 7140 7139 7143
f 7137 7144 7141
f 7137 7140 7144
f 7138 7142 7143
f 7138 7143 7139
f 7141 7145 7146
f 7141 7146 7142
f 7144 7147 7148
f 7144 7143 7147
f 7141 7148 7145
f 7141 7144 7148
f 7142 7146 7147
f 7142 7147 7143
f 7145 7149 7150
f 7145 7150 7146
f 7148 7151 7152
f 7148 7147 7151
f 7145 7152 7149
f 7145 7148 7152
f 7146 7150 7151
f 7146 7151 7147
f 7149 7153 7154
f 7149 7154 7150
f 7152 7155 7156
f 7152 7151 7155
f 7149 7156 7153
f 7149 7152 7156
f 7150 7154 7155
f 7150 7155 7151
f 7153 7157 7158
f 7153 7158 7154
f 7156 7159 7160
f 7156 7155 7159
f 7153 7160 7157
f 7153 7156 7160
f 7154 7158 7159
f 7154 7159 7155
f 7157 7161 7162
f 7157 7162 7158
f 7160 7163 7164
f 7160 7159 7163
f 7157 7164 7161
f 7157 7160 7164
f 7158 7162 7163
f 7158 7163 7159
f 7161 7165 7166
f 7161 7166 7162
f 7164 7167 7168
f 7164 7163 7167
f 7161 7168 7165
f 7161 7164 7168
f 7162 7166 7167
f 7162 7167 7163
f 7165 7169 7170
f 7165 7170 7166
f 7168 7171 7172
f 7168 7167 7171
f 7165 7172 7169
f 7165 7168 7172
f 7166 7170 7171
f 7166 7171 7167
f 7169 7173 7174
f 7169 7174 7170
f 7172 7175 7176
f 7172 7171 7175
f 7169 7176 7173
f 7169 7172 7176
f 7170 7174 7175
f 7170 7175 7171
f 7173 7177 7178
f 7173 7178 7174
f 7176 7179 7180
f 7176 7175 7179
f 7173 7180 7177
f 7173 7176 7180
f 7174 7178 7179
f 7174 7179 7175
f 7177 7181 7182
f 7177 7182 7178
f 7180 7183 7184
f 7180 7179 7183
f 7177 7184 7181
f 7177 7180 7184
f 7178 7182 7183
f 7178 7183 7179
f 7181 7185 7186
f 7181 7186 7182
f 7184 7187 7188
f 7184 7183 7187
f 7181 7188 7185
f 7181 7184 7188
f 7182 7186 7187
f 7182 7187 7183
f 7185 7189 7190
f 7185 7190 7186
f 7188 7191 7192
f 7188 7187 7191
f 7185 7192 7189
f 7185 7188 7192
f 7186 7190 7191
f 7186 7191 7187
f 7189 7193 7194
f 7189 7194 7190
f 7192 7195 7196
f 7192 7191 7195
f 7189 7196 7193
f 7189 7192 7196
f 7190 7194 7195
f 7190 7195 7191
f 7193 7197 7198
f 7193 7198 7194
f 7196 7199 7200
f 7196 7195 7199
f 7193 7200 7197
f 7193 7196 7200
f 7194 7198 7199
f 7194 7199 7195
f 7197 7201 7202
f 7197 7202 7198
f 7200 7203 7204
f 7200 7199 7203
f 7197 7204 7201
f 7197 7200 7204
f 7198 7202 7203
f 7198 7203 7199
f 7201 7205 7206
f 7201 7206 7202
f 7204 7207 7208
f 7204 7203 7207
f 7201 7208 7205
f 7201 7204 7208
f 7202 7206 7207
f 7202 7207 7203
f 7205 7209 7210
f 7205 7210 7206
f 7208 7211 7212
f 7208 7207 7211
f 7205 7212 7209
f 7205 7208 7212
f 7206 7210 7211
f 7206 7211 7207
f 7209 7213 7214
f 7209 7214 7210
f 7212 7215 7216
f 7212 7211 7215
f 7209 7216 7213
f 7209 7212 7216
f 7210 7214 7215
f 7210 7215 7211
f 7213 7217 7218
f 7213 7218 7214
f 7216 7219 7220
f 7216 7215 7219
f 7213 7220 7217
f 7213 7216 7220
f 7214 7218 7219
f 7214 7219 7215
f 7217 7221 7222
f 7217 7222 7218
f 7220 7223 7224
f 7220 7219 7223
f 7217 7224 7221
f 7217 7220 7224
f 7218 7222 7223
f 7218 7223 7219
f 7221 7065 7068
f 7221 7068 7222
f 7224 7072 7069
f 7224 7223 7072
f 7221 7069 7065
f 7221 7224 7069
f 7222 7068 7072
f 7222 7072 7223
f 7225 7226 7227
f 7225 7227 7228
f 7226 7229 7230
f 7226 7230 7227
f 7229 7231 7232
f 7229 7232 7230
f 7231 7233 7234
f 7231 7234 7232
f 7233 7235 7236
f 7233 7236 7234
f 7235 7237 7238
f 7235 7238 7236
f 7237 7239 7240
f 7237 7240 7238
f 7239 7241 7242
f 7239 7242 7240
f 7241 7243 7244
f 7241 7244 7242
f 7243 7225 7228
f 7243 7228 7244
f 7245 7246 7247
f 7245 7247 7248
f 7246 7249 7250
f 7246 7250 7247
f 7249 7251 7252
f 7249 7252 7250
f 7251 7253 7254
f 7251 7254 7252
f 7253 7255 7256
f 7253 7256 7254
f 7255 7257 7258
f 7255 7258 7256
f 7257 7259 7260
f 7257 7260 7258
f 7259 7261 7262
f 7259 7262 7260
f 7261 7263 7264
f 7261 7264 7262
f 7263 7245 7248
f 7263 7248 7264
f 7265 7266 7267
f 7265 7267 7268
f 7266 7269 7270
f 7266 7270 7267
f 7269 7271 7272
f 7269 7272 7270
f 7271 7273 7274
f 7271 7274 7272
f 7273 7275 7276
f 7273 7276 7274
f 7275 7277 7278
f 7275 7278 7276
f 7277 7279 7280
f 7277 7280 7278
f 7279 7281 7282
f 7279 7282 7280
f 7281 7283 7284
f 7281 7284 7282
f 7283 7265 7268
f 7283 7268 7284
f 7285 7286 7287
f 7285 7287 7288
f 7286 7289 7290
f 7286 7290 7287
f 7289 7291 7292
f 7289 7292 7290
f 7291 7293 7294
f 7291 7294 7292
f 7293 7295 7296
f 7293 7296 7294
f 7295 7297 7298
f 7295 7298 7296
f 7297 7299 7300
f 7297 7300 7298
f 7299 7301 7302
f 7299 7302 7300
f 7301 7303 7304
f 7301 7304 7302
f 7303 7285 7288
f 7303 7288 7304
f 7305 7306 7307
f 7305 7307 7308
f 7306 7309 7310
f 7306 7310 7307
f 7309 7311 7312
f 7309 7312 7310
f 7311 7313 7314
f 7311 7314 7312
f 7313 7315 7316
f 7313 7316 7314
f 7315 7317 7318
f 7315 7318 7316
f 7317 7319 7320
f 7317 7320 7318
f 7319 7321 7322
f 7319 7322 7320
f 7321 7323 7324
f 7321 7324 7322
f 7323 7305 7308
f 7323 7308 7324
f 7325 7326 7327
f 7325 7327 7328
f 7326 7329 7330
f 7326 7330 7327
f 7329 7331 7332
f 7329 7332 7330
f 7331 7333 7334
f 7331 7334 7332
f 7333 7335 7336
f 7333 7336 7334
f 7335 7337 7338
f 7335 7338 7336
f 7337 7339 7340
f 7337 7340 7338
f 7339 7341 7342
f 7339 7342 7340
f 7341 7343 7344
f 7341 7344 7342
f 7343 7325 7328
f 7343 7328 7344
f 7345 7346 7347
f 7345 7347 7348
f 7346 7349 7350
f 7346 7350 7347
f 7349 7351 7352
f 7349 7352 7350
f 7351 7353 7354
f 7351 7354 7352
f 7353 7355 7356
f 7353 7356 7354
f 7355 7357 7358
f 7355 7358 7356
f 7357 7359 7360
f 7357 7360 7358
f 7359 7361 7362
f 7359 7362 7360
f 7361 7363 7364
f 7361 7364 7362
f 7363 7345 7348
f 7363 7348 7364
f 7365 7366 7367
f 7365 7367 7368
f 7366 7369 7370
f 7366 7370 7367
f 7369 7371 7372
f 7369 7372 7370
f 7371 7373 7374
f 7371 7374 7372
f 7373 7375 7376
f 7373 7376 7374
f 7375 7377 7378
f 7375 7378 7376
f 7377 7379 7380
f 7377 7380 7378
f 7379 7381 7382
f 7379 7382 7380
f 7381 7383 7384
f 7381 7384 7382
f 7383 7365 7368
f 7383 7368 7384
f 7385 7386 7387
f 7385 7387 7388
f 7386 7389 7390
f 7386 7390 7387
f 7389 7391 7392
f 7389 7392 7390
f 7391 7393 7394
f 7391 7394 7392
f 7393 7395 7396
f 7393 7396 7394
f 7395 7397 7398
f 7395 7398 7396
f 7397 7399 7400
f 7397 7400 7398
f 7399 7401 7402
f 7399 7402 7400
f 7401 7403 7404
f 7401 7404 7402
f 7403 7385 7388
f 7403 7388 7404
f 7405 7406 7407
f 7405 7407 7408
f 7406 7409 7410
f 7406 7410 7407
f 7409 7411 7412
f 7409 7412 7410
f 7411 7413 7414
f 7411 7414 7412
f 7413 7415 7416
f 7413 7416 7414
f 7415 7417 7418
f 7415 7418 7416
f 7417 7419 7420
f 7417 7420 7418
f 7419 7421 7422
f 7419 7422 7420
f 7421 7423 7424
f 7421 7424 7422
f 7423 7405 7408
f 7423 7408 7424
f 7425 7426 7427
f 7425 7427 7428
f 7426 7429 7430
f 7426 7430 7427
f 7429 7431 7432
f 7429 7432 7430
f 7431 7433 7434
f 7431 7434 7432
f 7433 7435 7436
f 7433 7436 7434
f 7435 7437 7438
f 7435 7438 7436
f 7437 7439 7440
f 7437 7440 7438
f 7439 7441 7442
f 7439 7442 7440
f 7441 7443 7444
f 7441 7444 7442
f 7443 7425 7428
f 7443 7428 7444
f 7445 7446 7447
f 7445 7447 7448
f 7446 7449 7450
f 7446 7450 7447
f 7449 7451 7452
f 7449 7452 7450
f 7451 7453 7454
f 7451 7454 7452
f 7453 7455 7456
f 7453 7456 7454
f 7455 7457 7458
f 7455 7458 7456
f 7457 7459 7460
f 7457 7460 7458
f 7459 7461 7462
f 7459 7462 7460
f 7461 7463 7464
f 7461 7464 7462
f 7463 7445 7448
f 7463 7448 7464
o Front_right_rotor
usemtl Brake
v -57.20000 57.00000 16.00000
v -57.29240 57.00000 17.40968
v -57.29240 59.00000 17.40968
v -57.20000 59.00000 16.00000
v -63.90000 57.00000 16.00000
v -63.93508 59.00000 16.53516
v -63.93508 57.00000 16.53516
v -63.90000 59.00000 16.00000
v -57.56800 57.00000 18.79525
v -57.56800 59.00000 18.79525
v -64.03970 59.00000 17.06116
v -64.03970 57.00000 17.06116
v -58.02210 57.00000 20.13298
v -58.02210 59.00000 20.13298
v -64.21209 59.00000 17.56900
v -64.21209 57.00000 17.56900
v -58.64693 57.00000 21.40000
v -58.64693 59.00000 21.40000
v -64.44930 59.00000 18.05000
v -64.44930 57.00000 18.05000
v -59.43178 57.00000 22.57462
v -59.43178 59.00000 22.57462
v -64.74725 59.00000 18.49592
v -64.74725 57.00000 18.49592
v -60.36325 57.00000 23.63675
v -60.36325 59.00000 23.63675
v -65.10086 59.00000 18.89914
v -65.10086 57.00000 18.89914
v -61.42538 57.00000 24.56822
v -61.42538 59.00000 24.56822
v -65.50408 59.00000 19.25275
v -65.50408 57.00000 19.25275
v -62.60000 57.00000 25.35307
v -62.60000 59.00000 25.35307
v -65.95000 59.00000 19.55070
v -65.95000 57.00000 19.55070
v -63.86702 57.00000 25.97790
v -63.86702 59.00000 25.97790
v -66.43100 59.00000 19.78791
v -66.43100 57.00000 19.78791
v -65.20475 57.00000 26.43200
v -65.20475 59.00000 26.43200
v -66.93884 59.00000 19.96030
v -66.93884 57.00000 19.96030
v -66.59032 57.00000 26.70760
v -66.59032 59.00000 26.70760
v -67.46484 59.00000 20.06492
v -67.46484 57.00000 20.06492
v -68.00000 57.00000 26.80000
v -68.00000 59.00000 26.80000
v -68.00000 59.00000 20.10000
v -68.00000 57.00000 20.10000
v -69.40968 57.00000 26.70760
v -69.40968 59.00000 26.70760
v -68.53516 59.00000 20.06492
v -68.53516 57.00000 20.06492
v -70.79525 57.00000 26.43200
v -70.79525 59.00000 26.43200
v -69.06116 59.00000 19.96030
v -69.06116 57.00000 19.96030
v -72.13298 57.00000 25.97790
v -72.13298 59.00000 25.97790
v -69.56900 59.00000 19.78791
v -69.56900 57.00000 19.78791
v -73.40000 57.00000 25.35307
v -73.40000 59.00000 25.35307
v -70.05000 59.00000 19.55070
v -70.05000 57.00000 19.55070
v -74.57462 57.00000 24.56822
v -74.57462 59.00000 24.56822
v -70.49592 59.00000 19.25275
v -70.49592 57.00000 19.25275
v -75.63675 57.00000 23.63675
v -75.63675 59.00000 23.63675
v -70.89914 59.00000 18.89914
v -70.89914 57.00000 18.89914
v -76.56822 57.00000 22.57462
v -76.56822 59.00000 22.57462
v -71.25275 59.00000 18.49592
v -71.25275 57.00000 18.49592
v -77.35307 57.00000 21.40000
v -77.35307 59.00000 21.40000
v -71.55070 59.00000 18.05000
v -71.55070 57.00000 18.05000
v -77.97790 57.00000 20.13298
v -77.97790 59.00000 20.13298
v -71.78791 59.00000 17.56900
v -71.78791 57.00000 17.56900
v -78.43200 57.00000 18.79525
v -78.43200 59.00000 18.79525
v -71.96030 59.00000 17.06116
v -71.96030 57.00000 17.06116
v -78.70760 57.00000 17.40968
v -78.70760 59.00000 17.40968
v -72.06492 59.00000 16.53516
v -72.06492 57.00000 16.53516
v -78.80000 57.00000 16.00000
v -78.80000 59.00000 16.00000
v -72.10000 59.00000 16.00000
v -72.10000 57.00000 16.00000
v -78.70760 57.00000 14.59032
v -78.70760 59.00000 14.59032
v -72.06492 59.00000 15.46484
v -72.06492 57.00000 15.46484
v -78.43200 57.00000 13.20475
v -78.43200 59.00000 13.20475
v -71.96030 59.00000 14.93884
v -71.96030 57.00000 14.93884
v -77.97790 57.00000 11.86702
v -77.97790 59.00000 11.86702
v -71.78791 59.00000 14.43100
v -71.78791 57.00000 14.43100
v -77.35307 57.00000 10.60000
v -77.35307 59.00000 10.60000
v -71.55070 59.00000 13.95000
v -71.55070 57.00000 13.95000
v -76.56822 57.00000 9.42538
v -76.56822 59.00000 9.42538
v -71.25275 59.00000 13.50408
v -71.25275 57.00000 13.50408
v -75.63675 57.00000 8.36325
v -75.63675 59.00000 8.36325
v -70.89914 59.00000 13.10086
v -70.89914 57.00000 13.10086
v -74.57462 57.00000 7.43178
v -74.57462 59.00000 7.43178
v -70.49592 59.00000 12.74725
v -70.49592 57.00000 12.74725
v -73.40000 57.00000 6.64693
v -73.40000 59.00000 6.64693
v -70.05000 59.00000 12.44930
v -70.05000 57.00000 12.44930
v -72.13298 57.00000 6.02210
v -72.13298 59.00000 6.02210
v -69.56900 59.00000 12.21209
v -69.56900 57.00000 12.21209
v -70.79525 57.00000 5.56800
v -70.79525 59.00000 5.56800
v -69.06116 59.00000 12.03970
v -69.06116 57.00000 12.03970
v -69.40968 57.00000 5.29240
v -69.40968 59.00000 5.29240
v -68.53516 59.00000 11.93508
v -68.53516 57.00000 11.93508
v -68.00000 57.00000 5.20000
v -68.00000 59.00000 5.20000
v -68.00000 59.00000 11.90000
v -68.00000 57.00000 11.90000
v -66.59032 57.00000 5.29240
v -66.59032 59.00000 5.29240
v -67.46484 59.00000 11.93508
v -67.46484 57.00000 11.93508
v -65.20475 57.00000 5.56800
v -65.20475 59.00000 5.56800
v -66.93884 59.00000 12.03970
v -66.93884 57.00000 12.03970
v -63.86702 57.00000 6.02210
v -63.86702 59.00000 6.02210
v -66.43100 59.00000 12.21209
v -66.43100 57.00000 12.21209
v -62.60000 57.00000 6.64693
v -62.60000 59.00000 6.64693
v -65.95000 59.00000 12.44930
v -65.95000 57.00000 12.44930
v -61.42538 57.00000 7.43178
v -61.42538 59.00000 7.43178
v -65.50408 59.00000 12.74725
v -65.50408 57.00000 12.74725
v -60.36325 57.00000 8.36325
v -60.36325 59.00000 8.36325
v -65.10086 59.00000 13.10086
v -65.10086 57.00000 13.10086
v -59.43178 57.00000 9.42538
v -59.43178 59.00000 9.42538
v -64.74725 59.00000 13.50408
v -64.74725 57.00000 13.50408
v -58.64693 57.00000 10.60000
v -58.64693 59.00000 10.60000
v -64.44930 59.00000 13.95000
v -64.44930 57.00000 13.95000
v -58.02210 57.00000 11.86702
v -58.02210 59.00000 11.86702
v -64.21209 59.00000 14.43100
v -64.21209 57.00000 14.43100
v -57.56800 57.00000 13.20475
v -57.56800 59.00000 13.20475
v -64.03970 59.00000 14.93884
v -64.03970 57.00000 14.93884
v -57.29240 57.00000 14.59032
v -57.29240 59.00000 14.59032
v -63.93508 59.00000 15.46484
v -63.93508 57.00000 15.46484
v -61.50000 56.00000 11.50000
v -57.50000 60.00000 11.50000
v -57.50000 56.00000 11.50000
v -61.50000 60.00000 11.50000
v -61.50000 56.00000 20.50000
v -57.50000 56.00000 20.50000
v -57.50000 60.00000 20.50000
v -61.50000 60.00000 20.50000
f 7465 7466 7467
f 7465 7467 7468
f 7469 7470 7471
f 7469 7472 7470
f 7465 7471 7466
f 7465 7469 7471
f 7468 7467 7470
f 7468 7470 7472
f 7466 7473 7474
f 7466 7474 7467
f 7471 7475 7476
f 7471 7470 7475
f 7466 7476 7473
f 7466 7471 7476
f 7467 7474 7475
f 7467 7475 7470
f 7473 7477 7478
f 7473 7478 7474
f 7476 7479 7480
f 7476 7475 7479
f 7473 7480 7477
f 7473 7476 7480
f 7474 7478 7479
f 7474 7479 7475
f 7477 7481 7482
f 7477 7482 7478
f 7480 7483 7484
f 7480 7479 7483
f 7477 7484 7481
f 7477 7480 7484
f 7478 7482 7483
f 7478 7483 7479
f 7481 7485 7486
f 7481 7486 7482
f 7484 7487 7488
f 7484 7483 7487
f 7481 7488 7485
f 7481 7484 7488
f 7482 7486 7487
f 7482 7487 7483
f 7485 7489 7490
f 7485 7490 7486
f 7488 7491 7492
f 7488 7487 7491
f 7485 7492 7489
f 7485 7488 7492
f 7486 7490 7491
f 7486 7491 7487
f 7489 7493 7494
f 7489 7494 7490
f 7492 7495 7496
f 7492 7491 7495
f 7489 7496 7493
f 7489 7492 7496
f 7490 7494 7495
f 7490 7495 7491
f 7493 7497 7498
f 7493 7498 7494
f 7496 7499 7500
f 7496 7495 7499
f 7493 7500 7497
f 7493 7496 7500
f 7494 7498 7499
f 7494 7499 7495
f 7497 7501 7502
f 7497 7502 7498
f 7500 7503 7504
f 7500 7499 7503
f 7497 7504 7501
f 7497 7500 7504
f 7498 7502 7503
f 7498 7503 7499
f 7501 7505 7506
f 7501 7506 7502
f 7504 7507 7508
f 7504 7503 7507
f 7501 7508 7505
f 7501 7504 7508
f 7502 7506 7507
f 7502 7507 7503
f 7505 7509 7510
f 7505 7510 7506
f 7508 7511 7512
f 7508 7507 7511
f 7505 7512 7509
f 7505 7508 7512
f 7506 7510 7511
f 7506 7511 7507
f 7509 7513 7514
f 7509 7514 7510
f 7512 7515 7516
f 7512 7511 7515
f 7509 7516 7513
f 7509 7512 7516
f 7510 7514 7515
f 7510 7515 7511
f 7513 7517 7518
f 7513 7518 7514
f 7516 7519 7520
f 7516 7515 7519
f 7513 7520 7517
f 7513 7516 7520
f 7514 7518 7519
f 7514 7519 7515
f 7517 7521 7522
f 7517 7522 7518
f 7520 7523 7524
f 7520 7519 7523
f 7517 7524 7521
f 7517 7520 7524
f 7518 7522 7523
f 7518 7523 7519
f 7521 7525 7526
f 7521 7526 7522
f 7524 7527 7528
f 7524 7523 7527
f 7521 7528 7525
f 7521 7524 7528
f 7522 7526 7527
f 7522 7527 7523
f 7525 7529 7530
f 7525 7530 7526
f 7528 7531 7532
f 7528 7527 7531
f 7525 7532 7529
f 7525 7528 7532
f 7526 7530 7531
f 7526 7531 7527
f 7529 7533 7534
f 7529 7534 7530
f 7532 7535 7536
f 7532 7531 7535
f 7529 7536 7533
f 7529 7532 7536
f 7530 7534 7535
f 7530 7535 7531
f 7533 7537 7538
f 7533 7538 7534
f 7536 7539 7540
f 7536 7535 7539
f 7533 7540 7537
f 7533 7536 7540
f 7534 7538 7539
f 7534 7539 7535
f 7537 7541 7542
f 7537 7542 7538
f 7540 7543 7544
f 7540 7539 7543
f 7537 7544 7541
f 7537 7540 7544
f 7538 7542 7543
f 7538 7543 7539
f 7541 7545 7546
f 7541 7546 7542
f 7544 7547 7548
f 7544 7543 7547
f 7541 7548 7545
f 7541 7544 7548
f 7542 7546 7547
f 7542 7547 7543
f 7545 7549 7550
f 7545 7550 7546
f 7548 7551 7552
f 7548 7547 7551
f 7545 7552 7549
f 7545 7548 7552
f 7546 7550 7551
f 7546 7551 7547
f 7549 7553 7554
f 7549 7554 7550
f 7552 7555 7556
f 7552 7551 7555
f 7549 7556 7553
f 7549 7552 7556
f 7550 7554 7555
f 7550 7555 7551
f 7553 7557 7558
f 7553 7558 7554
f 7556 7559 7560
f 7556 7555 7559
f 7553 7560 7557
f 7553 7556 7560
f 7554 7558 7559
f 7554 7559 7555
f 7557 7561 7562
f 7557 7562 7558
f 7560 7563 7564
f 7560 7559 7563
f 7557 7564 7561
f 7557 7560 7564
f 7558 7562 7563
f 7558 7563 7559
f 7561 7565 7566
f 7561 7566 7562
f 7564 7567 7568
f 7564 7563 7567
f 7561 7568 7565
f 7561 7564 7568
f 7562 7566 7567
f 7562 7567 7563
f 7565 7569 7570
f 7565 7570 7566
f 7568 7571 7572
f 7568 7567 7571
f 7565 7572 7569
f 7565 7568 7572
f 7566 7570 7571
f 7566 7571 7567
f 7569 7573 7574
f 7569 7574 7570
f 7572 7575 7576
f 7572 7571 7575
f 7569 7576 7573
f 7569 7572 7576
f 7570 7574 7575
f 7570 7575 7571
f 7573 7577 7578
f 7573 7578 7574
f 7576 7579 7580
f 7576 7575 7579
f 7573 7580 7577
f 7573 7576 7580
f 7574 7578 7579
f 7574 7579 7575
f 7577 7581 7582
f 7577 7582 7578
f 7580 7583 7584
f 7580 7579 7583
f 7577 7584 7581
f 7577 7580 7584
f 7578 7582 7583
f 7578 7583 7579
f 7581 7585 7586
f 7581 7586 7582
f 7584 7587 7588
f 7584 7583 7587
f 7581 7588 7585
f 7581 7584 7588
f 7582 7586 7587
f 7582 7587 7583
f 7585 7589 7590
f 7585 7590 7586
f 7588 7591 7592
f 7588 7587 7591
f 7585 7592 7589
f 7585 7588 7592
f 7586 7590 7591
f 7586 7591 7587
f 7589 7593 7594
f 7589 7594 7590
f 7592 7595 7596
f 7592 7591 7595
f 7589 7596 7593
f 7589 7592 7596
f 7590 7594 7595
f 7590 7595 7591
f 7593 7597 7598
f 7593 7598 7594
f 7596 7599 7600
f 7596 7595 7599
f 7593 7600 7597
f 7593 7596 7600
f 7594 7598 7599
f 7594 7599 7595
f 7597 7601 7602
f 7597 7602 7598
f 7600 7603 7604
f 7600 7599 7603
f 7597 7604 7601
f 7597 7600 7604
f 7598 7602 7603
f 7598 7603 7599
f 7601 7605 7606
f 7601 7606 7602
f 7604 7607 7608
f 7604 7603 7607
f 7601 7608 7605
f 7601 7604 7608
f 7602 7606 7607
f 7602 7607 7603
f 7605 7609 7610
f 7605 7610 7606
f 7608 7611 7612
f 7608 7607 7611
f 7605 7612 7609
f 7605 7608 7612
f 7606 7610 7611
f 7606 7611 7607
f 7609 7613 7614
f 7609 7614 7610
f 7612 7615 7616
f 7612 7611 7615
f 7609 7616 7613
f 7609 7612 7616
f 7610 7614 7615
f 7610 7615 7611
f 7613 7617 7618
f 7613 7618 7614
f 7616 7619 7620
f 7616 7615 7619
f 7613 7620 7617
f 7613 7616 7620
f 7614 7618 7619
f 7614 7619 7615
f 7617 7621 7622
f 7617 7622 7618
f 7620 7623 7624
f 7620 7619 7623
f 7617 7624 7621
f 7617 7620 7624
f 7618 7622 7623
f 7618 7623 7619
f 7621 7625 7626
f 7621 7626 7622
f 7624 7627 7628
f 7624 7623 7627
f 7621 7628 7625
f 7621 7624 7628
f 7622 7626 7627
f 7622 7627 7623
f 7625 7629 7630
f 7625 7630 7626
f 7628 7631 7632
f 7628 7627 7631
f 7625 7632 7629
f 7625 7628 7632
f 7626 7630 7631
f 7626 7631 7627
f 7629 7633 7634
f 7629 7634 7630
f 7632 7635 7636
f 7632 7631 7635
f 7629 7636 7633
f 7629 7632 7636
f 7630 7634 7635
f 7630 7635 7631
f 7633 7637 7638
f 7633 7638 7634
f 7636 7639 7640
f 7636 7635 7639
f 7633 7640 7637
f 7633 7636 7640
f 7634 7638 7639
f 7634 7639 7635
f 7637 7641 7642
f 7637 7642 7638
f 7640 7643 7644
f 7640 7639 7643
f 7637 7644 7641
f 7637 7640 7644
f 7638 7642 7643
f 7638 7643 7639
f 7641 7645 7646
f 7641 7646 7642
f 7644 7647 7648
f 7644 7643 7647
f 7641 7648 7645
f 7641 7644 7648
f 7642 7646 7647
f 7642 7647 7643
f 7645 7649 7650
f 7645 7650 7646
f 7648 7651 7652
f 7648 7647 7651
f 7645 7652 7649
f 7645 7648 7652
f 7646 7650 7651
f 7646 7651 7647
f 7649 7653 7654
f 7649 7654 7650
f 7652 7655 7656
f 7652 7651 7655
f 7649 7656 7653
f 7649 7652 7656
f 7650 7654 7655
f 7650 7655 7651
f 7653 7465 7468
f 7653 7468 7654
f 7656 7472 7469
f 7656 7655 7472
f 7653 7469 7465
f 7653 7656 7469
f 7654 7468 7472
f 7654 7472 7655
f 7657 7658 7659
f 7657 7660 7658
f 7661 7662 7663
f 7661 7663 7664
f 7657 7659 7662
f 7657 7662 7661
f 7659 7658 7663
f 7659 7663 7662
f 7658 7660 7664
f 7658 7664 7663
f 7660 7657 7661
f 7660 7661 7664
o Front_right_center_lock
usemtl Red
v -62.20000 64.50000 16.00000
v -62.28812 64.50000 17.00716
v -62.28812 67.50000 17.00716
v -62.20000 67.50000 16.00000
v -68.00000 64.50000 16.00000
v -68.00000 67.50000 16.00000
v -62.54978 64.50000 17.98372
v -62.54978 67.50000 17.98372
v -62.97705 64.50000 18.90000
v -62.97705 67.50000 18.90000
v -63.55694 64.50000 19.72817
v -63.55694 67.50000 19.72817
v -64.27183 64.50000 20.44306
v -64.27183 67.50000 20.44306
v -65.10000 64.50000 21.02295
v -65.10000 67.50000 21.02295
v -66.01628 64.50000 21.45022
v -66.01628 67.50000 21.45022
v -66.99284 64.50000 21.71188
v -66.99284 67.50000 21.71188
v -68.00000 64.50000 21.80000
v -68.00000 67.50000 21.80000
v -69.00716 64.50000 21.71188
v -69.00716 67.50000 21.71188
v -69.98372 64.50000 21.45022
v -69.98372 67.50000 21.45022
v -70.90000 64.50000 21.02295
v -70.90000 67.50000 21.02295
v -71.72817 64.50000 20.44306
v -71.72817 67.50000 20.44306
v -72.44306 64.50000 19.72817
v -72.44306 67.50000 19.72817
v -73.02295 64.50000 18.90000
v -73.02295 67.50000 18.90000
v -73.45022 64.50000 17.98372
v -73.45022 67.50000 17.98372
v -73.71188 64.50000 17.00716
v -73.71188 67.50000 17.00716
v -73.80000 64.50000 16.00000
v -73.80000 67.50000 16.00000
v -73.71188 64.50000 14.99284
v -73.71188 67.50000 14.99284
v -73.45022 64.50000 14.01628
v -73.45022 67.50000 14.01628
v -73.02295 64.50000 13.10000
v -73.02295 67.50000 13.10000
v -72.44306 64.50000 12.27183
v -72.44306 67.50000 12.27183
v -71.72817 64.50000 11.55694
v -71.72817 67.50000 11.55694
v -70.90000 64.50000 10.97705
v -70.90000 67.50000 10.97705
v -69.98372 64.50000 10.54978
v -69.98372 67.50000 10.54978
v -69.00716 64.50000 10.28812
v -69.00716 67.50000 10.28812
v -68.00000 64.50000 10.20000
v -68.00000 67.50000 10.20000
v -66.99284 64.50000 10.28812
v -66.99284 67.50000 10.28812
v -66.01628 64.50000 10.54978
v -66.01628 67.50000 10.54978
v -65.10000 64.50000 10.97705
v -65.10000 67.50000 10.97705
v -64.27183 64.50000 11.55694
v -64.27183 67.50000 11.55694
v -63.55694 64.50000 12.27183
v -63.55694 67.50000 12.27183
v -62.97705 64.50000 13.10000
v -62.97705 67.50000 13.10000
v -62.54978 64.50000 14.01628
v -62.54978 67.50000 14.01628
v -62.28812 64.50000 14.99284
v -62.28812 67.50000 14.99284
v -64.60000 66.20000 16.00000
v -64.66533 66.20000 16.66331
v -64.66533 70.20000 16.66331
v -64.60000 70.20000 16.00000
v -68.00000 66.20000 16.00000
v -68.00000 70.20000 16.00000
v -64.85881 66.20000 17.30112
v -64.85881 70.20000 17.30112
v -65.17300 66.20000 17.88894
v -65.17300 70.20000 17.88894
v -65.59584 66.20000 18.40416
v -65.59584 70.20000 18.40416
v -66.11106 66.20000 18.82700
v -66.11106 70.20000 18.82700
v -66.69888 66.20000 19.14119
v -66.69888 70.20000 19.14119
v -67.33669 66.20000 19.33467
v -67.33669 70.20000 19.33467
v -68.00000 66.20000 19.40000
v -68.00000 70.20000 19.40000
v -68.66331 66.20000 19.33467
v -68.66331 70.20000 19.33467
v -69.30112 66.20000 19.14119
v -69.30112 70.20000 19.14119
v -69.88894 66.20000 18.82700
v -69.88894 70.20000 18.82700
v -70.40416 66.20000 18.40416
v -70.40416 70.20000 18.40416
v -70.82700 66.20000 17.88894
v -70.82700 70.20000 17.88894
v -71.14119 66.20000 17.30112
v -71.14119 70.20000 17.30112
v -71.33467 66.20000 16.66331
v -71.33467 70.20000 16.66331
v -71.40000 66.20000 16.00000
v -71.40000 70.20000 16.00000
v -71.33467 66.20000 15.33669
v -71.33467 70.20000 15.33669
v -71.14119 66.20000 14.69888
v -71.14119 70.20000 14.69888
v -70.82700 66.20000 14.11106
v -70.82700 70.20000 14.11106
v -70.40416 66.20000 13.59584
v -70.40416 70.20000 13.59584
v -69.88894 66.20000 13.17300
v -69.88894 70.20000 13.17300
v -69.30112 66.20000 12.85881
v -69.30112 70.20000 12.85881
v -68.66331 66.20000 12.66533
v -68.66331 70.20000 12.66533
v -68.00000 66.20000 12.60000
v -68.00000 70.20000 12.60000
v -67.33669 66.20000 12.66533
v -67.33669 70.20000 12.66533
v -66.69888 66.20000 12.85881
v -66.69888 70.20000 12.85881
v -66.11106 66.20000 13.17300
v -66.11106 70.20000 13.17300
v -65.59584 66.20000 13.59584
v -65.59584 70.20000 13.59584
v -65.17300 66.20000 14.11106
v -65.17300 70.20000 14.11106
v -64.85881 66.20000 14.69888
v -64.85881 70.20000 14.69888
v -64.66533 66.20000 15.33669
v -64.66533 70.20000 15.33669
f 7665 7666 7667
f 7665 7667 7668
f 7669 7666 7665
f 7670 7668 7667
f 7666 7671 7672
f 7666 7672 7667
f 7669 7671 7666
f 7670 7667 7672
f 7671 7673 7674
f 7671 7674 7672
f 7669 7673 7671
f 7670 7672 7674
f 7673 7675 7676
f 7673 7676 7674
f 7669 7675 7673
f 7670 7674 7676
f 7675 7677 7678
f 7675 7678 7676
f 7669 7677 7675
f 7670 7676 7678
f 7677 7679 7680
f 7677 7680 7678
f 7669 7679 7677
f 7670 7678 7680
f 7679 7681 7682
f 7679 7682 7680
f 7669 7681 7679
f 7670 7680 7682
f 7681 7683 7684
f 7681 7684 7682
f 7669 7683 7681
f 7670 7682 7684
f 7683 7685 7686
f 7683 7686 7684
f 7669 7685 7683
f 7670 7684 7686
f 7685 7687 7688
f 7685 7688 7686
f 7669 7687 7685
f 7670 7686 7688
f 7687 7689 7690
f 7687 7690 7688
f 7669 7689 7687
f 7670 7688 7690
f 7689 7691 7692
f 7689 7692 7690
f 7669 7691 7689
f 7670 7690 7692
f 7691 7693 7694
f 7691 7694 7692
f 7669 7693 7691
f 7670 7692 7694
f 7693 7695 7696
f 7693 7696 7694
f 7669 7695 7693
f 7670 7694 7696
f 7695 7697 7698
f 7695 7698 7696
f 7669 7697 7695
f 7670 7696 7698
f 7697 7699 7700
f 7697 7700 7698
f 7669 7699 7697
f 7670 7698 7700
f 7699 7701 7702
f 7699 7702 7700
f 7669 7701 7699
f 7670 7700 7702
f 7701 7703 7704
f 7701 7704 7702
f 7669 7703 7701
f 7670 7702 7704
f 7703 7705 7706
f 7703 7706 7704
f 7669 7705 7703
f 7670 7704 7706
f 7705 7707 7708
f 7705 7708 7706
f 7669 7707 7705
f 7670 7706 7708
f 7707 7709 7710
f 7707 7710 7708
f 7669 7709 7707
f 7670 7708 7710
f 7709 7711 7712
f 7709 7712 7710
f 7669 7711 7709
f 7670 7710 7712
f 7711 7713 7714
f 7711 7714 7712
f 7669 7713 7711
f 7670 7712 7714
f 7713 7715 7716
f 7713 7716 7714
f 7669 7715 7713
f 7670 7714 7716
f 7715 7717 7718
f 7715 7718 7716
f 7669 7717 7715
f 7670 7716 7718
f 7717 7719 7720
f 7717 7720 7718
f 7669 7719 7717
f 7670 7718 7720
f 7719 7721 7722
f 7719 7722 7720
f 7669 7721 7719
f 7670 7720 7722
f 7721 7723 7724
f 7721 7724 7722
f 7669 7723 7721
f 7670 7722 7724
f 7723 7725 7726
f 7723 7726 7724
f 7669 7725 7723
f 7670 7724 7726
f 7725 7727 7728
f 7725 7728 7726
f 7669 7727 7725
f 7670 7726 7728
f 7727 7729 7730
f 7727 7730 7728
f 7669 7729 7727
f 7670 7728 7730
f 7729 7731 7732
f 7729 7732 7730
f 7669 7731 7729
f 7670 7730 7732
f 7731 7733 7734
f 7731 7734 7732
f 7669 7733 7731
f 7670 7732 7734
f 7733 7735 7736
f 7733 7736 7734
f 7669 7735 7733
f 7670 7734 7736
f 7735 7737 7738
f 7735 7738 7736
f 7669 7737 7735
f 7670 7736 7738
f 7737 7665 7668
f 7737 7668 7738
f 7669 7665 7737
f 7670 7738 7668
f 7739 7740 7741
f 7739 7741 7742
f 7743 7740 7739
f 7744 7742 7741
f 7740 7745 7746
f 7740 7746 7741
f 7743 7745 7740
f 7744 7741 7746
f 7745 7747 7748
f 7745 7748 7746
f 7743 7747 7745
f 7744 7746 7748
f 7747 7749 7750
f 7747 7750 7748
f 7743 7749 7747
f 7744 7748 7750
f 7749 7751 7752
f 7749 7752 7750
f 7743 7751 7749
f 7744 7750 7752
f 7751 7753 7754
f 7751 7754 7752
f 7743 7753 7751
f 7744 7752 7754
f 7753 7755 7756
f 7753 7756 7754
f 7743 7755 7753
f 7744 7754 7756
f 7755 7757 7758
f 7755 7758 7756
f 7743 7757 7755
f 7744 7756 7758
f 7757 7759 7760
f 7757 7760 7758
f 7743 7759 7757
f 7744 7758 7760
f 7759 7761 7762
f 7759 7762 7760
f 7743 7761 7759
f 7744 7760 7762
f 7761 7763 7764
f 7761 7764 7762
f 7743 7763 7761
f 7744 7762 7764
f 7763 7765 7766
f 7763 7766 7764
f 7743 7765 7763
f 7744 7764 7766
f 7765 7767 7768
f 7765 7768 7766
f 7743 7767 7765
f 7744 7766 7768
f 7767 7769 7770
f 7767 7770 7768
f 7743 7769 7767
f 7744 7768 7770
f 7769 7771 7772
f 7769 7772 7770
f 7743 7771 7769
f 7744 7770 7772
f 7771 7773 7774
f 7771 7774 7772
f 7743 7773 7771
f 7744 7772 7774
f 7773 7775 7776
f 7773 7776 7774
f 7743 7775 7773
f 7744 7774 7776
f 7775 7777 7778
f 7775 7778 7776
f 7743 7777 7775
f 7744 7776 7778
f 7777 7779 7780
f 7777 7780 7778
f 7743 7779 7777
f 7744 7778 7780
f 7779 7781 7782
f 7779 7782 7780
f 7743 7781 7779
f 7744 7780 7782
f 7781 7783 7784
f 7781 7784 7782
f 7743 7783 7781
f 7744 7782 7784
f 7783 7785 7786
f 7783 7786 7784
f 7743 7785 7783
f 7744 7784 7786
f 7785 7787 7788
f 7785 7788 7786
f 7743 7787 7785
f 7744 7786 7788
f 7787 7789 7790
f 7787 7790 7788
f 7743 7789 7787
f 7744 7788 7790
f 7789 7791 7792
f 7789 7792 7790
f 7743 7791 7789
f 7744 7790 7792
f 7791 7793 7794
f 7791 7794 7792
f 7743 7793 7791
f 7744 7792 7794
f 7793 7795 7796
f 7793 7796 7794
f 7743 7795 7793
f 7744 7794 7796
f 7795 7797 7798
f 7795 7798 7796
f 7743 7797 7795
f 7744 7796 7798
f 7797 7799 7800
f 7797 7800 7798
f 7743 7799 7797
f 7744 7798 7800
f 7799 7801 7802
f 7799 7802 7800
f 7743 7801 7799
f 7744 7800 7802
f 7801 7803 7804
f 7801 7804 7802
f 7743 7803 7801
f 7744 7802 7804
f 7803 7739 7742
f 7803 7742 7804
f 7743 7739 7803
f 7744 7804 7742
o Rear_left_slick_tire
usemtl Tire
v 85.00000 -64.50000 16.00000
v 84.91333 -64.50000 17.76431
v 84.91333 -51.50000 17.76431
v 85.00000 -51.50000 16.00000
v 80.50000 -64.50000 16.00000
v 80.43499 -51.50000 17.32323
v 80.43499 -64.50000 17.32323
v 80.50000 -51.50000 16.00000
v 84.65414 -64.50000 19.51163
v 84.65414 -51.50000 19.51163
v 80.24060 -51.50000 18.63372
v 80.24060 -64.50000 18.63372
v 84.22493 -64.50000 21.22512
v 84.22493 -51.50000 21.22512
v 79.91869 -51.50000 19.91884
v 79.91869 -64.50000 19.91884
v 83.62983 -64.50000 22.88830
v 83.62983 -51.50000 22.88830
v 79.47237 -51.50000 21.16623
v 79.47237 -64.50000 21.16623
v 82.87458 -64.50000 24.48514
v 82.87458 -51.50000 24.48514
v 78.90594 -51.50000 22.36386
v 78.90594 -64.50000 22.36386
v 81.96645 -64.50000 26.00026
v 81.96645 -51.50000 26.00026
v 78.22484 -51.50000 23.50020
v 78.22484 -64.50000 23.50020
v 80.91419 -64.50000 27.41908
v 80.91419 -51.50000 27.41908
v 77.43564 -51.50000 24.56431
v 77.43564 -64.50000 24.56431
v 79.72792 -64.50000 28.72792
v 79.72792 -51.50000 28.72792
v 76.54594 -51.50000 25.54594
v 76.54594 -64.50000 25.54594
v 78.41908 -64.50000 29.91419
v 78.41908 -51.50000 29.91419
v 75.56431 -51.50000 26.43564
v 75.56431 -64.50000 26.43564
v 77.00026 -64.50000 30.96645
v 77.00026 -51.50000 30.96645
v 74.50020 -51.50000 27.22484
v 74.50020 -64.50000 27.22484
v 75.48514 -64.50000 31.87458
v 75.48514 -51.50000 31.87458
v 73.36386 -51.50000 27.90594
v 73.36386 -64.50000 27.90594
v 73.88830 -64.50000 32.62983
v 73.88830 -51.50000 32.62983
v 72.16623 -51.50000 28.47237
v 72.16623 -64.50000 28.47237
v 72.22512 -64.50000 33.22493
v 72.22512 -51.50000 33.22493
v 70.91884 -51.50000 28.91869
v 70.91884 -64.50000 28.91869
v 70.51163 -64.50000 33.65414
v 70.51163 -51.50000 33.65414
v 69.63372 -51.50000 29.24060
v 69.63372 -64.50000 29.24060
v 68.76431 -64.50000 33.91333
v 68.76431 -51.50000 33.91333
v 68.32323 -51.50000 29.43499
v 68.32323 -64.50000 29.43499
v 67.00000 -64.50000 34.00000
v 67.00000 -51.50000 34.00000
v 67.00000 -51.50000 29.50000
v 67.00000 -64.50000 29.50000
v 65.23569 -64.50000 33.91333
v 65.23569 -51.50000 33.91333
v 65.67677 -51.50000 29.43499
v 65.67677 -64.50000 29.43499
v 63.48837 -64.50000 33.65414
v 63.48837 -51.50000 33.65414
v 64.36628 -51.50000 29.24060
v 64.36628 -64.50000 29.24060
v 61.77488 -64.50000 33.22493
v 61.77488 -51.50000 33.22493
v 63.08116 -51.50000 28.91869
v 63.08116 -64.50000 28.91869
v 60.11170 -64.50000 32.62983
v 60.11170 -51.50000 32.62983
v 61.83377 -51.50000 28.47237
v 61.83377 -64.50000 28.47237
v 58.51486 -64.50000 31.87458
v 58.51486 -51.50000 31.87458
v 60.63614 -51.50000 27.90594
v 60.63614 -64.50000 27.90594
v 56.99974 -64.50000 30.96645
v 56.99974 -51.50000 30.96645
v 59.49980 -51.50000 27.22484
v 59.49980 -64.50000 27.22484
v 55.58092 -64.50000 29.91419
v 55.58092 -51.50000 29.91419
v 58.43569 -51.50000 26.43564
v 58.43569 -64.50000 26.43564
v 54.27208 -64.50000 28.72792
v 54.27208 -51.50000 28.72792
v 57.45406 -51.50000 25.54594
v 57.45406 -64.50000 25.54594
v 53.08581 -64.50000 27.41908
v 53.08581 -51.50000 27.41908
v 56.56436 -51.50000 24.56431
v 56.56436 -64.50000 24.56431
v 52.03355 -64.50000 26.00026
v 52.03355 -51.50000 26.00026
v 55.77516 -51.50000 23.50020
v 55.77516 -64.50000 23.50020
v 51.12542 -64.50000 24.48514
v 51.12542 -51.50000 24.48514
v 55.09406 -51.50000 22.36386
v 55.09406 -64.50000 22.36386
v 50.37017 -64.50000 22.88830
v 50.37017 -51.50000 22.88830
v 54.52763 -51.50000 21.16623
v 54.52763 -64.50000 21.16623
v 49.77507 -64.50000 21.22512
v 49.77507 -51.50000 21.22512
v 54.08131 -51.50000 19.91884
v 54.08131 -64.50000 19.91884
v 49.34586 -64.50000 19.51163
v 49.34586 -51.50000 19.51163
v 53.75940 -51.50000 18.63372
v 53.75940 -64.50000 18.63372
v 49.08667 -64.50000 17.76431
v 49.08667 -51.50000 17.76431
v 53.56501 -51.50000 17.32323
v 53.56501 -64.50000 17.32323
v 49.00000 -64.50000 16.00000
v 49.00000 -51.50000 16.00000
v 53.50000 -51.50000 16.00000
v 53.50000 -64.50000 16.00000
v 49.08667 -64.50000 14.23569
v 49.08667 -51.50000 14.23569
v 53.56501 -51.50000 14.67677
v 53.56501 -64.50000 14.67677
v 49.34586 -64.50000 12.48837
v 49.34586 -51.50000 12.48837
v 53.75940 -51.50000 13.36628
v 53.75940 -64.50000 13.36628
v 49.77507 -64.50000 10.77488
v 49.77507 -51.50000 10.77488
v 54.08131 -51.50000 12.08116
v 54.08131 -64.50000 12.08116
v 50.37017 -64.50000 9.11170
v 50.37017 -51.50000 9.11170
v 54.52763 -51.50000 10.83377
v 54.52763 -64.50000 10.83377
v 51.12542 -64.50000 7.51486
v 51.12542 -51.50000 7.51486
v 55.09406 -51.50000 9.63614
v 55.09406 -64.50000 9.63614
v 52.03355 -64.50000 5.99974
v 52.03355 -51.50000 5.99974
v 55.77516 -51.50000 8.49980
v 55.77516 -64.50000 8.49980
v 53.08581 -64.50000 4.58092
v 53.08581 -51.50000 4.58092
v 56.56436 -51.50000 7.43569
v 56.56436 -64.50000 7.43569
v 54.27208 -64.50000 3.27208
v 54.27208 -51.50000 3.27208
v 57.45406 -51.50000 6.45406
v 57.45406 -64.50000 6.45406
v 55.58092 -64.50000 2.08581
v 55.58092 -51.50000 2.08581
v 58.43569 -51.50000 5.56436
v 58.43569 -64.50000 5.56436
v 56.99974 -64.50000 1.03355
v 56.99974 -51.50000 1.03355
v 59.49980 -51.50000 4.77516
v 59.49980 -64.50000 4.77516
v 58.51486 -64.50000 0.12542
v 58.51486 -51.50000 0.12542
v 60.63614 -51.50000 4.09406
v 60.63614 -64.50000 4.09406
v 60.11170 -64.50000 -0.62983
v 60.11170 -51.50000 -0.62983
v 61.83377 -51.50000 3.52763
v 61.83377 -64.50000 3.52763
v 61.77488 -64.50000 -1.22493
v 61.77488 -51.50000 -1.22493
v 63.08116 -51.50000 3.08131
v 63.08116 -64.50000 3.08131
v 63.48837 -64.50000 -1.65414
v 63.48837 -51.50000 -1.65414
v 64.36628 -51.50000 2.75940
v 64.36628 -64.50000 2.75940
v 65.23569 -64.50000 -1.91333
v 65.23569 -51.50000 -1.91333
v 65.67677 -51.50000 2.56501
v 65.67677 -64.50000 2.56501
v 67.00000 -64.50000 -2.00000
v 67.00000 -51.50000 -2.00000
v 67.00000 -51.50000 2.50000
v 67.00000 -64.50000 2.50000
v 68.76431 -64.50000 -1.91333
v 68.76431 -51.50000 -1.91333
v 68.32323 -51.50000 2.56501
v 68.32323 -64.50000 2.56501
v 70.51163 -64.50000 -1.65414
v 70.51163 -51.50000 -1.65414
v 69.63372 -51.50000 2.75940
v 69.63372 -64.50000 2.75940
v 72.22512 -64.50000 -1.22493
v 72.22512 -51.50000 -1.22493
v 70.91884 -51.50000 3.08131
v 70.91884 -64.50000 3.08131
v 73.88830 -64.50000 -0.62983
v 73.88830 -51.50000 -0.62983
v 72.16623 -51.50000 3.52763
v 72.16623 -64.50000 3.52763
v 75.48514 -64.50000 0.12542
v 75.48514 -51.50000 0.12542
v 73.36386 -51.50000 4.09406
v 73.36386 -64.50000 4.09406
v 77.00026 -64.50000 1.03355
v 77.00026 -51.50000 1.03355
v 74.50020 -51.50000 4.77516
v 74.50020 -64.50000 4.77516
v 78.41908 -64.50000 2.08581
v 78.41908 -51.50000 2.08581
v 75.56431 -51.50000 5.56436
v 75.56431 -64.50000 5.56436
v 79.72792 -64.50000 3.27208
v 79.72792 -51.50000 3.27208
v 76.54594 -51.50000 6.45406
v 76.54594 -64.50000 6.45406
v 80.91419 -64.50000 4.58092
v 80.91419 -51.50000 4.58092
v 77.43564 -51.50000 7.43569
v 77.43564 -64.50000 7.43569
v 81.96645 -64.50000 5.99974
v 81.96645 -51.50000 5.99974
v 78.22484 -51.50000 8.49980
v 78.22484 -64.50000 8.49980
v 82.87458 -64.50000 7.51486
v 82.87458 -51.50000 7.51486
v 78.90594 -51.50000 9.63614
v 78.90594 -64.50000 9.63614
v 83.62983 -64.50000 9.11170
v 83.62983 -51.50000 9.11170
v 79.47237 -51.50000 10.83377
v 79.47237 -64.50000 10.83377
v 84.22493 -64.50000 10.77488
v 84.22493 -51.50000 10.77488
v 79.91869 -51.50000 12.08116
v 79.91869 -64.50000 12.08116
v 84.65414 -64.50000 12.48837
v 84.65414 -51.50000 12.48837
v 80.24060 -51.50000 13.36628
v 80.24060 -64.50000 13.36628
v 84.91333 -64.50000 14.23569
v 84.91333 -51.50000 14.23569
v 80.43499 -51.50000 14.67677
v 80.43499 -64.50000 14.67677
v 85.35000 -63.55000 16.00000
v 85.26164 -63.55000 17.79861
v 85.26164 -62.45000 17.79861
v 85.35000 -62.45000 16.00000
v 84.80000 -63.55000 16.00000
v 84.71429 -62.45000 17.74471
v 84.71429 -63.55000 17.74471
v 84.80000 -62.45000 16.00000
v 84.99741 -63.55000 19.57991
v 84.99741 -62.45000 19.57991
v 84.45798 -62.45000 19.47261
v 84.45798 -63.55000 19.47261
v 84.55986 -63.55000 21.32672
v 84.55986 -62.45000 21.32672
v 84.03354 -62.45000 21.16707
v 84.03354 -63.55000 21.16707
v 83.95319 -63.55000 23.02224
v 83.95319 -62.45000 23.02224
v 83.44506 -62.45000 22.81177
v 83.44506 -63.55000 22.81177
v 83.18326 -63.55000 24.65013
v 83.18326 -62.45000 24.65013
v 82.69820 -62.45000 24.39086
v 82.69820 -63.55000 24.39086
v 82.25747 -63.55000 26.19471
v 82.25747 -62.45000 26.19471
v 81.80016 -62.45000 25.88915
v 81.80016 -63.55000 25.88915
v 81.18474 -63.55000 27.64112
v 81.18474 -62.45000 27.64112
v 80.75959 -62.45000 27.29220
v 80.75959 -63.55000 27.29220
v 79.97541 -63.55000 28.97541
v 79.97541 -62.45000 28.97541
v 79.58650 -62.45000 28.58650
v 79.58650 -63.55000 28.58650
v 78.64112 -63.55000 30.18474
v 78.64112 -62.45000 30.18474
v 78.29220 -62.45000 29.75959
v 78.29220 -63.55000 29.75959
v 77.19471 -63.55000 31.25747
v 77.19471 -62.45000 31.25747
v 76.88915 -62.45000 30.80016
v 76.88915 -63.55000 30.80016
v 75.65013 -63.55000 32.18326
v 75.65013 -62.45000 32.18326
v 75.39086 -62.45000 31.69820
v 75.39086 -63.55000 31.69820
v 74.02224 -63.55000 32.95319
v 74.02224 -62.45000 32.95319
v 73.81177 -62.45000 32.44506
v 73.81177 -63.55000 32.44506
v 72.32672 -63.55000 33.55986
v 72.32672 -62.45000 33.55986
v 72.16707 -62.45000 33.03354
v 72.16707 -63.55000 33.03354
v 70.57991 -63.55000 33.99741
v 70.57991 -62.45000 33.99741
v 70.47261 -62.45000 33.45798
v 70.47261 -63.55000 33.45798
v 68.79861 -63.55000 34.26164
v 68.79861 -62.45000 34.26164
v 68.74471 -62.45000 33.71429
v 68.74471 -63.55000 33.71429
v 67.00000 -63.55000 34.35000
v 67.00000 -62.45000 34.35000
v 67.00000 -62.45000 33.80000
v 67.00000 -63.55000 33.80000
v 65.20139 -63.55000 34.26164
v 65.20139 -62.45000 34.26164
v 65.25529 -62.45000 33.71429
v 65.25529 -63.55000 33.71429
v 63.42009 -63.55000 33.99741
v 63.42009 -62.45000 33.99741
v 63.52739 -62.45000 33.45798
v 63.52739 -63.55000 33.45798
v 61.67328 -63.55000 33.55986
v 61.67328 -62.45000 33.55986
v 61.83293 -62.45000 33.03354
v 61.83293 -63.55000 33.03354
v 59.97776 -63.55000 32.95319
v 59.97776 -62.45000 32.95319
v 60.18823 -62.45000 32.44506
v 60.18823 -63.55000 32.44506
v 58.34987 -63.55000 32.18326
v 58.34987 -62.45000 32.18326
v 58.60914 -62.45000 31.69820
v 58.60914 -63.55000 31.69820
v 56.80529 -63.55000 31.25747
v 56.80529 -62.45000 31.25747
v 57.11085 -62.45000 30.80016
v 57.11085 -63.55000 30.80016
v 55.35888 -63.55000 30.18474
v 55.35888 -62.45000 30.18474
v 55.70780 -62.45000 29.75959
v 55.70780 -63.55000 29.75959
v 54.02459 -63.55000 28.97541
v 54.02459 -62.45000 28.97541
v 54.41350 -62.45000 28.58650
v 54.41350 -63.55000 28.58650
v 52.81526 -63.55000 27.64112
v 52.81526 -62.45000 27.64112
v 53.24041 -62.45000 27.29220
v 53.24041 -63.55000 27.29220
v 51.74253 -63.55000 26.19471
v 51.74253 -62.45000 26.19471
v 52.19984 -62.45000 25.88915
v 52.19984 -63.55000 25.88915
v 50.81674 -63.55000 24.65013
v 50.81674 -62.45000 24.65013
v 51.30180 -62.45000 24.39086
v 51.30180 -63.55000 24.39086
v 50.04681 -63.55000 23.02224
v 50.04681 -62.45000 23.02224
v 50.55494 -62.45000 22.81177
v 50.55494 -63.55000 22.81177
v 49.44014 -63.55000 21.32672
v 49.44014 -62.45000 21.32672
v 49.96646 -62.45000 21.16707
v 49.96646 -63.55000 21.16707
v 49.00259 -63.55000 19.57991
v 49.00259 -62.45000 19.57991
v 49.54202 -62.45000 19.47261
v 49.54202 -63.55000 19.47261
v 48.73836 -63.55000 17.79861
v 48.73836 -62.45000 17.79861
v 49.28571 -62.45000 17.74471
v 49.28571 -63.55000 17.74471
v 48.65000 -63.55000 16.00000
v 48.65000 -62.45000 16.00000
v 49.20000 -62.45000 16.00000
v 49.20000 -63.55000 16.00000
v 48.73836 -63.55000 14.20139
v 48.73836 -62.45000 14.20139
v 49.28571 -62.45000 14.25529
v 49.28571 -63.55000 14.25529
v 49.00259 -63.55000 12.42009
v 49.00259 -62.45000 12.42009
v 49.54202 -62.45000 12.52739
v 49.54202 -63.55000 12.52739
v 49.44014 -63.55000 10.67328
v 49.44014 -62.45000 10.67328
v 49.96646 -62.45000 10.83293
v 49.96646 -63.55000 10.83293
v 50.04681 -63.55000 8.97776
v 50.04681 -62.45000 8.97776
v 50.55494 -62.45000 9.18823
v 50.55494 -63.55000 9.18823
v 50.81674 -63.55000 7.34987
v 50.81674 -62.45000 7.34987
v 51.30180 -62.45000 7.60914
v 51.30180 -63.55000 7.60914
v 51.74253 -63.55000 5.80529
v 51.74253 -62.45000 5.80529
v 52.19984 -62.45000 6.11085
v 52.19984 -63.55000 6.11085
v 52.81526 -63.55000 4.35888
v 52.81526 -62.45000 4.35888
v 53.24041 -62.45000 4.70780
v 53.24041 -63.55000 4.70780
v 54.02459 -63.55000 3.02459
v 54.02459 -62.45000 3.02459
v 54.41350 -62.45000 3.41350
v 54.41350 -63.55000 3.41350
v 55.35888 -63.55000 1.81526
v 55.35888 -62.45000 1.81526
v 55.70780 -62.45000 2.24041
v 55.70780 -63.55000 2.24041
v 56.80529 -63.55000 0.74253
v 56.80529 -62.45000 0.74253
v 57.11085 -62.45000 1.19984
v 57.11085 -63.55000 1.19984
v 58.34987 -63.55000 -0.18326
v 58.34987 -62.45000 -0.18326
v 58.60914 -62.45000 0.30180
v 58.60914 -63.55000 0.30180
v 59.97776 -63.55000 -0.95319
v 59.97776 -62.45000 -0.95319
v 60.18823 -62.45000 -0.44506
v 60.18823 -63.55000 -0.44506
v 61.67328 -63.55000 -1.55986
v 61.67328 -62.45000 -1.55986
v 61.83293 -62.45000 -1.03354
v 61.83293 -63.55000 -1.03354
v 63.42009 -63.55000 -1.99741
v 63.42009 -62.45000 -1.99741
v 63.52739 -62.45000 -1.45798
v 63.52739 -63.55000 -1.45798
v 65.20139 -63.55000 -2.26164
v 65.20139 -62.45000 -2.26164
v 65.25529 -62.45000 -1.71429
v 65.25529 -63.55000 -1.71429
v 67.00000 -63.55000 -2.35000
v 67.00000 -62.45000 -2.35000
v 67.00000 -62.45000 -1.80000
v 67.00000 -63.55000 -1.80000
v 68.79861 -63.55000 -2.26164
v 68.79861 -62.45000 -2.26164
v 68.74471 -62.45000 -1.71429
v 68.74471 -63.55000 -1.71429
v 70.57991 -63.55000 -1.99741
v 70.57991 -62.45000 -1.99741
v 70.47261 -62.45000 -1.45798
v 70.47261 -63.55000 -1.45798
v 72.32672 -63.55000 -1.55986
v 72.32672 -62.45000 -1.55986
v 72.16707 -62.45000 -1.03354
v 72.16707 -63.55000 -1.03354
v 74.02224 -63.55000 -0.95319
v 74.02224 -62.45000 -0.95319
v 73.81177 -62.45000 -0.44506
v 73.81177 -63.55000 -0.44506
v 75.65013 -63.55000 -0.18326
v 75.65013 -62.45000 -0.18326
v 75.39086 -62.45000 0.30180
v 75.39086 -63.55000 0.30180
v 77.19471 -63.55000 0.74253
v 77.19471 -62.45000 0.74253
v 76.88915 -62.45000 1.19984
v 76.88915 -63.55000 1.19984
v 78.64112 -63.55000 1.81526
v 78.64112 -62.45000 1.81526
v 78.29220 -62.45000 2.24041
v 78.29220 -63.55000 2.24041
v 79.97541 -63.55000 3.02459
v 79.97541 -62.45000 3.02459
v 79.58650 -62.45000 3.41350
v 79.58650 -63.55000 3.41350
v 81.18474 -63.55000 4.35888
v 81.18474 -62.45000 4.35888
v 80.75959 -62.45000 4.70780
v 80.75959 -63.55000 4.70780
v 82.25747 -63.55000 5.80529
v 82.25747 -62.45000 5.80529
v 81.80016 -62.45000 6.11085
v 81.80016 -63.55000 6.11085
v 83.18326 -63.55000 7.34987
v 83.18326 -62.45000 7.34987
v 82.69820 -62.45000 7.60914
v 82.69820 -63.55000 7.60914
v 83.95319 -63.55000 8.97776
v 83.95319 -62.45000 8.97776
v 83.44506 -62.45000 9.18823
v 83.44506 -63.55000 9.18823
v 84.55986 -63.55000 10.67328
v 84.55986 -62.45000 10.67328
v 84.03354 -62.45000 10.83293
v 84.03354 -63.55000 10.83293
v 84.99741 -63.55000 12.42009
v 84.99741 -62.45000 12.42009
v 84.45798 -62.45000 12.52739
v 84.45798 -63.55000 12.52739
v 85.26164 -63.55000 14.20139
v 85.26164 -62.45000 14.20139
v 84.71429 -62.45000 14.25529
v 84.71429 -63.55000 14.25529
v 85.35000 -53.55000 16.00000
v 85.26164 -53.55000 17.79861
v 85.26164 -52.45000 17.79861
v 85.35000 -52.45000 16.00000
v 84.80000 -53.55000 16.00000
v 84.71429 -52.45000 17.74471
v 84.71429 -53.55000 17.74471
v 84.80000 -52.45000 16.00000
v 84.99741 -53.55000 19.57991
v 84.99741 -52.45000 19.57991
v 84.45798 -52.45000 19.47261
v 84.45798 -53.55000 19.47261
v 84.55986 -53.55000 21.32672
v 84.55986 -52.45000 21.32672
v 84.03354 -52.45000 21.16707
v 84.03354 -53.55000 21.16707
v 83.95319 -53.55000 23.02224
v 83.95319 -52.45000 23.02224
v 83.44506 -52.45000 22.81177
v 83.44506 -53.55000 22.81177
v 83.18326 -53.55000 24.65013
v 83.18326 -52.45000 24.65013
v 82.69820 -52.45000 24.39086
v 82.69820 -53.55000 24.39086
v 82.25747 -53.55000 26.19471
v 82.25747 -52.45000 26.19471
v 81.80016 -52.45000 25.88915
v 81.80016 -53.55000 25.88915
v 81.18474 -53.55000 27.64112
v 81.18474 -52.45000 27.64112
v 80.75959 -52.45000 27.29220
v 80.75959 -53.55000 27.29220
v 79.97541 -53.55000 28.97541
v 79.97541 -52.45000 28.97541
v 79.58650 -52.45000 28.58650
v 79.58650 -53.55000 28.58650
v 78.64112 -53.55000 30.18474
v 78.64112 -52.45000 30.18474
v 78.29220 -52.45000 29.75959
v 78.29220 -53.55000 29.75959
v 77.19471 -53.55000 31.25747
v 77.19471 -52.45000 31.25747
v 76.88915 -52.45000 30.80016
v 76.88915 -53.55000 30.80016
v 75.65013 -53.55000 32.18326
v 75.65013 -52.45000 32.18326
v 75.39086 -52.45000 31.69820
v 75.39086 -53.55000 31.69820
v 74.02224 -53.55000 32.95319
v 74.02224 -52.45000 32.95319
v 73.81177 -52.45000 32.44506
v 73.81177 -53.55000 32.44506
v 72.32672 -53.55000 33.55986
v 72.32672 -52.45000 33.55986
v 72.16707 -52.45000 33.03354
v 72.16707 -53.55000 33.03354
v 70.57991 -53.55000 33.99741
v 70.57991 -52.45000 33.99741
v 70.47261 -52.45000 33.45798
v 70.47261 -53.55000 33.45798
v 68.79861 -53.55000 34.26164
v 68.79861 -52.45000 34.26164
v 68.74471 -52.45000 33.71429
v 68.74471 -53.55000 33.71429
v 67.00000 -53.55000 34.35000
v 67.00000 -52.45000 34.35000
v 67.00000 -52.45000 33.80000
v 67.00000 -53.55000 33.80000
v 65.20139 -53.55000 34.26164
v 65.20139 -52.45000 34.26164
v 65.25529 -52.45000 33.71429
v 65.25529 -53.55000 33.71429
v 63.42009 -53.55000 33.99741
v 63.42009 -52.45000 33.99741
v 63.52739 -52.45000 33.45798
v 63.52739 -53.55000 33.45798
v 61.67328 -53.55000 33.55986
v 61.67328 -52.45000 33.55986
v 61.83293 -52.45000 33.03354
v 61.83293 -53.55000 33.03354
v 59.97776 -53.55000 32.95319
v 59.97776 -52.45000 32.95319
v 60.18823 -52.45000 32.44506
v 60.18823 -53.55000 32.44506
v 58.34987 -53.55000 32.18326
v 58.34987 -52.45000 32.18326
v 58.60914 -52.45000 31.69820
v 58.60914 -53.55000 31.69820
v 56.80529 -53.55000 31.25747
v 56.80529 -52.45000 31.25747
v 57.11085 -52.45000 30.80016
v 57.11085 -53.55000 30.80016
v 55.35888 -53.55000 30.18474
v 55.35888 -52.45000 30.18474
v 55.70780 -52.45000 29.75959
v 55.70780 -53.55000 29.75959
v 54.02459 -53.55000 28.97541
v 54.02459 -52.45000 28.97541
v 54.41350 -52.45000 28.58650
v 54.41350 -53.55000 28.58650
v 52.81526 -53.55000 27.64112
v 52.81526 -52.45000 27.64112
v 53.24041 -52.45000 27.29220
v 53.24041 -53.55000 27.29220
v 51.74253 -53.55000 26.19471
v 51.74253 -52.45000 26.19471
v 52.19984 -52.45000 25.88915
v 52.19984 -53.55000 25.88915
v 50.81674 -53.55000 24.65013
v 50.81674 -52.45000 24.65013
v 51.30180 -52.45000 24.39086
v 51.30180 -53.55000 24.39086
v 50.04681 -53.55000 23.02224
v 50.04681 -52.45000 23.02224
v 50.55494 -52.45000 22.81177
v 50.55494 -53.55000 22.81177
v 49.44014 -53.55000 21.32672
v 49.44014 -52.45000 21.32672
v 49.96646 -52.45000 21.16707
v 49.96646 -53.55000 21.16707
v 49.00259 -53.55000 19.57991
v 49.00259 -52.45000 19.57991
v 49.54202 -52.45000 19.47261
v 49.54202 -53.55000 19.47261
v 48.73836 -53.55000 17.79861
v 48.73836 -52.45000 17.79861
v 49.28571 -52.45000 17.74471
v 49.28571 -53.55000 17.74471
v 48.65000 -53.55000 16.00000
v 48.65000 -52.45000 16.00000
v 49.20000 -52.45000 16.00000
v 49.20000 -53.55000 16.00000
v 48.73836 -53.55000 14.20139
v 48.73836 -52.45000 14.20139
v 49.28571 -52.45000 14.25529
v 49.28571 -53.55000 14.25529
v 49.00259 -53.55000 12.42009
v 49.00259 -52.45000 12.42009
v 49.54202 -52.45000 12.52739
v 49.54202 -53.55000 12.52739
v 49.44014 -53.55000 10.67328
v 49.44014 -52.45000 10.67328
v 49.96646 -52.45000 10.83293
v 49.96646 -53.55000 10.83293
v 50.04681 -53.55000 8.97776
v 50.04681 -52.45000 8.97776
v 50.55494 -52.45000 9.18823
v 50.55494 -53.55000 9.18823
v 50.81674 -53.55000 7.34987
v 50.81674 -52.45000 7.34987
v 51.30180 -52.45000 7.60914
v 51.30180 -53.55000 7.60914
v 51.74253 -53.55000 5.80529
v 51.74253 -52.45000 5.80529
v 52.19984 -52.45000 6.11085
v 52.19984 -53.55000 6.11085
v 52.81526 -53.55000 4.35888
v 52.81526 -52.45000 4.35888
v 53.24041 -52.45000 4.70780
v 53.24041 -53.55000 4.70780
v 54.02459 -53.55000 3.02459
v 54.02459 -52.45000 3.02459
v 54.41350 -52.45000 3.41350
v 54.41350 -53.55000 3.41350
v 55.35888 -53.55000 1.81526
v 55.35888 -52.45000 1.81526
v 55.70780 -52.45000 2.24041
v 55.70780 -53.55000 2.24041
v 56.80529 -53.55000 0.74253
v 56.80529 -52.45000 0.74253
v 57.11085 -52.45000 1.19984
v 57.11085 -53.55000 1.19984
v 58.34987 -53.55000 -0.18326
v 58.34987 -52.45000 -0.18326
v 58.60914 -52.45000 0.30180
v 58.60914 -53.55000 0.30180
v 59.97776 -53.55000 -0.95319
v 59.97776 -52.45000 -0.95319
v 60.18823 -52.45000 -0.44506
v 60.18823 -53.55000 -0.44506
v 61.67328 -53.55000 -1.55986
v 61.67328 -52.45000 -1.55986
v 61.83293 -52.45000 -1.03354
v 61.83293 -53.55000 -1.03354
v 63.42009 -53.55000 -1.99741
v 63.42009 -52.45000 -1.99741
v 63.52739 -52.45000 -1.45798
v 63.52739 -53.55000 -1.45798
v 65.20139 -53.55000 -2.26164
v 65.20139 -52.45000 -2.26164
v 65.25529 -52.45000 -1.71429
v 65.25529 -53.55000 -1.71429
v 67.00000 -53.55000 -2.35000
v 67.00000 -52.45000 -2.35000
v 67.00000 -52.45000 -1.80000
v 67.00000 -53.55000 -1.80000
v 68.79861 -53.55000 -2.26164
v 68.79861 -52.45000 -2.26164
v 68.74471 -52.45000 -1.71429
v 68.74471 -53.55000 -1.71429
v 70.57991 -53.55000 -1.99741
v 70.57991 -52.45000 -1.99741
v 70.47261 -52.45000 -1.45798
v 70.47261 -53.55000 -1.45798
v 72.32672 -53.55000 -1.55986
v 72.32672 -52.45000 -1.55986
v 72.16707 -52.45000 -1.03354
v 72.16707 -53.55000 -1.03354
v 74.02224 -53.55000 -0.95319
v 74.02224 -52.45000 -0.95319
v 73.81177 -52.45000 -0.44506
v 73.81177 -53.55000 -0.44506
v 75.65013 -53.55000 -0.18326
v 75.65013 -52.45000 -0.18326
v 75.39086 -52.45000 0.30180
v 75.39086 -53.55000 0.30180
v 77.19471 -53.55000 0.74253
v 77.19471 -52.45000 0.74253
v 76.88915 -52.45000 1.19984
v 76.88915 -53.55000 1.19984
v 78.64112 -53.55000 1.81526
v 78.64112 -52.45000 1.81526
v 78.29220 -52.45000 2.24041
v 78.29220 -53.55000 2.24041
v 79.97541 -53.55000 3.02459
v 79.97541 -52.45000 3.02459
v 79.58650 -52.45000 3.41350
v 79.58650 -53.55000 3.41350
v 81.18474 -53.55000 4.35888
v 81.18474 -52.45000 4.35888
v 80.75959 -52.45000 4.70780
v 80.75959 -53.55000 4.70780
v 82.25747 -53.55000 5.80529
v 82.25747 -52.45000 5.80529
v 81.80016 -52.45000 6.11085
v 81.80016 -53.55000 6.11085
v 83.18326 -53.55000 7.34987
v 83.18326 -52.45000 7.34987
v 82.69820 -52.45000 7.60914
v 82.69820 -53.55000 7.60914
v 83.95319 -53.55000 8.97776
v 83.95319 -52.45000 8.97776
v 83.44506 -52.45000 9.18823
v 83.44506 -53.55000 9.18823
v 84.55986 -53.55000 10.67328
v 84.55986 -52.45000 10.67328
v 84.03354 -52.45000 10.83293
v 84.03354 -53.55000 10.83293
v 84.99741 -53.55000 12.42009
v 84.99741 -52.45000 12.42009
v 84.45798 -52.45000 12.52739
v 84.45798 -53.55000 12.52739
v 85.26164 -53.55000 14.20139
v 85.26164 -52.45000 14.20139
v 84.71429 -52.45000 14.25529
v 84.71429 -53.55000 14.25529
f 7805 7806 7807
f 7805 7807 7808
f 7809 7810 7811
f 7809 7812 7810
f 7805 7811 7806
f 7805 7809 7811
f 7808 7807 7810
f 7808 7810 7812
f 7806 7813 7814
f 7806 7814 7807
f 7811 7815 7816
f 7811 7810 7815
f 7806 7816 7813
f 7806 7811 7816
f 7807 7814 7815
f 7807 7815 7810
f 7813 7817 7818
f 7813 7818 7814
f 7816 7819 7820
f 7816 7815 7819
f 7813 7820 7817
f 7813 7816 7820
f 7814 7818 7819
f 7814 7819 7815
f 7817 7821 7822
f 7817 7822 7818
f 7820 7823 7824
f 7820 7819 7823
f 7817 7824 7821
f 7817 7820 7824
f 7818 7822 7823
f 7818 7823 7819
f 7821 7825 7826
f 7821 7826 7822
f 7824 7827 7828
f 7824 7823 7827
f 7821 7828 7825
f 7821 7824 7828
f 7822 7826 7827
f 7822 7827 7823
f 7825 7829 7830
f 7825 7830 7826
f 7828 7831 7832
f 7828 7827 7831
f 7825 7832 7829
f 7825 7828 7832
f 7826 7830 7831
f 7826 7831 7827
f 7829 7833 7834
f 7829 7834 7830
f 7832 7835 7836
f 7832 7831 7835
f 7829 7836 7833
f 7829 7832 7836
f 7830 7834 7835
f 7830 7835 7831
f 7833 7837 7838
f 7833 7838 7834
f 7836 7839 7840
f 7836 7835 7839
f 7833 7840 7837
f 7833 7836 7840
f 7834 7838 7839
f 7834 7839 7835
f 7837 7841 7842
f 7837 7842 7838
f 7840 7843 7844
f 7840 7839 7843
f 7837 7844 7841
f 7837 7840 7844
f 7838 7842 7843
f 7838 7843 7839
f 7841 7845 7846
f 7841 7846 7842
f 7844 7847 7848
f 7844 7843 7847
f 7841 7848 7845
f 7841 7844 7848
f 7842 7846 7847
f 7842 7847 7843
f 7845 7849 7850
f 7845 7850 7846
f 7848 7851 7852
f 7848 7847 7851
f 7845 7852 7849
f 7845 7848 7852
f 7846 7850 7851
f 7846 7851 7847
f 7849 7853 7854
f 7849 7854 7850
f 7852 7855 7856
f 7852 7851 7855
f 7849 7856 7853
f 7849 7852 7856
f 7850 7854 7855
f 7850 7855 7851
f 7853 7857 7858
f 7853 7858 7854
f 7856 7859 7860
f 7856 7855 7859
f 7853 7860 7857
f 7853 7856 7860
f 7854 7858 7859
f 7854 7859 7855
f 7857 7861 7862
f 7857 7862 7858
f 7860 7863 7864
f 7860 7859 7863
f 7857 7864 7861
f 7857 7860 7864
f 7858 7862 7863
f 7858 7863 7859
f 7861 7865 7866
f 7861 7866 7862
f 7864 7867 7868
f 7864 7863 7867
f 7861 7868 7865
f 7861 7864 7868
f 7862 7866 7867
f 7862 7867 7863
f 7865 7869 7870
f 7865 7870 7866
f 7868 7871 7872
f 7868 7867 7871
f 7865 7872 7869
f 7865 7868 7872
f 7866 7870 7871
f 7866 7871 7867
f 7869 7873 7874
f 7869 7874 7870
f 7872 7875 7876
f 7872 7871 7875
f 7869 7876 7873
f 7869 7872 7876
f 7870 7874 7875
f 7870 7875 7871
f 7873 7877 7878
f 7873 7878 7874
f 7876 7879 7880
f 7876 7875 7879
f 7873 7880 7877
f 7873 7876 7880
f 7874 7878 7879
f 7874 7879 7875
f 7877 7881 7882
f 7877 7882 7878
f 7880 7883 7884
f 7880 7879 7883
f 7877 7884 7881
f 7877 7880 7884
f 7878 7882 7883
f 7878 7883 7879
f 7881 7885 7886
f 7881 7886 7882
f 7884 7887 7888
f 7884 7883 7887
f 7881 7888 7885
f 7881 7884 7888
f 7882 7886 7887
f 7882 7887 7883
f 7885 7889 7890
f 7885 7890 7886
f 7888 7891 7892
f 7888 7887 7891
f 7885 7892 7889
f 7885 7888 7892
f 7886 7890 7891
f 7886 7891 7887
f 7889 7893 7894
f 7889 7894 7890
f 7892 7895 7896
f 7892 7891 7895
f 7889 7896 7893
f 7889 7892 7896
f 7890 7894 7895
f 7890 7895 7891
f 7893 7897 7898
f 7893 7898 7894
f 7896 7899 7900
f 7896 7895 7899
f 7893 7900 7897
f 7893 7896 7900
f 7894 7898 7899
f 7894 7899 7895
f 7897 7901 7902
f 7897 7902 7898
f 7900 7903 7904
f 7900 7899 7903
f 7897 7904 7901
f 7897 7900 7904
f 7898 7902 7903
f 7898 7903 7899
f 7901 7905 7906
f 7901 7906 7902
f 7904 7907 7908
f 7904 7903 7907
f 7901 7908 7905
f 7901 7904 7908
f 7902 7906 7907
f 7902 7907 7903
f 7905 7909 7910
f 7905 7910 7906
f 7908 7911 7912
f 7908 7907 7911
f 7905 7912 7909
f 7905 7908 7912
f 7906 7910 7911
f 7906 7911 7907
f 7909 7913 7914
f 7909 7914 7910
f 7912 7915 7916
f 7912 7911 7915
f 7909 7916 7913
f 7909 7912 7916
f 7910 7914 7915
f 7910 7915 7911
f 7913 7917 7918
f 7913 7918 7914
f 7916 7919 7920
f 7916 7915 7919
f 7913 7920 7917
f 7913 7916 7920
f 7914 7918 7919
f 7914 7919 7915
f 7917 7921 7922
f 7917 7922 7918
f 7920 7923 7924
f 7920 7919 7923
f 7917 7924 7921
f 7917 7920 7924
f 7918 7922 7923
f 7918 7923 7919
f 7921 7925 7926
f 7921 7926 7922
f 7924 7927 7928
f 7924 7923 7927
f 7921 7928 7925
f 7921 7924 7928
f 7922 7926 7927
f 7922 7927 7923
f 7925 7929 7930
f 7925 7930 7926
f 7928 7931 7932
f 7928 7927 7931
f 7925 7932 7929
f 7925 7928 7932
f 7926 7930 7931
f 7926 7931 7927
f 7929 7933 7934
f 7929 7934 7930
f 7932 7935 7936
f 7932 7931 7935
f 7929 7936 7933
f 7929 7932 7936
f 7930 7934 7935
f 7930 7935 7931
f 7933 7937 7938
f 7933 7938 7934
f 7936 7939 7940
f 7936 7935 7939
f 7933 7940 7937
f 7933 7936 7940
f 7934 7938 7939
f 7934 7939 7935
f 7937 7941 7942
f 7937 7942 7938
f 7940 7943 7944
f 7940 7939 7943
f 7937 7944 7941
f 7937 7940 7944
f 7938 7942 7943
f 7938 7943 7939
f 7941 7945 7946
f 7941 7946 7942
f 7944 7947 7948
f 7944 7943 7947
f 7941 7948 7945
f 7941 7944 7948
f 7942 7946 7947
f 7942 7947 7943
f 7945 7949 7950
f 7945 7950 7946
f 7948 7951 7952
f 7948 7947 7951
f 7945 7952 7949
f 7945 7948 7952
f 7946 7950 7951
f 7946 7951 7947
f 7949 7953 7954
f 7949 7954 7950
f 7952 7955 7956
f 7952 7951 7955
f 7949 7956 7953
f 7949 7952 7956
f 7950 7954 7955
f 7950 7955 7951
f 7953 7957 7958
f 7953 7958 7954
f 7956 7959 7960
f 7956 7955 7959
f 7953 7960 7957
f 7953 7956 7960
f 7954 7958 7959
f 7954 7959 7955
f 7957 7961 7962
f 7957 7962 7958
f 7960 7963 7964
f 7960 7959 7963
f 7957 7964 7961
f 7957 7960 7964
f 7958 7962 7963
f 7958 7963 7959
f 7961 7965 7966
f 7961 7966 7962
f 7964 7967 7968
f 7964 7963 7967
f 7961 7968 7965
f 7961 7964 7968
f 7962 7966 7967
f 7962 7967 7963
f 7965 7969 7970
f 7965 7970 7966
f 7968 7971 7972
f 7968 7967 7971
f 7965 7972 7969
f 7965 7968 7972
f 7966 7970 7971
f 7966 7971 7967
f 7969 7973 7974
f 7969 7974 7970
f 7972 7975 7976
f 7972 7971 7975
f 7969 7976 7973
f 7969 7972 7976
f 7970 7974 7975
f 7970 7975 7971
f 7973 7977 7978
f 7973 7978 7974
f 7976 7979 7980
f 7976 7975 7979
f 7973 7980 7977
f 7973 7976 7980
f 7974 7978 7979
f 7974 7979 7975
f 7977 7981 7982
f 7977 7982 7978
f 7980 7983 7984
f 7980 7979 7983
f 7977 7984 7981
f 7977 7980 7984
f 7978 7982 7983
f 7978 7983 7979
f 7981 7985 7986
f 7981 7986 7982
f 7984 7987 7988
f 7984 7983 7987
f 7981 7988 7985
f 7981 7984 7988
f 7982 7986 7987
f 7982 7987 7983
f 7985 7989 7990
f 7985 7990 7986
f 7988 7991 7992
f 7988 7987 7991
f 7985 7992 7989
f 7985 7988 7992
f 7986 7990 7991
f 7986 7991 7987
f 7989 7993 7994
f 7989 7994 7990
f 7992 7995 7996
f 7992 7991 7995
f 7989 7996 7993
f 7989 7992 7996
f 7990 7994 7995
f 7990 7995 7991
f 7993 7997 7998
f 7993 7998 7994
f 7996 7999 8000
f 7996 7995 7999
f 7993 8000 7997
f 7993 7996 8000
f 7994 7998 7999
f 7994 7999 7995
f 7997 8001 8002
f 7997 8002 7998
f 8000 8003 8004
f 8000 7999 8003
f 7997 8004 8001
f 7997 8000 8004
f 7998 8002 8003
f 7998 8003 7999
f 8001 8005 8006
f 8001 8006 8002
f 8004 8007 8008
f 8004 8003 8007
f 8001 8008 8005
f 8001 8004 8008
f 8002 8006 8007
f 8002 8007 8003
f 8005 8009 8010
f 8005 8010 8006
f 8008 8011 8012
f 8008 8007 8011
f 8005 8012 8009
f 8005 8008 8012
f 8006 8010 8011
f 8006 8011 8007
f 8009 8013 8014
f 8009 8014 8010
f 8012 8015 8016
f 8012 8011 8015
f 8009 8016 8013
f 8009 8012 8016
f 8010 8014 8015
f 8010 8015 8011
f 8013 8017 8018
f 8013 8018 8014
f 8016 8019 8020
f 8016 8015 8019
f 8013 8020 8017
f 8013 8016 8020
f 8014 8018 8019
f 8014 8019 8015
f 8017 8021 8022
f 8017 8022 8018
f 8020 8023 8024
f 8020 8019 8023
f 8017 8024 8021
f 8017 8020 8024
f 8018 8022 8023
f 8018 8023 8019
f 8021 8025 8026
f 8021 8026 8022
f 8024 8027 8028
f 8024 8023 8027
f 8021 8028 8025
f 8021 8024 8028
f 8022 8026 8027
f 8022 8027 8023
f 8025 8029 8030
f 8025 8030 8026
f 8028 8031 8032
f 8028 8027 8031
f 8025 8032 8029
f 8025 8028 8032
f 8026 8030 8031
f 8026 8031 8027
f 8029 8033 8034
f 8029 8034 8030
f 8032 8035 8036
f 8032 8031 8035
f 8029 8036 8033
f 8029 8032 8036
f 8030 8034 8035
f 8030 8035 8031
f 8033 8037 8038
f 8033 8038 8034
f 8036 8039 8040
f 8036 8035 8039
f 8033 8040 8037
f 8033 8036 8040
f 8034 8038 8039
f 8034 8039 8035
f 8037 8041 8042
f 8037 8042 8038
f 8040 8043 8044
f 8040 8039 8043
f 8037 8044 8041
f 8037 8040 8044
f 8038 8042 8043
f 8038 8043 8039
f 8041 8045 8046
f 8041 8046 8042
f 8044 8047 8048
f 8044 8043 8047
f 8041 8048 8045
f 8041 8044 8048
f 8042 8046 8047
f 8042 8047 8043
f 8045 8049 8050
f 8045 8050 8046
f 8048 8051 8052
f 8048 8047 8051
f 8045 8052 8049
f 8045 8048 8052
f 8046 8050 8051
f 8046 8051 8047
f 8049 8053 8054
f 8049 8054 8050
f 8052 8055 8056
f 8052 8051 8055
f 8049 8056 8053
f 8049 8052 8056
f 8050 8054 8055
f 8050 8055 8051
f 8053 8057 8058
f 8053 8058 8054
f 8056 8059 8060
f 8056 8055 8059
f 8053 8060 8057
f 8053 8056 8060
f 8054 8058 8059
f 8054 8059 8055
f 8057 7805 7808
f 8057 7808 8058
f 8060 7812 7809
f 8060 8059 7812
f 8057 7809 7805
f 8057 8060 7809
f 8058 7808 7812
f 8058 7812 8059
f 8061 8062 8063
f 8061 8063 8064
f 8065 8066 8067
f 8065 8068 8066
f 8061 8067 8062
f 8061 8065 8067
f 8064 8063 8066
f 8064 8066 8068
f 8062 8069 8070
f 8062 8070 8063
f 8067 8071 8072
f 8067 8066 8071
f 8062 8072 8069
f 8062 8067 8072
f 8063 8070 8071
f 8063 8071 8066
f 8069 8073 8074
f 8069 8074 8070
f 8072 8075 8076
f 8072 8071 8075
f 8069 8076 8073
f 8069 8072 8076
f 8070 8074 8075
f 8070 8075 8071
f 8073 8077 8078
f 8073 8078 8074
f 8076 8079 8080
f 8076 8075 8079
f 8073 8080 8077
f 8073 8076 8080
f 8074 8078 8079
f 8074 8079 8075
f 8077 8081 8082
f 8077 8082 8078
f 8080 8083 8084
f 8080 8079 8083
f 8077 8084 8081
f 8077 8080 8084
f 8078 8082 8083
f 8078 8083 8079
f 8081 8085 8086
f 8081 8086 8082
f 8084 8087 8088
f 8084 8083 8087
f 8081 8088 8085
f 8081 8084 8088
f 8082 8086 8087
f 8082 8087 8083
f 8085 8089 8090
f 8085 8090 8086
f 8088 8091 8092
f 8088 8087 8091
f 8085 8092 8089
f 8085 8088 8092
f 8086 8090 8091
f 8086 8091 8087
f 8089 8093 8094
f 8089 8094 8090
f 8092 8095 8096
f 8092 8091 8095
f 8089 8096 8093
f 8089 8092 8096
f 8090 8094 8095
f 8090 8095 8091
f 8093 8097 8098
f 8093 8098 8094
f 8096 8099 8100
f 8096 8095 8099
f 8093 8100 8097
f 8093 8096 8100
f 8094 8098 8099
f 8094 8099 8095
f 8097 8101 8102
f 8097 8102 8098
f 8100 8103 8104
f 8100 8099 8103
f 8097 8104 8101
f 8097 8100 8104
f 8098 8102 8103
f 8098 8103 8099
f 8101 8105 8106
f 8101 8106 8102
f 8104 8107 8108
f 8104 8103 8107
f 8101 8108 8105
f 8101 8104 8108
f 8102 8106 8107
f 8102 8107 8103
f 8105 8109 8110
f 8105 8110 8106
f 8108 8111 8112
f 8108 8107 8111
f 8105 8112 8109
f 8105 8108 8112
f 8106 8110 8111
f 8106 8111 8107
f 8109 8113 8114
f 8109 8114 8110
f 8112 8115 8116
f 8112 8111 8115
f 8109 8116 8113
f 8109 8112 8116
f 8110 8114 8115
f 8110 8115 8111
f 8113 8117 8118
f 8113 8118 8114
f 8116 8119 8120
f 8116 8115 8119
f 8113 8120 8117
f 8113 8116 8120
f 8114 8118 8119
f 8114 8119 8115
f 8117 8121 8122
f 8117 8122 8118
f 8120 8123 8124
f 8120 8119 8123
f 8117 8124 8121
f 8117 8120 8124
f 8118 8122 8123
f 8118 8123 8119
f 8121 8125 8126
f 8121 8126 8122
f 8124 8127 8128
f 8124 8123 8127
f 8121 8128 8125
f 8121 8124 8128
f 8122 8126 8127
f 8122 8127 8123
f 8125 8129 8130
f 8125 8130 8126
f 8128 8131 8132
f 8128 8127 8131
f 8125 8132 8129
f 8125 8128 8132
f 8126 8130 8131
f 8126 8131 8127
f 8129 8133 8134
f 8129 8134 8130
f 8132 8135 8136
f 8132 8131 8135
f 8129 8136 8133
f 8129 8132 8136
f 8130 8134 8135
f 8130 8135 8131
f 8133 8137 8138
f 8133 8138 8134
f 8136 8139 8140
f 8136 8135 8139
f 8133 8140 8137
f 8133 8136 8140
f 8134 8138 8139
f 8134 8139 8135
f 8137 8141 8142
f 8137 8142 8138
f 8140 8143 8144
f 8140 8139 8143
f 8137 8144 8141
f 8137 8140 8144
f 8138 8142 8143
f 8138 8143 8139
f 8141 8145 8146
f 8141 8146 8142
f 8144 8147 8148
f 8144 8143 8147
f 8141 8148 8145
f 8141 8144 8148
f 8142 8146 8147
f 8142 8147 8143
f 8145 8149 8150
f 8145 8150 8146
f 8148 8151 8152
f 8148 8147 8151
f 8145 8152 8149
f 8145 8148 8152
f 8146 8150 8151
f 8146 8151 8147
f 8149 8153 8154
f 8149 8154 8150
f 8152 8155 8156
f 8152 8151 8155
f 8149 8156 8153
f 8149 8152 8156
f 8150 8154 8155
f 8150 8155 8151
f 8153 8157 8158
f 8153 8158 8154
f 8156 8159 8160
f 8156 8155 8159
f 8153 8160 8157
f 8153 8156 8160
f 8154 8158 8159
f 8154 8159 8155
f 8157 8161 8162
f 8157 8162 8158
f 8160 8163 8164
f 8160 8159 8163
f 8157 8164 8161
f 8157 8160 8164
f 8158 8162 8163
f 8158 8163 8159
f 8161 8165 8166
f 8161 8166 8162
f 8164 8167 8168
f 8164 8163 8167
f 8161 8168 8165
f 8161 8164 8168
f 8162 8166 8167
f 8162 8167 8163
f 8165 8169 8170
f 8165 8170 8166
f 8168 8171 8172
f 8168 8167 8171
f 8165 8172 8169
f 8165 8168 8172
f 8166 8170 8171
f 8166 8171 8167
f 8169 8173 8174
f 8169 8174 8170
f 8172 8175 8176
f 8172 8171 8175
f 8169 8176 8173
f 8169 8172 8176
f 8170 8174 8175
f 8170 8175 8171
f 8173 8177 8178
f 8173 8178 8174
f 8176 8179 8180
f 8176 8175 8179
f 8173 8180 8177
f 8173 8176 8180
f 8174 8178 8179
f 8174 8179 8175
f 8177 8181 8182
f 8177 8182 8178
f 8180 8183 8184
f 8180 8179 8183
f 8177 8184 8181
f 8177 8180 8184
f 8178 8182 8183
f 8178 8183 8179
f 8181 8185 8186
f 8181 8186 8182
f 8184 8187 8188
f 8184 8183 8187
f 8181 8188 8185
f 8181 8184 8188
f 8182 8186 8187
f 8182 8187 8183
f 8185 8189 8190
f 8185 8190 8186
f 8188 8191 8192
f 8188 8187 8191
f 8185 8192 8189
f 8185 8188 8192
f 8186 8190 8191
f 8186 8191 8187
f 8189 8193 8194
f 8189 8194 8190
f 8192 8195 8196
f 8192 8191 8195
f 8189 8196 8193
f 8189 8192 8196
f 8190 8194 8195
f 8190 8195 8191
f 8193 8197 8198
f 8193 8198 8194
f 8196 8199 8200
f 8196 8195 8199
f 8193 8200 8197
f 8193 8196 8200
f 8194 8198 8199
f 8194 8199 8195
f 8197 8201 8202
f 8197 8202 8198
f 8200 8203 8204
f 8200 8199 8203
f 8197 8204 8201
f 8197 8200 8204
f 8198 8202 8203
f 8198 8203 8199
f 8201 8205 8206
f 8201 8206 8202
f 8204 8207 8208
f 8204 8203 8207
f 8201 8208 8205
f 8201 8204 8208
f 8202 8206 8207
f 8202 8207 8203
f 8205 8209 8210
f 8205 8210 8206
f 8208 8211 8212
f 8208 8207 8211
f 8205 8212 8209
f 8205 8208 8212
f 8206 8210 8211
f 8206 8211 8207
f 8209 8213 8214
f 8209 8214 8210
f 8212 8215 8216
f 8212 8211 8215
f 8209 8216 8213
f 8209 8212 8216
f 8210 8214 8215
f 8210 8215 8211
f 8213 8217 8218
f 8213 8218 8214
f 8216 8219 8220
f 8216 8215 8219
f 8213 8220 8217
f 8213 8216 8220
f 8214 8218 8219
f 8214 8219 8215
f 8217 8221 8222
f 8217 8222 8218
f 8220 8223 8224
f 8220 8219 8223
f 8217 8224 8221
f 8217 8220 8224
f 8218 8222 8223
f 8218 8223 8219
f 8221 8225 8226
f 8221 8226 8222
f 8224 8227 8228
f 8224 8223 8227
f 8221 8228 8225
f 8221 8224 8228
f 8222 8226 8227
f 8222 8227 8223
f 8225 8229 8230
f 8225 8230 8226
f 8228 8231 8232
f 8228 8227 8231
f 8225 8232 8229
f 8225 8228 8232
f 8226 8230 8231
f 8226 8231 8227
f 8229 8233 8234
f 8229 8234 8230
f 8232 8235 8236
f 8232 8231 8235
f 8229 8236 8233
f 8229 8232 8236
f 8230 8234 8235
f 8230 8235 8231
f 8233 8237 8238
f 8233 8238 8234
f 8236 8239 8240
f 8236 8235 8239
f 8233 8240 8237
f 8233 8236 8240
f 8234 8238 8239
f 8234 8239 8235
f 8237 8241 8242
f 8237 8242 8238
f 8240 8243 8244
f 8240 8239 8243
f 8237 8244 8241
f 8237 8240 8244
f 8238 8242 8243
f 8238 8243 8239
f 8241 8245 8246
f 8241 8246 8242
f 8244 8247 8248
f 8244 8243 8247
f 8241 8248 8245
f 8241 8244 8248
f 8242 8246 8247
f 8242 8247 8243
f 8245 8249 8250
f 8245 8250 8246
f 8248 8251 8252
f 8248 8247 8251
f 8245 8252 8249
f 8245 8248 8252
f 8246 8250 8251
f 8246 8251 8247
f 8249 8253 8254
f 8249 8254 8250
f 8252 8255 8256
f 8252 8251 8255
f 8249 8256 8253
f 8249 8252 8256
f 8250 8254 8255
f 8250 8255 8251
f 8253 8257 8258
f 8253 8258 8254
f 8256 8259 8260
f 8256 8255 8259
f 8253 8260 8257
f 8253 8256 8260
f 8254 8258 8259
f 8254 8259 8255
f 8257 8261 8262
f 8257 8262 8258
f 8260 8263 8264
f 8260 8259 8263
f 8257 8264 8261
f 8257 8260 8264
f 8258 8262 8263
f 8258 8263 8259
f 8261 8265 8266
f 8261 8266 8262
f 8264 8267 8268
f 8264 8263 8267
f 8261 8268 8265
f 8261 8264 8268
f 8262 8266 8267
f 8262 8267 8263
f 8265 8269 8270
f 8265 8270 8266
f 8268 8271 8272
f 8268 8267 8271
f 8265 8272 8269
f 8265 8268 8272
f 8266 8270 8271
f 8266 8271 8267
f 8269 8273 8274
f 8269 8274 8270
f 8272 8275 8276
f 8272 8271 8275
f 8269 8276 8273
f 8269 8272 8276
f 8270 8274 8275
f 8270 8275 8271
f 8273 8277 8278
f 8273 8278 8274
f 8276 8279 8280
f 8276 8275 8279
f 8273 8280 8277
f 8273 8276 8280
f 8274 8278 8279
f 8274 8279 8275
f 8277 8281 8282
f 8277 8282 8278
f 8280 8283 8284
f 8280 8279 8283
f 8277 8284 8281
f 8277 8280 8284
f 8278 8282 8283
f 8278 8283 8279
f 8281 8285 8286
f 8281 8286 8282
f 8284 8287 8288
f 8284 8283 8287
f 8281 8288 8285
f 8281 8284 8288
f 8282 8286 8287
f 8282 8287 8283
f 8285 8289 8290
f 8285 8290 8286
f 8288 8291 8292
f 8288 8287 8291
f 8285 8292 8289
f 8285 8288 8292
f 8286 8290 8291
f 8286 8291 8287
f 8289 8293 8294
f 8289 8294 8290
f 8292 8295 8296
f 8292 8291 8295
f 8289 8296 8293
f 8289 8292 8296
f 8290 8294 8295
f 8290 8295 8291
f 8293 8297 8298
f 8293 8298 8294
f 8296 8299 8300
f 8296 8295 8299
f 8293 8300 8297
f 8293 8296 8300
f 8294 8298 8299
f 8294 8299 8295
f 8297 8301 8302
f 8297 8302 8298
f 8300 8303 8304
f 8300 8299 8303
f 8297 8304 8301
f 8297 8300 8304
f 8298 8302 8303
f 8298 8303 8299
f 8301 8305 8306
f 8301 8306 8302
f 8304 8307 8308
f 8304 8303 8307
f 8301 8308 8305
f 8301 8304 8308
f 8302 8306 8307
f 8302 8307 8303
f 8305 8309 8310
f 8305 8310 8306
f 8308 8311 8312
f 8308 8307 8311
f 8305 8312 8309
f 8305 8308 8312
f 8306 8310 8311
f 8306 8311 8307
f 8309 8313 8314
f 8309 8314 8310
f 8312 8315 8316
f 8312 8311 8315
f 8309 8316 8313
f 8309 8312 8316
f 8310 8314 8315
f 8310 8315 8311
f 8313 8061 8064
f 8313 8064 8314
f 8316 8068 8065
f 8316 8315 8068
f 8313 8065 8061
f 8313 8316 8065
f 8314 8064 8068
f 8314 8068 8315
f 8317 8318 8319
f 8317 8319 8320
f 8321 8322 8323
f 8321 8324 8322
f 8317 8323 8318
f 8317 8321 8323
f 8320 8319 8322
f 8320 8322 8324
f 8318 8325 8326
f 8318 8326 8319
f 8323 8327 8328
f 8323 8322 8327
f 8318 8328 8325
f 8318 8323 8328
f 8319 8326 8327
f 8319 8327 8322
f 8325 8329 8330
f 8325 8330 8326
f 8328 8331 8332
f 8328 8327 8331
f 8325 8332 8329
f 8325 8328 8332
f 8326 8330 8331
f 8326 8331 8327
f 8329 8333 8334
f 8329 8334 8330
f 8332 8335 8336
f 8332 8331 8335
f 8329 8336 8333
f 8329 8332 8336
f 8330 8334 8335
f 8330 8335 8331
f 8333 8337 8338
f 8333 8338 8334
f 8336 8339 8340
f 8336 8335 8339
f 8333 8340 8337
f 8333 8336 8340
f 8334 8338 8339
f 8334 8339 8335
f 8337 8341 8342
f 8337 8342 8338
f 8340 8343 8344
f 8340 8339 8343
f 8337 8344 8341
f 8337 8340 8344
f 8338 8342 8343
f 8338 8343 8339
f 8341 8345 8346
f 8341 8346 8342
f 8344 8347 8348
f 8344 8343 8347
f 8341 8348 8345
f 8341 8344 8348
f 8342 8346 8347
f 8342 8347 8343
f 8345 8349 8350
f 8345 8350 8346
f 8348 8351 8352
f 8348 8347 8351
f 8345 8352 8349
f 8345 8348 8352
f 8346 8350 8351
f 8346 8351 8347
f 8349 8353 8354
f 8349 8354 8350
f 8352 8355 8356
f 8352 8351 8355
f 8349 8356 8353
f 8349 8352 8356
f 8350 8354 8355
f 8350 8355 8351
f 8353 8357 8358
f 8353 8358 8354
f 8356 8359 8360
f 8356 8355 8359
f 8353 8360 8357
f 8353 8356 8360
f 8354 8358 8359
f 8354 8359 8355
f 8357 8361 8362
f 8357 8362 8358
f 8360 8363 8364
f 8360 8359 8363
f 8357 8364 8361
f 8357 8360 8364
f 8358 8362 8363
f 8358 8363 8359
f 8361 8365 8366
f 8361 8366 8362
f 8364 8367 8368
f 8364 8363 8367
f 8361 8368 8365
f 8361 8364 8368
f 8362 8366 8367
f 8362 8367 8363
f 8365 8369 8370
f 8365 8370 8366
f 8368 8371 8372
f 8368 8367 8371
f 8365 8372 8369
f 8365 8368 8372
f 8366 8370 8371
f 8366 8371 8367
f 8369 8373 8374
f 8369 8374 8370
f 8372 8375 8376
f 8372 8371 8375
f 8369 8376 8373
f 8369 8372 8376
f 8370 8374 8375
f 8370 8375 8371
f 8373 8377 8378
f 8373 8378 8374
f 8376 8379 8380
f 8376 8375 8379
f 8373 8380 8377
f 8373 8376 8380
f 8374 8378 8379
f 8374 8379 8375
f 8377 8381 8382
f 8377 8382 8378
f 8380 8383 8384
f 8380 8379 8383
f 8377 8384 8381
f 8377 8380 8384
f 8378 8382 8383
f 8378 8383 8379
f 8381 8385 8386
f 8381 8386 8382
f 8384 8387 8388
f 8384 8383 8387
f 8381 8388 8385
f 8381 8384 8388
f 8382 8386 8387
f 8382 8387 8383
f 8385 8389 8390
f 8385 8390 8386
f 8388 8391 8392
f 8388 8387 8391
f 8385 8392 8389
f 8385 8388 8392
f 8386 8390 8391
f 8386 8391 8387
f 8389 8393 8394
f 8389 8394 8390
f 8392 8395 8396
f 8392 8391 8395
f 8389 8396 8393
f 8389 8392 8396
f 8390 8394 8395
f 8390 8395 8391
f 8393 8397 8398
f 8393 8398 8394
f 8396 8399 8400
f 8396 8395 8399
f 8393 8400 8397
f 8393 8396 8400
f 8394 8398 8399
f 8394 8399 8395
f 8397 8401 8402
f 8397 8402 8398
f 8400 8403 8404
f 8400 8399 8403
f 8397 8404 8401
f 8397 8400 8404
f 8398 8402 8403
f 8398 8403 8399
f 8401 8405 8406
f 8401 8406 8402
f 8404 8407 8408
f 8404 8403 8407
f 8401 8408 8405
f 8401 8404 8408
f 8402 8406 8407
f 8402 8407 8403
f 8405 8409 8410
f 8405 8410 8406
f 8408 8411 8412
f 8408 8407 8411
f 8405 8412 8409
f 8405 8408 8412
f 8406 8410 8411
f 8406 8411 8407
f 8409 8413 8414
f 8409 8414 8410
f 8412 8415 8416
f 8412 8411 8415
f 8409 8416 8413
f 8409 8412 8416
f 8410 8414 8415
f 8410 8415 8411
f 8413 8417 8418
f 8413 8418 8414
f 8416 8419 8420
f 8416 8415 8419
f 8413 8420 8417
f 8413 8416 8420
f 8414 8418 8419
f 8414 8419 8415
f 8417 8421 8422
f 8417 8422 8418
f 8420 8423 8424
f 8420 8419 8423
f 8417 8424 8421
f 8417 8420 8424
f 8418 8422 8423
f 8418 8423 8419
f 8421 8425 8426
f 8421 8426 8422
f 8424 8427 8428
f 8424 8423 8427
f 8421 8428 8425
f 8421 8424 8428
f 8422 8426 8427
f 8422 8427 8423
f 8425 8429 8430
f 8425 8430 8426
f 8428 8431 8432
f 8428 8427 8431
f 8425 8432 8429
f 8425 8428 8432
f 8426 8430 8431
f 8426 8431 8427
f 8429 8433 8434
f 8429 8434 8430
f 8432 8435 8436
f 8432 8431 8435
f 8429 8436 8433
f 8429 8432 8436
f 8430 8434 8435
f 8430 8435 8431
f 8433 8437 8438
f 8433 8438 8434
f 8436 8439 8440
f 8436 8435 8439
f 8433 8440 8437
f 8433 8436 8440
f 8434 8438 8439
f 8434 8439 8435
f 8437 8441 8442
f 8437 8442 8438
f 8440 8443 8444
f 8440 8439 8443
f 8437 8444 8441
f 8437 8440 8444
f 8438 8442 8443
f 8438 8443 8439
f 8441 8445 8446
f 8441 8446 8442
f 8444 8447 8448
f 8444 8443 8447
f 8441 8448 8445
f 8441 8444 8448
f 8442 8446 8447
f 8442 8447 8443
f 8445 8449 8450
f 8445 8450 8446
f 8448 8451 8452
f 8448 8447 8451
f 8445 8452 8449
f 8445 8448 8452
f 8446 8450 8451
f 8446 8451 8447
f 8449 8453 8454
f 8449 8454 8450
f 8452 8455 8456
f 8452 8451 8455
f 8449 8456 8453
f 8449 8452 8456
f 8450 8454 8455
f 8450 8455 8451
f 8453 8457 8458
f 8453 8458 8454
f 8456 8459 8460
f 8456 8455 8459
f 8453 8460 8457
f 8453 8456 8460
f 8454 8458 8459
f 8454 8459 8455
f 8457 8461 8462
f 8457 8462 8458
f 8460 8463 8464
f 8460 8459 8463
f 8457 8464 8461
f 8457 8460 8464
f 8458 8462 8463
f 8458 8463 8459
f 8461 8465 8466
f 8461 8466 8462
f 8464 8467 8468
f 8464 8463 8467
f 8461 8468 8465
f 8461 8464 8468
f 8462 8466 8467
f 8462 8467 8463
f 8465 8469 8470
f 8465 8470 8466
f 8468 8471 8472
f 8468 8467 8471
f 8465 8472 8469
f 8465 8468 8472
f 8466 8470 8471
f 8466 8471 8467
f 8469 8473 8474
f 8469 8474 8470
f 8472 8475 8476
f 8472 8471 8475
f 8469 8476 8473
f 8469 8472 8476
f 8470 8474 8475
f 8470 8475 8471
f 8473 8477 8478
f 8473 8478 8474
f 8476 8479 8480
f 8476 8475 8479
f 8473 8480 8477
f 8473 8476 8480
f 8474 8478 8479
f 8474 8479 8475
f 8477 8481 8482
f 8477 8482 8478
f 8480 8483 8484
f 8480 8479 8483
f 8477 8484 8481
f 8477 8480 8484
f 8478 8482 8483
f 8478 8483 8479
f 8481 8485 8486
f 8481 8486 8482
f 8484 8487 8488
f 8484 8483 8487
f 8481 8488 8485
f 8481 8484 8488
f 8482 8486 8487
f 8482 8487 8483
f 8485 8489 8490
f 8485 8490 8486
f 8488 8491 8492
f 8488 8487 8491
f 8485 8492 8489
f 8485 8488 8492
f 8486 8490 8491
f 8486 8491 8487
f 8489 8493 8494
f 8489 8494 8490
f 8492 8495 8496
f 8492 8491 8495
f 8489 8496 8493
f 8489 8492 8496
f 8490 8494 8495
f 8490 8495 8491
f 8493 8497 8498
f 8493 8498 8494
f 8496 8499 8500
f 8496 8495 8499
f 8493 8500 8497
f 8493 8496 8500
f 8494 8498 8499
f 8494 8499 8495
f 8497 8501 8502
f 8497 8502 8498
f 8500 8503 8504
f 8500 8499 8503
f 8497 8504 8501
f 8497 8500 8504
f 8498 8502 8503
f 8498 8503 8499
f 8501 8505 8506
f 8501 8506 8502
f 8504 8507 8508
f 8504 8503 8507
f 8501 8508 8505
f 8501 8504 8508
f 8502 8506 8507
f 8502 8507 8503
f 8505 8509 8510
f 8505 8510 8506
f 8508 8511 8512
f 8508 8507 8511
f 8505 8512 8509
f 8505 8508 8512
f 8506 8510 8511
f 8506 8511 8507
f 8509 8513 8514
f 8509 8514 8510
f 8512 8515 8516
f 8512 8511 8515
f 8509 8516 8513
f 8509 8512 8516
f 8510 8514 8515
f 8510 8515 8511
f 8513 8517 8518
f 8513 8518 8514
f 8516 8519 8520
f 8516 8515 8519
f 8513 8520 8517
f 8513 8516 8520
f 8514 8518 8519
f 8514 8519 8515
f 8517 8521 8522
f 8517 8522 8518
f 8520 8523 8524
f 8520 8519 8523
f 8517 8524 8521
f 8517 8520 8524
f 8518 8522 8523
f 8518 8523 8519
f 8521 8525 8526
f 8521 8526 8522
f 8524 8527 8528
f 8524 8523 8527
f 8521 8528 8525
f 8521 8524 8528
f 8522 8526 8527
f 8522 8527 8523
f 8525 8529 8530
f 8525 8530 8526
f 8528 8531 8532
f 8528 8527 8531
f 8525 8532 8529
f 8525 8528 8532
f 8526 8530 8531
f 8526 8531 8527
f 8529 8533 8534
f 8529 8534 8530
f 8532 8535 8536
f 8532 8531 8535
f 8529 8536 8533
f 8529 8532 8536
f 8530 8534 8535
f 8530 8535 8531
f 8533 8537 8538
f 8533 8538 8534
f 8536 8539 8540
f 8536 8535 8539
f 8533 8540 8537
f 8533 8536 8540
f 8534 8538 8539
f 8534 8539 8535
f 8537 8541 8542
f 8537 8542 8538
f 8540 8543 8544
f 8540 8539 8543
f 8537 8544 8541
f 8537 8540 8544
f 8538 8542 8543
f 8538 8543 8539
f 8541 8545 8546
f 8541 8546 8542
f 8544 8547 8548
f 8544 8543 8547
f 8541 8548 8545
f 8541 8544 8548
f 8542 8546 8547
f 8542 8547 8543
f 8545 8549 8550
f 8545 8550 8546
f 8548 8551 8552
f 8548 8547 8551
f 8545 8552 8549
f 8545 8548 8552
f 8546 8550 8551
f 8546 8551 8547
f 8549 8553 8554
f 8549 8554 8550
f 8552 8555 8556
f 8552 8551 8555
f 8549 8556 8553
f 8549 8552 8556
f 8550 8554 8555
f 8550 8555 8551
f 8553 8557 8558
f 8553 8558 8554
f 8556 8559 8560
f 8556 8555 8559
f 8553 8560 8557
f 8553 8556 8560
f 8554 8558 8559
f 8554 8559 8555
f 8557 8561 8562
f 8557 8562 8558
f 8560 8563 8564
f 8560 8559 8563
f 8557 8564 8561
f 8557 8560 8564
f 8558 8562 8563
f 8558 8563 8559
f 8561 8565 8566
f 8561 8566 8562
f 8564 8567 8568
f 8564 8563 8567
f 8561 8568 8565
f 8561 8564 8568
f 8562 8566 8567
f 8562 8567 8563
f 8565 8569 8570
f 8565 8570 8566
f 8568 8571 8572
f 8568 8567 8571
f 8565 8572 8569
f 8565 8568 8572
f 8566 8570 8571
f 8566 8571 8567
f 8569 8317 8320
f 8569 8320 8570
f 8572 8324 8321
f 8572 8571 8324
f 8569 8321 8317
f 8569 8572 8321
f 8570 8320 8324
f 8570 8324 8571
o Rear_left_rim
usemtl Aluminum
v 80.70000 -63.00000 16.00000
v 80.61386 -63.00000 17.53391
v 80.61386 -53.00000 17.53391
v 80.70000 -53.00000 16.00000
v 78.50000 -63.00000 16.00000
v 78.42769 -53.00000 17.28759
v 78.42769 -63.00000 17.28759
v 78.50000 -53.00000 16.00000
v 80.35651 -63.00000 19.04854
v 80.35651 -53.00000 19.04854
v 78.21167 -53.00000 18.55899
v 78.21167 -63.00000 18.55899
v 79.93120 -63.00000 20.52482
v 79.93120 -53.00000 20.52482
v 77.85466 -53.00000 19.79821
v 77.85466 -63.00000 19.79821
v 79.34327 -63.00000 21.94421
v 79.34327 -53.00000 21.94421
v 77.36114 -53.00000 20.98966
v 77.36114 -63.00000 20.98966
v 78.60012 -63.00000 23.28884
v 78.60012 -53.00000 23.28884
v 76.73733 -53.00000 22.11837
v 76.73733 -63.00000 22.11837
v 77.71109 -63.00000 24.54181
v 77.71109 -53.00000 24.54181
v 75.99106 -53.00000 23.17013
v 75.99106 -63.00000 23.17013
v 76.68736 -63.00000 25.68736
v 76.68736 -53.00000 25.68736
v 75.13173 -53.00000 24.13173
v 75.13173 -63.00000 24.13173
v 75.54181 -63.00000 26.71109
v 75.54181 -53.00000 26.71109
v 74.17013 -53.00000 24.99106
v 74.17013 -63.00000 24.99106
v 74.28884 -63.00000 27.60012
v 74.28884 -53.00000 27.60012
v 73.11837 -53.00000 25.73733
v 73.11837 -63.00000 25.73733
v 72.94421 -63.00000 28.34327
v 72.94421 -53.00000 28.34327
v 71.98966 -53.00000 26.36114
v 71.98966 -63.00000 26.36114
v 71.52482 -63.00000 28.93120
v 71.52482 -53.00000 28.93120
v 70.79821 -53.00000 26.85466
v 70.79821 -63.00000 26.85466
v 70.04854 -63.00000 29.35651
v 70.04854 -53.00000 29.35651
v 69.55899 -53.00000 27.21167
v 69.55899 -63.00000 27.21167
v 68.53391 -63.00000 29.61386
v 68.53391 -53.00000 29.61386
v 68.28759 -53.00000 27.42769
v 68.28759 -63.00000 27.42769
v 67.00000 -63.00000 29.70000
v 67.00000 -53.00000 29.70000
v 67.00000 -53.00000 27.50000
v 67.00000 -63.00000 27.50000
v 65.46609 -63.00000 29.61386
v 65.46609 -53.00000 29.61386
v 65.71241 -53.00000 27.42769
v 65.71241 -63.00000 27.42769
v 63.95146 -63.00000 29.35651
v 63.95146 -53.00000 29.35651
v 64.44101 -53.00000 27.21167
v 64.44101 -63.00000 27.21167
v 62.47518 -63.00000 28.93120
v 62.47518 -53.00000 28.93120
v 63.20179 -53.00000 26.85466
v 63.20179 -63.00000 26.85466
v 61.05579 -63.00000 28.34327
v 61.05579 -53.00000 28.34327
v 62.01034 -53.00000 26.36114
v 62.01034 -63.00000 26.36114
v 59.71116 -63.00000 27.60012
v 59.71116 -53.00000 27.60012
v 60.88163 -53.00000 25.73733
v 60.88163 -63.00000 25.73733
v 58.45819 -63.00000 26.71109
v 58.45819 -53.00000 26.71109
v 59.82987 -53.00000 24.99106
v 59.82987 -63.00000 24.99106
v 57.31264 -63.00000 25.68736
v 57.31264 -53.00000 25.68736
v 58.86827 -53.00000 24.13173
v 58.86827 -63.00000 24.13173
v 56.28891 -63.00000 24.54181
v 56.28891 -53.00000 24.54181
v 58.00894 -53.00000 23.17013
v 58.00894 -63.00000 23.17013
v 55.39988 -63.00000 23.28884
v 55.39988 -53.00000 23.28884
v 57.26267 -53.00000 22.11837
v 57.26267 -63.00000 22.11837
v 54.65673 -63.00000 21.94421
v 54.65673 -53.00000 21.94421
v 56.63886 -53.00000 20.98966
v 56.63886 -63.00000 20.98966
v 54.06880 -63.00000 20.52482
v 54.06880 -53.00000 20.52482
v 56.14534 -53.00000 19.79821
v 56.14534 -63.00000 19.79821
v 53.64349 -63.00000 19.04854
v 53.64349 -53.00000 19.04854
v 55.78833 -53.00000 18.55899
v 55.78833 -63.00000 18.55899
v 53.38614 -63.00000 17.53391
v 53.38614 -53.00000 17.53391
v 55.57231 -53.00000 17.28759
v 55.57231 -63.00000 17.28759
v 53.30000 -63.00000 16.00000
v 53.30000 -53.00000 16.00000
v 55.50000 -53.00000 16.00000
v 55.50000 -63.00000 16.00000
v 53.38614 -63.00000 14.46609
v 53.38614 -53.00000 14.46609
v 55.57231 -53.00000 14.71241
v 55.57231 -63.00000 14.71241
v 53.64349 -63.00000 12.95146
v 53.64349 -53.00000 12.95146
v 55.78833 -53.00000 13.44101
v 55.78833 -63.00000 13.44101
v 54.06880 -63.00000 11.47518
v 54.06880 -53.00000 11.47518
v 56.14534 -53.00000 12.20179
v 56.14534 -63.00000 12.20179
v 54.65673 -63.00000 10.05579
v 54.65673 -53.00000 10.05579
v 56.63886 -53.00000 11.01034
v 56.63886 -63.00000 11.01034
v 55.39988 -63.00000 8.71116
v 55.39988 -53.00000 8.71116
v 57.26267 -53.00000 9.88163
v 57.26267 -63.00000 9.88163
v 56.28891 -63.00000 7.45819
v 56.28891 -53.00000 7.45819
v 58.00894 -53.00000 8.82987
v 58.00894 -63.00000 8.82987
v 57.31264 -63.00000 6.31264
v 57.31264 -53.00000 6.31264
v 58.86827 -53.00000 7.86827
v 58.86827 -63.00000 7.86827
v 58.45819 -63.00000 5.28891
v 58.45819 -53.00000 5.28891
v 59.82987 -53.00000 7.00894
v 59.82987 -63.00000 7.00894
v 59.71116 -63.00000 4.39988
v 59.71116 -53.00000 4.39988
v 60.88163 -53.00000 6.26267
v 60.88163 -63.00000 6.26267
v 61.05579 -63.00000 3.65673
v 61.05579 -53.00000 3.65673
v 62.01034 -53.00000 5.63886
v 62.01034 -63.00000 5.63886
v 62.47518 -63.00000 3.06880
v 62.47518 -53.00000 3.06880
v 63.20179 -53.00000 5.14534
v 63.20179 -63.00000 5.14534
v 63.95146 -63.00000 2.64349
v 63.95146 -53.00000 2.64349
v 64.44101 -53.00000 4.78833
v 64.44101 -63.00000 4.78833
v 65.46609 -63.00000 2.38614
v 65.46609 -53.00000 2.38614
v 65.71241 -53.00000 4.57231
v 65.71241 -63.00000 4.57231
v 67.00000 -63.00000 2.30000
v 67.00000 -53.00000 2.30000
v 67.00000 -53.00000 4.50000
v 67.00000 -63.00000 4.50000
v 68.53391 -63.00000 2.38614
v 68.53391 -53.00000 2.38614
v 68.28759 -53.00000 4.57231
v 68.28759 -63.00000 4.57231
v 70.04854 -63.00000 2.64349
v 70.04854 -53.00000 2.64349
v 69.55899 -53.00000 4.78833
v 69.55899 -63.00000 4.78833
v 71.52482 -63.00000 3.06880
v 71.52482 -53.00000 3.06880
v 70.79821 -53.00000 5.14534
v 70.79821 -63.00000 5.14534
v 72.94421 -63.00000 3.65673
v 72.94421 -53.00000 3.65673
v 71.98966 -53.00000 5.63886
v 71.98966 -63.00000 5.63886
v 74.28884 -63.00000 4.39988
v 74.28884 -53.00000 4.39988
v 73.11837 -53.00000 6.26267
v 73.11837 -63.00000 6.26267
v 75.54181 -63.00000 5.28891
v 75.54181 -53.00000 5.28891
v 74.17013 -53.00000 7.00894
v 74.17013 -63.00000 7.00894
v 76.68736 -63.00000 6.31264
v 76.68736 -53.00000 6.31264
v 75.13173 -53.00000 7.86827
v 75.13173 -63.00000 7.86827
v 77.71109 -63.00000 7.45819
v 77.71109 -53.00000 7.45819
v 75.99106 -53.00000 8.82987
v 75.99106 -63.00000 8.82987
v 78.60012 -63.00000 8.71116
v 78.60012 -53.00000 8.71116
v 76.73733 -53.00000 9.88163
v 76.73733 -63.00000 9.88163
v 79.34327 -63.00000 10.05579
v 79.34327 -53.00000 10.05579
v 77.36114 -53.00000 11.01034
v 77.36114 -63.00000 11.01034
v 79.93120 -63.00000 11.47518
v 79.93120 -53.00000 11.47518
v 77.85466 -53.00000 12.20179
v 77.85466 -63.00000 12.20179
v 80.35651 -63.00000 12.95146
v 80.35651 -53.00000 12.95146
v 78.21167 -53.00000 13.44101
v 78.21167 -63.00000 13.44101
v 80.61386 -63.00000 14.46609
v 80.61386 -53.00000 14.46609
v 78.42769 -53.00000 14.71241
v 78.42769 -63.00000 14.71241
v 73.20000 -63.00000 16.00000
v 73.12367 -63.00000 16.96989
v 73.12367 -53.00000 16.96989
v 73.20000 -53.00000 16.00000
v 70.90000 -63.00000 16.00000
v 70.85198 -53.00000 16.61009
v 70.85198 -63.00000 16.61009
v 70.90000 -53.00000 16.00000
v 72.89655 -63.00000 17.91591
v 72.89655 -53.00000 17.91591
v 70.70912 -53.00000 17.20517
v 70.70912 -63.00000 17.20517
v 72.52424 -63.00000 18.81474
v 72.52424 -53.00000 18.81474
v 70.47493 -53.00000 17.77056
v 70.47493 -63.00000 17.77056
v 72.01591 -63.00000 19.64427
v 72.01591 -53.00000 19.64427
v 70.15517 -53.00000 18.29236
v 70.15517 -63.00000 18.29236
v 71.38406 -63.00000 20.38406
v 71.38406 -53.00000 20.38406
v 69.75772 -53.00000 18.75772
v 69.75772 -63.00000 18.75772
v 70.64427 -63.00000 21.01591
v 70.64427 -53.00000 21.01591
v 69.29236 -53.00000 19.15517
v 69.29236 -63.00000 19.15517
v 69.81474 -63.00000 21.52424
v 69.81474 -53.00000 21.52424
v 68.77056 -53.00000 19.47493
v 68.77056 -63.00000 19.47493
v 68.91591 -63.00000 21.89655
v 68.91591 -53.00000 21.89655
v 68.20517 -53.00000 19.70912
v 68.20517 -63.00000 19.70912
v 67.96989 -63.00000 22.12367
v 67.96989 -53.00000 22.12367
v 67.61009 -53.00000 19.85198
v 67.61009 -63.00000 19.85198
v 67.00000 -63.00000 22.20000
v 67.00000 -53.00000 22.20000
v 67.00000 -53.00000 19.90000
v 67.00000 -63.00000 19.90000
v 66.03011 -63.00000 22.12367
v 66.03011 -53.00000 22.12367
v 66.38991 -53.00000 19.85198
v 66.38991 -63.00000 19.85198
v 65.08409 -63.00000 21.89655
v 65.08409 -53.00000 21.89655
v 65.79483 -53.00000 19.70912
v 65.79483 -63.00000 19.70912
v 64.18526 -63.00000 21.52424
v 64.18526 -53.00000 21.52424
v 65.22944 -53.00000 19.47493
v 65.22944 -63.00000 19.47493
v 63.35573 -63.00000 21.01591
v 63.35573 -53.00000 21.01591
v 64.70764 -53.00000 19.15517
v 64.70764 -63.00000 19.15517
v 62.61594 -63.00000 20.38406
v 62.61594 -53.00000 20.38406
v 64.24228 -53.00000 18.75772
v 64.24228 -63.00000 18.75772
v 61.98409 -63.00000 19.64427
v 61.98409 -53.00000 19.64427
v 63.84483 -53.00000 18.29236
v 63.84483 -63.00000 18.29236
v 61.47576 -63.00000 18.81474
v 61.47576 -53.00000 18.81474
v 63.52507 -53.00000 17.77056
v 63.52507 -63.00000 17.77056
v 61.10345 -63.00000 17.91591
v 61.10345 -53.00000 17.91591
v 63.29088 -53.00000 17.20517
v 63.29088 -63.00000 17.20517
v 60.87633 -63.00000 16.96989
v 60.87633 -53.00000 16.96989
v 63.14802 -53.00000 16.61009
v 63.14802 -63.00000 16.61009
v 60.80000 -63.00000 16.00000
v 60.80000 -53.00000 16.00000
v 63.10000 -53.00000 16.00000
v 63.10000 -63.00000 16.00000
v 60.87633 -63.00000 15.03011
v 60.87633 -53.00000 15.03011
v 63.14802 -53.00000 15.38991
v 63.14802 -63.00000 15.38991
v 61.10345 -63.00000 14.08409
v 61.10345 -53.00000 14.08409
v 63.29088 -53.00000 14.79483
v 63.29088 -63.00000 14.79483
v 61.47576 -63.00000 13.18526
v 61.47576 -53.00000 13.18526
v 63.52507 -53.00000 14.22944
v 63.52507 -63.00000 14.22944
v 61.98409 -63.00000 12.35573
v 61.98409 -53.00000 12.35573
v 63.84483 -53.00000 13.70764
v 63.84483 -63.00000 13.70764
v 62.61594 -63.00000 11.61594
v 62.61594 -53.00000 11.61594
v 64.24228 -53.00000 13.24228
v 64.24228 -63.00000 13.24228
v 63.35573 -63.00000 10.98409
v 63.35573 -53.00000 10.98409
v 64.70764 -53.00000 12.84483
v 64.70764 -63.00000 12.84483
v 64.18526 -63.00000 10.47576
v 64.18526 -53.00000 10.47576
v 65.22944 -53.00000 12.52507
v 65.22944 -63.00000 12.52507
v 65.08409 -63.00000 10.10345
v 65.08409 -53.00000 10.10345
v 65.79483 -53.00000 12.29088
v 65.79483 -63.00000 12.29088
v 66.03011 -63.00000 9.87633
v 66.03011 -53.00000 9.87633
v 66.38991 -53.00000 12.14802
v 66.38991 -63.00000 12.14802
v 67.00000 -63.00000 9.80000
v 67.00000 -53.00000 9.80000
v 67.00000 -53.00000 12.10000
v 67.00000 -63.00000 12.10000
v 67.96989 -63.00000 9.87633
v 67.96989 -53.00000 9.87633
v 67.61009 -53.00000 12.14802
v 67.61009 -63.00000 12.14802
v 68.91591 -63.00000 10.10345
v 68.91591 -53.00000 10.10345
v 68.20517 -53.00000 12.29088
v 68.20517 -63.00000 12.29088
v 69.81474 -63.00000 10.47576
v 69.81474 -53.00000 10.47576
v 68.77056 -53.00000 12.52507
v 68.77056 -63.00000 12.52507
v 70.64427 -63.00000 10.98409
v 70.64427 -53.00000 10.98409
v 69.29236 -53.00000 12.84483
v 69.29236 -63.00000 12.84483
v 71.38406 -63.00000 11.61594
v 71.38406 -53.00000 11.61594
v 69.75772 -53.00000 13.24228
v 69.75772 -63.00000 13.24228
v 72.01591 -63.00000 12.35573
v 72.01591 -53.00000 12.35573
v 70.15517 -53.00000 13.70764
v 70.15517 -63.00000 13.70764
v 72.52424 -63.00000 13.18526
v 72.52424 -53.00000 13.18526
v 70.47493 -53.00000 14.22944
v 70.47493 -63.00000 14.22944
v 72.89655 -63.00000 14.08409
v 72.89655 -53.00000 14.08409
v 70.70912 -53.00000 14.79483
v 70.70912 -63.00000 14.79483
v 73.12367 -63.00000 15.03011
v 73.12367 -53.00000 15.03011
v 70.85198 -53.00000 15.38991
v 70.85198 -63.00000 15.38991
v 72.50000 -63.20000 16.00000
v 72.60677 -63.00902 15.42199
v 79.14632 -63.00902 16.62998
v 79.03955 -63.20000 17.20798
v 72.67276 -62.50902 15.06477
v 79.21231 -62.50902 16.27275
v 72.67276 -61.89098 15.06477
v 79.21231 -61.89098 16.27275
v 72.60677 -61.39098 15.42199
v 79.14632 -61.39098 16.62998
v 72.50000 -61.20000 16.00000
v 79.03955 -61.20000 17.20798
v 72.39323 -61.39098 16.57801
v 78.93278 -61.39098 17.78599
v 72.32724 -61.89098 16.93523
v 78.86679 -61.89098 18.14322
v 72.32724 -62.50902 16.93523
v 78.86679 -62.50902 18.14322
v 72.39323 -63.00902 16.57801
v 78.93278 -63.00902 17.78599
v 71.76314 -63.20000 18.75000
v 72.14461 -63.00902 18.30282
v 77.20403 -63.00902 22.61874
v 76.82256 -63.20000 23.06592
v 72.38037 -62.50902 18.02644
v 77.43979 -62.50902 22.34236
v 72.38037 -61.89098 18.02644
v 77.43979 -61.89098 22.34236
v 72.14461 -61.39098 18.30282
v 77.20403 -61.39098 22.61874
v 71.76314 -61.20000 18.75000
v 76.82256 -61.20000 23.06592
v 71.38167 -61.39098 19.19718
v 76.44110 -61.39098 23.51310
v 71.14591 -61.89098 19.47356
v 76.20534 -61.89098 23.78948
v 71.14591 -62.50902 19.47356
v 76.20534 -62.50902 23.78948
v 71.38167 -63.00902 19.19718
v 76.44110 -63.00902 23.51310
v 68.80756 -62.20000 21.09751
v 68.98755 -62.78779 21.03365
v 71.21118 -62.78779 27.30106
v 71.03119 -62.20000 27.36492
v 69.45877 -63.15106 20.86647
v 71.68240 -63.15106 27.13388
v 70.04123 -63.15106 20.65981
v 72.26486 -63.15106 26.92722
v 70.51245 -62.78779 20.49263
v 72.73608 -62.78779 26.76004
v 70.69244 -62.20000 20.42877
v 72.91607 -62.20000 26.69618
v 70.51245 -61.61221 20.49263
v 72.73608 -61.61221 26.76004
v 70.04123 -61.24894 20.65981
v 72.26486 -61.24894 26.92722
v 69.45877 -61.24894 20.86647
v 71.68240 -61.24894 27.13388
v 68.98755 -61.61221 21.03365
v 71.21118 -61.61221 27.30106
v 66.01664 -62.20000 21.31835
v 66.20444 -62.78779 21.35304
v 64.99646 -62.78779 27.89260
v 64.80865 -62.20000 27.85790
v 66.69612 -63.15106 21.44387
v 65.48814 -63.15106 27.98342
v 67.30388 -63.15106 21.55613
v 66.09589 -63.15106 28.09568
v 67.79556 -62.78779 21.64696
v 66.58757 -62.78779 28.18651
v 67.98336 -62.20000 21.68165
v 66.77538 -62.20000 28.22120
v 67.79556 -61.61221 21.64696
v 66.58757 -61.61221 28.18651
v 67.30388 -61.24894 21.55613
v 66.09589 -61.24894 28.09568
v 66.69612 -61.24894 21.44387
v 65.48814 -61.24894 27.98342
v 66.20444 -61.61221 21.35304
v 64.99646 -61.61221 27.89260
v 64.25000 -61.20000 20.76314
v 63.80282 -61.39098 20.38167
v 59.48690 -61.39098 25.44110
v 59.93408 -61.20000 25.82256
v 63.52644 -61.89098 20.14591
v 59.21052 -61.89098 25.20534
v 63.52644 -62.50902 20.14591
v 59.21052 -62.50902 25.20534
v 63.80282 -63.00902 20.38167
v 59.48690 -63.00902 25.44110
v 64.25000 -63.20000 20.76314
v 59.93408 -63.20000 25.82256
v 64.69718 -63.00902 21.14461
v 60.38126 -63.00902 26.20403
v 64.97356 -62.50902 21.38037
v 60.65764 -62.50902 26.43979
v 64.97356 -61.89098 21.38037
v 60.65764 -61.89098 26.43979
v 64.69718 -61.39098 21.14461
v 60.38126 -61.39098 26.20403
v 62.23686 -61.20000 18.75000
v 62.04032 -61.39098 18.19605
v 55.77291 -61.39098 20.41968
v 55.96945 -61.20000 20.97363
v 61.91885 -61.89098 17.85368
v 55.65145 -61.89098 20.07731
v 61.91885 -62.50902 17.85368
v 55.65145 -62.50902 20.07731
v 62.04032 -63.00902 18.19605
v 55.77291 -63.00902 20.41968
v 62.23686 -63.20000 18.75000
v 55.96945 -63.20000 20.97363
v 62.43340 -63.00902 19.30395
v 56.16599 -63.00902 21.52758
v 62.55487 -62.50902 19.64632
v 56.28746 -62.50902 21.86995
v 62.55487 -61.89098 19.64632
v 56.28746 -61.89098 21.86995
v 62.43340 -61.39098 19.30395
v 56.16599 -61.39098 21.52758
v 61.50000 -61.20000 16.00000
v 61.60677 -61.39098 15.42199
v 55.06722 -61.39098 14.21401
v 54.96045 -61.20000 14.79202
v 61.67276 -61.89098 15.06477
v 55.13321 -61.89098 13.85678
v 61.67276 -62.50902 15.06477
v 55.13321 -62.50902 13.85678
v 61.60677 -63.00902 15.42199
v 55.06722 -63.00902 14.21401
v 61.50000 -63.20000 16.00000
v 54.96045 -63.20000 14.79202
v 61.39323 -63.00902 16.57801
v 54.85368 -63.00902 15.37002
v 61.32724 -62.50902 16.93523
v 54.78769 -62.50902 15.72725
v 61.32724 -61.89098 16.93523
v 54.78769 -61.89098 15.72725
v 61.39323 -61.39098 16.57801
v 54.85368 -61.39098 15.37002
v 62.23686 -61.20000 13.25000
v 62.61833 -61.39098 12.80282
v 57.55890 -61.39098 8.48690
v 57.17744 -61.20000 8.93408
v 62.85409 -61.89098 12.52644
v 57.79466 -61.89098 8.21052
v 62.85409 -62.50902 12.52644
v 57.79466 -62.50902 8.21052
v 62.61833 -63.00902 12.80282
v 57.55890 -63.00902 8.48690
v 62.23686 -63.20000 13.25000
v 57.17744 -63.20000 8.93408
v 61.85539 -63.00902 13.69718
v 56.79597 -63.00902 9.38126
v 61.61963 -62.50902 13.97356
v 56.56021 -62.50902 9.65764
v 61.61963 -61.89098 13.97356
v 56.56021 -61.89098 9.65764
v 61.85539 -61.39098 13.69718
v 56.79597 -61.39098 9.38126
v 65.19244 -62.20000 10.90249
v 65.01245 -62.78779 10.96635
v 62.78882 -62.78779 4.69894
v 62.96881 -62.20000 4.63508
v 64.54123 -63.15106 11.13353
v 62.31760 -63.15106 4.86612
v 63.95877 -63.15106 11.34019
v 61.73514 -63.15106 5.07278
v 63.48755 -62.78779 11.50737
v 61.26392 -62.78779 5.23996
v 63.30756 -62.20000 11.57123
v 61.08393 -62.20000 5.30382
v 63.48755 -61.61221 11.50737
v 61.26392 -61.61221 5.23996
v 63.95877 -61.24894 11.34019
v 61.73514 -61.24894 5.07278
v 64.54123 -61.24894 11.13353
v 62.31760 -61.24894 4.86612
v 65.01245 -61.61221 10.96635
v 62.78882 -61.61221 4.69894
v 67.98336 -62.20000 10.68165
v 67.79556 -62.78779 10.64696
v 69.00354 -62.78779 4.10740
v 69.19135 -62.20000 4.14210
v 67.30388 -63.15106 10.55613
v 68.51186 -63.15106 4.01658
v 66.69612 -63.15106 10.44387
v 67.90411 -63.15106 3.90432
v 66.20444 -62.78779 10.35304
v 67.41243 -62.78779 3.81349
v 66.01664 -62.20000 10.31835
v 67.22462 -62.20000 3.77880
v 66.20444 -61.61221 10.35304
v 67.41243 -61.61221 3.81349
v 66.69612 -61.24894 10.44387
v 67.90411 -61.24894 3.90432
v 67.30388 -61.24894 10.55613
v 68.51186 -61.24894 4.01658
v 67.79556 -61.61221 10.64696
v 69.00354 -61.61221 4.10740
v 69.75000 -63.20000 11.23686
v 69.30282 -63.00902 10.85539
v 73.61874 -63.00902 5.79597
v 74.06592 -63.20000 6.17744
v 69.02644 -62.50902 10.61963
v 73.34236 -62.50902 5.56021
v 69.02644 -61.89098 10.61963
v 73.34236 -61.89098 5.56021
v 69.30282 -61.39098 10.85539
v 73.61874 -61.39098 5.79597
v 69.75000 -61.20000 11.23686
v 74.06592 -61.20000 6.17744
v 70.19718 -61.39098 11.61833
v 74.51310 -61.39098 6.55890
v 70.47356 -61.89098 11.85409
v 74.78948 -61.89098 6.79466
v 70.47356 -62.50902 11.85409
v 74.78948 -62.50902 6.79466
v 70.19718 -63.00902 11.61833
v 74.51310 -63.00902 6.55890
v 71.76314 -63.20000 13.25000
v 71.56660 -63.00902 12.69605
v 77.83401 -63.00902 10.47242
v 78.03055 -63.20000 11.02637
v 71.44513 -62.50902 12.35368
v 77.71254 -62.50902 10.13005
v 71.44513 -61.89098 12.35368
v 77.71254 -61.89098 10.13005
v 71.56660 -61.39098 12.69605
v 77.83401 -61.39098 10.47242
v 71.76314 -61.20000 13.25000
v 78.03055 -61.20000 11.02637
v 71.95968 -61.39098 13.80395
v 78.22709 -61.39098 11.58032
v 72.08115 -61.89098 14.14632
v 78.34855 -61.89098 11.92269
v 72.08115 -62.50902 14.14632
v 78.34855 -62.50902 11.92269
v 71.95968 -63.00902 13.80395
v 78.22709 -63.00902 11.58032
f 8573 8574 8575
f 8573 8575 8576
f 8577 8578 8579
f 8577 8580 8578
f 8573 8579 8574
f 8573 8577 8579
f 8576 8575 8578
f 8576 8578 8580
f 8574 8581 8582
f 8574 8582 8575
f 8579 8583 8584
f 8579 8578 8583
f 8574 8584 8581
f 8574 8579 8584
f 8575 8582 8583
f 8575 8583 8578
f 8581 8585 8586
f 8581 8586 8582
f 8584 8587 8588
f 8584 8583 8587
f 8581 8588 8585
f 8581 8584 8588
f 8582 8586 8587
f 8582 8587 8583
f 8585 8589 8590
f 8585 8590 8586
f 8588 8591 8592
f 8588 8587 8591
f 8585 8592 8589
f 8585 8588 8592
f 8586 8590 8591
f 8586 8591 8587
f 8589 8593 8594
f 8589 8594 8590
f 8592 8595 8596
f 8592 8591 8595
f 8589 8596 8593
f 8589 8592 8596
f 8590 8594 8595
f 8590 8595 8591
f 8593 8597 8598
f 8593 8598 8594
f 8596 8599 8600
f 8596 8595 8599
f 8593 8600 8597
f 8593 8596 8600
f 8594 8598 8599
f 8594 8599 8595
f 8597 8601 8602
f 8597 8602 8598
f 8600 8603 8604
f 8600 8599 8603
f 8597 8604 8601
f 8597 8600 8604
f 8598 8602 8603
f 8598 8603 8599
f 8601 8605 8606
f 8601 8606 8602
f 8604 8607 8608
f 8604 8603 8607
f 8601 8608 8605
f 8601 8604 8608
f 8602 8606 8607
f 8602 8607 8603
f 8605 8609 8610
f 8605 8610 8606
f 8608 8611 8612
f 8608 8607 8611
f 8605 8612 8609
f 8605 8608 8612
f 8606 8610 8611
f 8606 8611 8607
f 8609 8613 8614
f 8609 8614 8610
f 8612 8615 8616
f 8612 8611 8615
f 8609 8616 8613
f 8609 8612 8616
f 8610 8614 8615
f 8610 8615 8611
f 8613 8617 8618
f 8613 8618 8614
f 8616 8619 8620
f 8616 8615 8619
f 8613 8620 8617
f 8613 8616 8620
f 8614 8618 8619
f 8614 8619 8615
f 8617 8621 8622
f 8617 8622 8618
f 8620 8623 8624
f 8620 8619 8623
f 8617 8624 8621
f 8617 8620 8624
f 8618 8622 8623
f 8618 8623 8619
f 8621 8625 8626
f 8621 8626 8622
f 8624 8627 8628
f 8624 8623 8627
f 8621 8628 8625
f 8621 8624 8628
f 8622 8626 8627
f 8622 8627 8623
f 8625 8629 8630
f 8625 8630 8626
f 8628 8631 8632
f 8628 8627 8631
f 8625 8632 8629
f 8625 8628 8632
f 8626 8630 8631
f 8626 8631 8627
f 8629 8633 8634
f 8629 8634 8630
f 8632 8635 8636
f 8632 8631 8635
f 8629 8636 8633
f 8629 8632 8636
f 8630 8634 8635
f 8630 8635 8631
f 8633 8637 8638
f 8633 8638 8634
f 8636 8639 8640
f 8636 8635 8639
f 8633 8640 8637
f 8633 8636 8640
f 8634 8638 8639
f 8634 8639 8635
f 8637 8641 8642
f 8637 8642 8638
f 8640 8643 8644
f 8640 8639 8643
f 8637 8644 8641
f 8637 8640 8644
f 8638 8642 8643
f 8638 8643 8639
f 8641 8645 8646
f 8641 8646 8642
f 8644 8647 8648
f 8644 8643 8647
f 8641 8648 8645
f 8641 8644 8648
f 8642 8646 8647
f 8642 8647 8643
f 8645 8649 8650
f 8645 8650 8646
f 8648 8651 8652
f 8648 8647 8651
f 8645 8652 8649
f 8645 8648 8652
f 8646 8650 8651
f 8646 8651 8647
f 8649 8653 8654
f 8649 8654 8650
f 8652 8655 8656
f 8652 8651 8655
f 8649 8656 8653
f 8649 8652 8656
f 8650 8654 8655
f 8650 8655 8651
f 8653 8657 8658
f 8653 8658 8654
f 8656 8659 8660
f 8656 8655 8659
f 8653 8660 8657
f 8653 8656 8660
f 8654 8658 8659
f 8654 8659 8655
f 8657 8661 8662
f 8657 8662 8658
f 8660 8663 8664
f 8660 8659 8663
f 8657 8664 8661
f 8657 8660 8664
f 8658 8662 8663
f 8658 8663 8659
f 8661 8665 8666
f 8661 8666 8662
f 8664 8667 8668
f 8664 8663 8667
f 8661 8668 8665
f 8661 8664 8668
f 8662 8666 8667
f 8662 8667 8663
f 8665 8669 8670
f 8665 8670 8666
f 8668 8671 8672
f 8668 8667 8671
f 8665 8672 8669
f 8665 8668 8672
f 8666 8670 8671
f 8666 8671 8667
f 8669 8673 8674
f 8669 8674 8670
f 8672 8675 8676
f 8672 8671 8675
f 8669 8676 8673
f 8669 8672 8676
f 8670 8674 8675
f 8670 8675 8671
f 8673 8677 8678
f 8673 8678 8674
f 8676 8679 8680
f 8676 8675 8679
f 8673 8680 8677
f 8673 8676 8680
f 8674 8678 8679
f 8674 8679 8675
f 8677 8681 8682
f 8677 8682 8678
f 8680 8683 8684
f 8680 8679 8683
f 8677 8684 8681
f 8677 8680 8684
f 8678 8682 8683
f 8678 8683 8679
f 8681 8685 8686
f 8681 8686 8682
f 8684 8687 8688
f 8684 8683 8687
f 8681 8688 8685
f 8681 8684 8688
f 8682 8686 8687
f 8682 8687 8683
f 8685 8689 8690
f 8685 8690 8686
f 8688 8691 8692
f 8688 8687 8691
f 8685 8692 8689
f 8685 8688 8692
f 8686 8690 8691
f 8686 8691 8687
f 8689 8693 8694
f 8689 8694 8690
f 8692 8695 8696
f 8692 8691 8695
f 8689 8696 8693
f 8689 8692 8696
f 8690 8694 8695
f 8690 8695 8691
f 8693 8697 8698
f 8693 8698 8694
f 8696 8699 8700
f 8696 8695 8699
f 8693 8700 8697
f 8693 8696 8700
f 8694 8698 8699
f 8694 8699 8695
f 8697 8701 8702
f 8697 8702 8698
f 8700 8703 8704
f 8700 8699 8703
f 8697 8704 8701
f 8697 8700 8704
f 8698 8702 8703
f 8698 8703 8699
f 8701 8705 8706
f 8701 8706 8702
f 8704 8707 8708
f 8704 8703 8707
f 8701 8708 8705
f 8701 8704 8708
f 8702 8706 8707
f 8702 8707 8703
f 8705 8709 8710
f 8705 8710 8706
f 8708 8711 8712
f 8708 8707 8711
f 8705 8712 8709
f 8705 8708 8712
f 8706 8710 8711
f 8706 8711 8707
f 8709 8713 8714
f 8709 8714 8710
f 8712 8715 8716
f 8712 8711 8715
f 8709 8716 8713
f 8709 8712 8716
f 8710 8714 8715
f 8710 8715 8711
f 8713 8717 8718
f 8713 8718 8714
f 8716 8719 8720
f 8716 8715 8719
f 8713 8720 8717
f 8713 8716 8720
f 8714 8718 8719
f 8714 8719 8715
f 8717 8721 8722
f 8717 8722 8718
f 8720 8723 8724
f 8720 8719 8723
f 8717 8724 8721
f 8717 8720 8724
f 8718 8722 8723
f 8718 8723 8719
f 8721 8725 8726
f 8721 8726 8722
f 8724 8727 8728
f 8724 8723 8727
f 8721 8728 8725
f 8721 8724 8728
f 8722 8726 8727
f 8722 8727 8723
f 8725 8729 8730
f 8725 8730 8726
f 8728 8731 8732
f 8728 8727 8731
f 8725 8732 8729
f 8725 8728 8732
f 8726 8730 8731
f 8726 8731 8727
f 8729 8733 8734
f 8729 8734 8730
f 8732 8735 8736
f 8732 8731 8735
f 8729 8736 8733
f 8729 8732 8736
f 8730 8734 8735
f 8730 8735 8731
f 8733 8737 8738
f 8733 8738 8734
f 8736 8739 8740
f 8736 8735 8739
f 8733 8740 8737
f 8733 8736 8740
f 8734 8738 8739
f 8734 8739 8735
f 8737 8741 8742
f 8737 8742 8738
f 8740 8743 8744
f 8740 8739 8743
f 8737 8744 8741
f 8737 8740 8744
f 8738 8742 8743
f 8738 8743 8739
f 8741 8745 8746
f 8741 8746 8742
f 8744 8747 8748
f 8744 8743 8747
f 8741 8748 8745
f 8741 8744 8748
f 8742 8746 8747
f 8742 8747 8743
f 8745 8749 8750
f 8745 8750 8746
f 8748 8751 8752
f 8748 8747 8751
f 8745 8752 8749
f 8745 8748 8752
f 8746 8750 8751
f 8746 8751 8747
f 8749 8753 8754
f 8749 8754 8750
f 8752 8755 8756
f 8752 8751 8755
f 8749 8756 8753
f 8749 8752 8756
f 8750 8754 8755
f 8750 8755 8751
f 8753 8757 8758
f 8753 8758 8754
f 8756 8759 8760
f 8756 8755 8759
f 8753 8760 8757
f 8753 8756 8760
f 8754 8758 8759
f 8754 8759 8755
f 8757 8761 8762
f 8757 8762 8758
f 8760 8763 8764
f 8760 8759 8763
f 8757 8764 8761
f 8757 8760 8764
f 8758 8762 8763
f 8758 8763 8759
f 8761 8765 8766
f 8761 8766 8762
f 8764 8767 8768
f 8764 8763 8767
f 8761 8768 8765
f 8761 8764 8768
f 8762 8766 8767
f 8762 8767 8763
f 8765 8769 8770
f 8765 8770 8766
f 8768 8771 8772
f 8768 8767 8771
f 8765 8772 8769
f 8765 8768 8772
f 8766 8770 8771
f 8766 8771 8767
f 8769 8773 8774
f 8769 8774 8770
f 8772 8775 8776
f 8772 8771 8775
f 8769 8776 8773
f 8769 8772 8776
f 8770 8774 8775
f 8770 8775 8771
f 8773 8777 8778
f 8773 8778 8774
f 8776 8779 8780
f 8776 8775 8779
f 8773 8780 8777
f 8773 8776 8780
f 8774 8778 8779
f 8774 8779 8775
f 8777 8781 8782
f 8777 8782 8778
f 8780 8783 8784
f 8780 8779 8783
f 8777 8784 8781
f 8777 8780 8784
f 8778 8782 8783
f 8778 8783 8779
f 8781 8785 8786
f 8781 8786 8782
f 8784 8787 8788
f 8784 8783 8787
f 8781 8788 8785
f 8781 8784 8788
f 8782 8786 8787
f 8782 8787 8783
f 8785 8789 8790
f 8785 8790 8786
f 8788 8791 8792
f 8788 8787 8791
f 8785 8792 8789
f 8785 8788 8792
f 8786 8790 8791
f 8786 8791 8787
f 8789 8793 8794
f 8789 8794 8790
f 8792 8795 8796
f 8792 8791 8795
f 8789 8796 8793
f 8789 8792 8796
f 8790 8794 8795
f 8790 8795 8791
f 8793 8573 8576
f 8793 8576 8794
f 8796 8580 8577
f 8796 8795 8580
f 8793 8577 8573
f 8793 8796 8577
f 8794 8576 8580
f 8794 8580 8795
f 8797 8798 8799
f 8797 8799 8800
f 8801 8802 8803
f 8801 8804 8802
f 8797 8803 8798
f 8797 8801 8803
f 8800 8799 8802
f 8800 8802 8804
f 8798 8805 8806
f 8798 8806 8799
f 8803 8807 8808
f 8803 8802 8807
f 8798 8808 8805
f 8798 8803 8808
f 8799 8806 8807
f 8799 8807 8802
f 8805 8809 8810
f 8805 8810 8806
f 8808 8811 8812
f 8808 8807 8811
f 8805 8812 8809
f 8805 8808 8812
f 8806 8810 8811
f 8806 8811 8807
f 8809 8813 8814
f 8809 8814 8810
f 8812 8815 8816
f 8812 8811 8815
f 8809 8816 8813
f 8809 8812 8816
f 8810 8814 8815
f 8810 8815 8811
f 8813 8817 8818
f 8813 8818 8814
f 8816 8819 8820
f 8816 8815 8819
f 8813 8820 8817
f 8813 8816 8820
f 8814 8818 8819
f 8814 8819 8815
f 8817 8821 8822
f 8817 8822 8818
f 8820 8823 8824
f 8820 8819 8823
f 8817 8824 8821
f 8817 8820 8824
f 8818 8822 8823
f 8818 8823 8819
f 8821 8825 8826
f 8821 8826 8822
f 8824 8827 8828
f 8824 8823 8827
f 8821 8828 8825
f 8821 8824 8828
f 8822 8826 8827
f 8822 8827 8823
f 8825 8829 8830
f 8825 8830 8826
f 8828 8831 8832
f 8828 8827 8831
f 8825 8832 8829
f 8825 8828 8832
f 8826 8830 8831
f 8826 8831 8827
f 8829 8833 8834
f 8829 8834 8830
f 8832 8835 8836
f 8832 8831 8835
f 8829 8836 8833
f 8829 8832 8836
f 8830 8834 8835
f 8830 8835 8831
f 8833 8837 8838
f 8833 8838 8834
f 8836 8839 8840
f 8836 8835 8839
f 8833 8840 8837
f 8833 8836 8840
f 8834 8838 8839
f 8834 8839 8835
f 8837 8841 8842
f 8837 8842 8838
f 8840 8843 8844
f 8840 8839 8843
f 8837 8844 8841
f 8837 8840 8844
f 8838 8842 8843
f 8838 8843 8839
f 8841 8845 8846
f 8841 8846 8842
f 8844 8847 8848
f 8844 8843 8847
f 8841 8848 8845
f 8841 8844 8848
f 8842 8846 8847
f 8842 8847 8843
f 8845 8849 8850
f 8845 8850 8846
f 8848 8851 8852
f 8848 8847 8851
f 8845 8852 8849
f 8845 8848 8852
f 8846 8850 8851
f 8846 8851 8847
f 8849 8853 8854
f 8849 8854 8850
f 8852 8855 8856
f 8852 8851 8855
f 8849 8856 8853
f 8849 8852 8856
f 8850 8854 8855
f 8850 8855 8851
f 8853 8857 8858
f 8853 8858 8854
f 8856 8859 8860
f 8856 8855 8859
f 8853 8860 8857
f 8853 8856 8860
f 8854 8858 8859
f 8854 8859 8855
f 8857 8861 8862
f 8857 8862 8858
f 8860 8863 8864
f 8860 8859 8863
f 8857 8864 8861
f 8857 8860 8864
f 8858 8862 8863
f 8858 8863 8859
f 8861 8865 8866
f 8861 8866 8862
f 8864 8867 8868
f 8864 8863 8867
f 8861 8868 8865
f 8861 8864 8868
f 8862 8866 8867
f 8862 8867 8863
f 8865 8869 8870
f 8865 8870 8866
f 8868 8871 8872
f 8868 8867 8871
f 8865 8872 8869
f 8865 8868 8872
f 8866 8870 8871
f 8866 8871 8867
f 8869 8873 8874
f 8869 8874 8870
f 8872 8875 8876
f 8872 8871 8875
f 8869 8876 8873
f 8869 8872 8876
f 8870 8874 8875
f 8870 8875 8871
f 8873 8877 8878
f 8873 8878 8874
f 8876 8879 8880
f 8876 8875 8879
f 8873 8880 8877
f 8873 8876 8880
f 8874 8878 8879
f 8874 8879 8875
f 8877 8881 8882
f 8877 8882 8878
f 8880 8883 8884
f 8880 8879 8883
f 8877 8884 8881
f 8877 8880 8884
f 8878 8882 8883
f 8878 8883 8879
f 8881 8885 8886
f 8881 8886 8882
f 8884 8887 8888
f 8884 8883 8887
f 8881 8888 8885
f 8881 8884 8888
f 8882 8886 8887
f 8882 8887 8883
f 8885 8889 8890
f 8885 8890 8886
f 8888 8891 8892
f 8888 8887 8891
f 8885 8892 8889
f 8885 8888 8892
f 8886 8890 8891
f 8886 8891 8887
f 8889 8893 8894
f 8889 8894 8890
f 8892 8895 8896
f 8892 8891 8895
f 8889 8896 8893
f 8889 8892 8896
f 8890 8894 8895
f 8890 8895 8891
f 8893 8897 8898
f 8893 8898 8894
f 8896 8899 8900
f 8896 8895 8899
f 8893 8900 8897
f 8893 8896 8900
f 8894 8898 8899
f 8894 8899 8895
f 8897 8901 8902
f 8897 8902 8898
f 8900 8903 8904
f 8900 8899 8903
f 8897 8904 8901
f 8897 8900 8904
f 8898 8902 8903
f 8898 8903 8899
f 8901 8905 8906
f 8901 8906 8902
f 8904 8907 8908
f 8904 8903 8907
f 8901 8908 8905
f 8901 8904 8908
f 8902 8906 8907
f 8902 8907 8903
f 8905 8909 8910
f 8905 8910 8906
f 8908 8911 8912
f 8908 8907 8911
f 8905 8912 8909
f 8905 8908 8912
f 8906 8910 8911
f 8906 8911 8907
f 8909 8913 8914
f 8909 8914 8910
f 8912 8915 8916
f 8912 8911 8915
f 8909 8916 8913
f 8909 8912 8916
f 8910 8914 8915
f 8910 8915 8911
f 8913 8917 8918
f 8913 8918 8914
f 8916 8919 8920
f 8916 8915 8919
f 8913 8920 8917
f 8913 8916 8920
f 8914 8918 8919
f 8914 8919 8915
f 8917 8921 8922
f 8917 8922 8918
f 8920 8923 8924
f 8920 8919 8923
f 8917 8924 8921
f 8917 8920 8924
f 8918 8922 8923
f 8918 8923 8919
f 8921 8925 8926
f 8921 8926 8922
f 8924 8927 8928
f 8924 8923 8927
f 8921 8928 8925
f 8921 8924 8928
f 8922 8926 8927
f 8922 8927 8923
f 8925 8929 8930
f 8925 8930 8926
f 8928 8931 8932
f 8928 8927 8931
f 8925 8932 8929
f 8925 8928 8932
f 8926 8930 8931
f 8926 8931 8927
f 8929 8933 8934
f 8929 8934 8930
f 8932 8935 8936
f 8932 8931 8935
f 8929 8936 8933
f 8929 8932 8936
f 8930 8934 8935
f 8930 8935 8931
f 8933 8937 8938
f 8933 8938 8934
f 8936 8939 8940
f 8936 8935 8939
f 8933 8940 8937
f 8933 8936 8940
f 8934 8938 8939
f 8934 8939 8935
f 8937 8941 8942
f 8937 8942 8938
f 8940 8943 8944
f 8940 8939 8943
f 8937 8944 8941
f 8937 8940 8944
f 8938 8942 8943
f 8938 8943 8939
f 8941 8945 8946
f 8941 8946 8942
f 8944 8947 8948
f 8944 8943 8947
f 8941 8948 8945
f 8941 8944 8948
f 8942 8946 8947
f 8942 8947 8943
f 8945 8949 8950
f 8945 8950 8946
f 8948 8951 8952
f 8948 8947 8951
f 8945 8952 8949
f 8945 8948 8952
f 8946 8950 8951
f 8946 8951 8947
f 8949 8953 8954
f 8949 8954 8950
f 8952 8955 8956
f 8952 8951 8955
f 8949 8956 8953
f 8949 8952 8956
f 8950 8954 8955
f 8950 8955 8951
f 8953 8797 8800
f 8953 8800 8954
f 8956 8804 8801
f 8956 8955 8804
f 8953 8801 8797
f 8953 8956 8801
f 8954 8800 8804
f 8954 8804 8955
f 8957 8958 8959
f 8957 8959 8960
f 8958 8961 8962
f 8958 8962 8959
f 8961 8963 8964
f 8961 8964 8962
f 8963 8965 8966
f 8963 8966 8964
f 8965 8967 8968
f 8965 8968 8966
f 8967 8969 8970
f 8967 8970 8968
f 8969 8971 8972
f 8969 8972 8970
f 8971 8973 8974
f 8971 8974 8972
f 8973 8975 8976
f 8973 8976 8974
f 8975 8957 8960
f 8975 8960 8976
f 8977 8978 8979
f 8977 8979 8980
f 8978 8981 8982
f 8978 8982 8979
f 8981 8983 8984
f 8981 8984 8982
f 8983 8985 8986
f 8983 8986 8984
f 8985 8987 8988
f 8985 8988 8986
f 8987 8989 8990
f 8987 8990 8988
f 8989 8991 8992
f 8989 8992 8990
f 8991 8993 8994
f 8991 8994 8992
f 8993 8995 8996
f 8993 8996 8994
f 8995 8977 8980
f 8995 8980 8996
f 8997 8998 8999
f 8997 8999 9000
f 8998 9001 9002
f 8998 9002 8999
f 9001 9003 9004
f 9001 9004 9002
f 9003 9005 9006
f 9003 9006 9004
f 9005 9007 9008
f 9005 9008 9006
f 9007 9009 9010
f 9007 9010 9008
f 9009 9011 9012
f 9009 9012 9010
f 9011 9013 9014
f 9011 9014 9012
f 9013 9015 9016
f 9013 9016 9014
f 9015 8997 9000
f 9015 9000 9016
f 9017 9018 9019
f 9017 9019 9020
f 9018 9021 9022
f 9018 9022 9019
f 9021 9023 9024
f 9021 9024 9022
f 9023 9025 9026
f 9023 9026 9024
f 9025 9027 9028
f 9025 9028 9026
f 9027 9029 9030
f 9027 9030 9028
f 9029 9031 9032
f 9029 9032 9030
f 9031 9033 9034
f 9031 9034 9032
f 9033 9035 9036
f 9033 9036 9034
f 9035 9017 9020
f 9035 9020 9036
f 9037 9038 9039
f 9037 9039 9040
f 9038 9041 9042
f 9038 9042 9039
f 9041 9043 9044
f 9041 9044 9042
f 9043 9045 9046
f 9043 9046 9044
f 9045 9047 9048
f 9045 9048 9046
f 9047 9049 9050
f 9047 9050 9048
f 9049 9051 9052
f 9049 9052 9050
f 9051 9053 9054
f 9051 9054 9052
f 9053 9055 9056
f 9053 9056 9054
f 9055 9037 9040
f 9055 9040 9056
f 9057 9058 9059
f 9057 9059 9060
f 9058 9061 9062
f 9058 9062 9059
f 9061 9063 9064
f 9061 9064 9062
f 9063 9065 9066
f 9063 9066 9064
f 9065 9067 9068
f 9065 9068 9066
f 9067 9069 9070
f 9067 9070 9068
f 9069 9071 9072
f 9069 9072 9070
f 9071 9073 9074
f 9071 9074 9072
f 9073 9075 9076
f 9073 9076 9074
f 9075 9057 9060
f 9075 9060 9076
f 9077 9078 9079
f 9077 9079 9080
f 9078 9081 9082
f 9078 9082 9079
f 9081 9083 9084
f 9081 9084 9082
f 9083 9085 9086
f 9083 9086 9084
f 9085 9087 9088
f 9085 9088 9086
f 9087 9089 9090
f 9087 9090 9088
f 9089 9091 9092
f 9089 9092 9090
f 9091 9093 9094
f 9091 9094 9092
f 9093 9095 9096
f 9093 9096 9094
f 9095 9077 9080
f 9095 9080 9096
f 9097 9098 9099
f 9097 9099 9100
f 9098 9101 9102
f 9098 9102 9099
f 9101 9103 9104
f 9101 9104 9102
f 9103 9105 9106
f 9103 9106 9104
f 9105 9107 9108
f 9105 9108 9106
f 9107 9109 9110
f 9107 9110 9108
f 9109 9111 9112
f 9109 9112 9110
f 9111 9113 9114
f 9111 9114 9112
f 9113 9115 9116
f 9113 9116 9114
f 9115 9097 9100
f 9115 9100 9116
f 9117 9118 9119
f 9117 9119 9120
f 9118 9121 9122
f 9118 9122 9119
f 9121 9123 9124
f 9121 9124 9122
f 9123 9125 9126
f 9123 9126 9124
f 9125 9127 9128
f 9125 9128 9126
f 9127 9129 9130
f 9127 9130 9128
f 9129 9131 9132
f 9129 9132 9130
f 9131 9133 9134
f 9131 9134 9132
f 9133 9135 9136
f 9133 9136 9134
f 9135 9117 9120
f 9135 9120 9136
f 9137 9138 9139
f 9137 9139 9140
f 9138 9141 9142
f 9138 9142 9139
f 9141 9143 9144
f 9141 9144 9142
f 9143 9145 9146
f 9143 9146 9144
f 9145 9147 9148
f 9145 9148 9146
f 9147 9149 9150
f 9147 9150 9148
f 9149 9151 9152
f 9149 9152 9150
f 9151 9153 9154
f 9151 9154 9152
f 9153 9155 9156
f 9153 9156 9154
f 9155 9137 9140
f 9155 9140 9156
f 9157 9158 9159
f 9157 9159 9160
f 9158 9161 9162
f 9158 9162 9159
f 9161 9163 9164
f 9161 9164 9162
f 9163 9165 9166
f 9163 9166 9164
f 9165 9167 9168
f 9165 9168 9166
f 9167 9169 9170
f 9167 9170 9168
f 9169 9171 9172
f 9169 9172 9170
f 9171 9173 9174
f 9171 9174 9172
f 9173 9175 9176
f 9173 9176 9174
f 9175 9157 9160
f 9175 9160 9176
f 9177 9178 9179
f 9177 9179 9180
f 9178 9181 9182
f 9178 9182 9179
f 9181 9183 9184
f 9181 9184 9182
f 9183 9185 9186
f 9183 9186 9184
f 9185 9187 9188
f 9185 9188 9186
f 9187 9189 9190
f 9187 9190 9188
f 9189 9191 9192
f 9189 9192 9190
f 9191 9193 9194
f 9191 9194 9192
f 9193 9195 9196
f 9193 9196 9194
f 9195 9177 9180
f 9195 9180 9196
o Rear_left_rotor
usemtl Brake
v 77.80000 -59.00000 16.00000
v 77.70760 -59.00000 17.40968
v 77.70760 -57.00000 17.40968
v 77.80000 -57.00000 16.00000
v 71.10000 -59.00000 16.00000
v 71.06492 -57.00000 16.53516
v 71.06492 -59.00000 16.53516
v 71.10000 -57.00000 16.00000
v 77.43200 -59.00000 18.79525
v 77.43200 -57.00000 18.79525
v 70.96030 -57.00000 17.06116
v 70.96030 -59.00000 17.06116
v 76.97790 -59.00000 20.13298
v 76.97790 -57.00000 20.13298
v 70.78791 -57.00000 17.56900
v 70.78791 -59.00000 17.56900
v 76.35307 -59.00000 21.40000
v 76.35307 -57.00000 21.40000
v 70.55070 -57.00000 18.05000
v 70.55070 -59.00000 18.05000
v 75.56822 -59.00000 22.57462
v 75.56822 -57.00000 22.57462
v 70.25275 -57.00000 18.49592
v 70.25275 -59.00000 18.49592
v 74.63675 -59.00000 23.63675
v 74.63675 -57.00000 23.63675
v 69.89914 -57.00000 18.89914
v 69.89914 -59.00000 18.89914
v 73.57462 -59.00000 24.56822
v 73.57462 -57.00000 24.56822
v 69.49592 -57.00000 19.25275
v 69.49592 -59.00000 19.25275
v 72.40000 -59.00000 25.35307
v 72.40000 -57.00000 25.35307
v 69.05000 -57.00000 19.55070
v 69.05000 -59.00000 19.55070
v 71.13298 -59.00000 25.97790
v 71.13298 -57.00000 25.97790
v 68.56900 -57.00000 19.78791
v 68.56900 -59.00000 19.78791
v 69.79525 -59.00000 26.43200
v 69.79525 -57.00000 26.43200
v 68.06116 -57.00000 19.96030
v 68.06116 -59.00000 19.96030
v 68.40968 -59.00000 26.70760
v 68.40968 -57.00000 26.70760
v 67.53516 -57.00000 20.06492
v 67.53516 -59.00000 20.06492
v 67.00000 -59.00000 26.80000
v 67.00000 -57.00000 26.80000
v 67.00000 -57.00000 20.10000
v 67.00000 -59.00000 20.10000
v 65.59032 -59.00000 26.70760
v 65.59032 -57.00000 26.70760
v 66.46484 -57.00000 20.06492
v 66.46484 -59.00000 20.06492
v 64.20475 -59.00000 26.43200
v 64.20475 -57.00000 26.43200
v 65.93884 -57.00000 19.96030
v 65.93884 -59.00000 19.96030
v 62.86702 -59.00000 25.97790
v 62.86702 -57.00000 25.97790
v 65.43100 -57.00000 19.78791
v 65.43100 -59.00000 19.78791
v 61.60000 -59.00000 25.35307
v 61.60000 -57.00000 25.35307
v 64.95000 -57.00000 19.55070
v 64.95000 -59.00000 19.55070
v 60.42538 -59.00000 24.56822
v 60.42538 -57.00000 24.56822
v 64.50408 -57.00000 19.25275
v 64.50408 -59.00000 19.25275
v 59.36325 -59.00000 23.63675
v 59.36325 -57.00000 23.63675
v 64.10086 -57.00000 18.89914
v 64.10086 -59.00000 18.89914
v 58.43178 -59.00000 22.57462
v 58.43178 -57.00000 22.57462
v 63.74725 -57.00000 18.49592
v 63.74725 -59.00000 18.49592
v 57.64693 -59.00000 21.40000
v 57.64693 -57.00000 21.40000
v 63.44930 -57.00000 18.05000
v 63.44930 -59.00000 18.05000
v 57.02210 -59.00000 20.13298
v 57.02210 -57.00000 20.13298
v 63.21209 -57.00000 17.56900
v 63.21209 -59.00000 17.56900
v 56.56800 -59.00000 18.79525
v 56.56800 -57.00000 18.79525
v 63.03970 -57.00000 17.06116
v 63.03970 -59.00000 17.06116
v 56.29240 -59.00000 17.40968
v 56.29240 -57.00000 17.40968
v 62.93508 -57.00000 16.53516
v 62.93508 -59.00000 16.53516
v 56.20000 -59.00000 16.00000
v 56.20000 -57.00000 16.00000
v 62.90000 -57.00000 16.00000
v 62.90000 -59.00000 16.00000
v 56.29240 -59.00000 14.59032
v 56.29240 -57.00000 14.59032
v 62.93508 -57.00000 15.46484
v 62.93508 -59.00000 15.46484
v 56.56800 -59.00000 13.20475
v 56.56800 -57.00000 13.20475
v 63.03970 -57.00000 14.93884
v 63.03970 -59.00000 14.93884
v 57.02210 -59.00000 11.86702
v 57.02210 -57.00000 11.86702
v 63.21209 -57.00000 14.43100
v 63.21209 -59.00000 14.43100
v 57.64693 -59.00000 10.60000
v 57.64693 -57.00000 10.60000
v 63.44930 -57.00000 13.95000
v 63.44930 -59.00000 13.95000
v 58.43178 -59.00000 9.42538
v 58.43178 -57.00000 9.42538
v 63.74725 -57.00000 13.50408
v 63.74725 -59.00000 13.50408
v 59.36325 -59.00000 8.36325
v 59.36325 -57.00000 8.36325
v 64.10086 -57.00000 13.10086
v 64.10086 -59.00000 13.10086
v 60.42538 -59.00000 7.43178
v 60.42538 -57.00000 7.43178
v 64.50408 -57.00000 12.74725
v 64.50408 -59.00000 12.74725
v 61.60000 -59.00000 6.64693
v 61.60000 -57.00000 6.64693
v 64.95000 -57.00000 12.44930
v 64.95000 -59.00000 12.44930
v 62.86702 -59.00000 6.02210
v 62.86702 -57.00000 6.02210
v 65.43100 -57.00000 12.21209
v 65.43100 -59.00000 12.21209
v 64.20475 -59.00000 5.56800
v 64.20475 -57.00000 5.56800
v 65.93884 -57.00000 12.03970
v 65.93884 -59.00000 12.03970
v 65.59032 -59.00000 5.29240
v 65.59032 -57.00000 5.29240
v 66.46484 -57.00000 11.93508
v 66.46484 -59.00000 11.93508
v 67.00000 -59.00000 5.20000
v 67.00000 -57.00000 5.20000
v 67.00000 -57.00000 11.90000
v 67.00000 -59.00000 11.90000
v 68.40968 -59.00000 5.29240
v 68.40968 -57.00000 5.29240
v 67.53516 -57.00000 11.93508
v 67.53516 -59.00000 11.93508
v 69.79525 -59.00000 5.56800
v 69.79525 -57.00000 5.56800
v 68.06116 -57.00000 12.03970
v 68.06116 -59.00000 12.03970
v 71.13298 -59.00000 6.02210
v 71.13298 -57.00000 6.02210
v 68.56900 -57.00000 12.21209
v 68.56900 -59.00000 12.21209
v 72.40000 -59.00000 6.64693
v 72.40000 -57.00000 6.64693
v 69.05000 -57.00000 12.44930
v 69.05000 -59.00000 12.44930
v 73.57462 -59.00000 7.43178
v 73.57462 -57.00000 7.43178
v 69.49592 -57.00000 12.74725
v 69.49592 -59.00000 12.74725
v 74.63675 -59.00000 8.36325
v 74.63675 -57.00000 8.36325
v 69.89914 -57.00000 13.10086
v 69.89914 -59.00000 13.10086
v 75.56822 -59.00000 9.42538
v 75.56822 -57.00000 9.42538
v 70.25275 -57.00000 13.50408
v 70.25275 -59.00000 13.50408
v 76.35307 -59.00000 10.60000
v 76.35307 -57.00000 10.60000
v 70.55070 -57.00000 13.95000
v 70.55070 -59.00000 13.95000
v 76.97790 -59.00000 11.86702
v 76.97790 -57.00000 11.86702
v 70.78791 -57.00000 14.43100
v 70.78791 -59.00000 14.43100
v 77.43200 -59.00000 13.20475
v 77.43200 -57.00000 13.20475
v 70.96030 -57.00000 14.93884
v 70.96030 -59.00000 14.93884
v 77.70760 -59.00000 14.59032
v 77.70760 -57.00000 14.59032
v 71.06492 -57.00000 15.46484
v 71.06492 -59.00000 15.46484
v 73.50000 -60.00000 11.50000
v 77.50000 -56.00000 11.50000
v 77.50000 -60.00000 11.50000
v 73.50000 -56.00000 11.50000
v 73.50000 -60.00000 20.50000
v 77.50000 -60.00000 20.50000
v 77.50000 -56.00000 20.50000
v 73.50000 -56.00000 20.50000
f 9197 9198 9199
f 9197 9199 9200
f 9201 9202 9203
f 9201 9204 9202
f 9197 9203 9198
f 9197 9201 9203
f 9200 9199 9202
f 9200 9202 9204
f 9198 9205 9206
f 9198 9206 9199
f 9203 9207 9208
f 9203 9202 9207
f 9198 9208 9205
f 9198 9203 9208
f 9199 9206 9207
f 9199 9207 9202
f 9205 9209 9210
f 9205 9210 9206
f 9208 9211 9212
f 9208 9207 9211
f 9205 9212 9209
f 9205 9208 9212
f 9206 9210 9211
f 9206 9211 9207
f 9209 9213 9214
f 9209 9214 9210
f 9212 9215 9216
f 9212 9211 9215
f 9209 9216 9213
f 9209 9212 9216
f 9210 9214 9215
f 9210 9215 9211
f 9213 9217 9218
f 9213 9218 9214
f 9216 9219 9220
f 9216 9215 9219
f 9213 9220 9217
f 9213 9216 9220
f 9214 9218 9219
f 9214 9219 9215
f 9217 9221 9222
f 9217 9222 9218
f 9220 9223 9224
f 9220 9219 9223
f 9217 9224 9221
f 9217 9220 9224
f 9218 9222 9223
f 9218 9223 9219
f 9221 9225 9226
f 9221 9226 9222
f 9224 9227 9228
f 9224 9223 9227
f 9221 9228 9225
f 9221 9224 9228
f 9222 9226 9227
f 9222 9227 9223
f 9225 9229 9230
f 9225 9230 9226
f 9228 9231 9232
f 9228 9227 9231
f 9225 9232 9229
f 9225 9228 9232
f 9226 9230 9231
f 9226 9231 9227
f 9229 9233 9234
f 9229 9234 9230
f 9232 9235 9236
f 9232 9231 9235
f 9229 9236 9233
f 9229 9232 9236
f 9230 9234 9235
f 9230 9235 9231
f 9233 9237 9238
f 9233 9238 9234
f 9236 9239 9240
f 9236 9235 9239
f 9233 9240 9237
f 9233 9236 9240
f 9234 9238 9239
f 9234 9239 9235
f 9237 9241 9242
f 9237 9242 9238
f 9240 9243 9244
f 9240 9239 9243
f 9237 9244 9241
f 9237 9240 9244
f 9238 9242 9243
f 9238 9243 9239
f 9241 9245 9246
f 9241 9246 9242
f 9244 9247 9248
f 9244 9243 9247
f 9241 9248 9245
f 9241 9244 9248
f 9242 9246 9247
f 9242 9247 9243
f 9245 9249 9250
f 9245 9250 9246
f 9248 9251 9252
f 9248 9247 9251
f 9245 9252 9249
f 9245 9248 9252
f 9246 9250 9251
f 9246 9251 9247
f 9249 9253 9254
f 9249 9254 9250
f 9252 9255 9256
f 9252 9251 9255
f 9249 9256 9253
f 9249 9252 9256
f 9250 9254 9255
f 9250 9255 9251
f 9253 9257 9258
f 9253 9258 9254
f 9256 9259 9260
f 9256 9255 9259
f 9253 9260 9257
f 9253 9256 9260
f 9254 9258 9259
f 9254 9259 9255
f 9257 9261 9262
f 9257 9262 9258
f 9260 9263 9264
f 9260 9259 9263
f 9257 9264 9261
f 9257 9260 9264
f 9258 9262 9263
f 9258 9263 9259
f 9261 9265 9266
f 9261 9266 9262
f 9264 9267 9268
f 9264 9263 9267
f 9261 9268 9265
f 9261 9264 9268
f 9262 9266 9267
f 9262 9267 9263
f 9265 9269 9270
f 9265 9270 9266
f 9268 9271 9272
f 9268 9267 9271
f 9265 9272 9269
f 9265 9268 9272
f 9266 9270 9271
f 9266 9271 9267
f 9269 9273 9274
f 9269 9274 9270
f 9272 9275 9276
f 9272 9271 9275
f 9269 9276 9273
f 9269 9272 9276
f 9270 9274 9275
f 9270 9275 9271
f 9273 9277 9278
f 9273 9278 9274
f 9276 9279 9280
f 9276 9275 9279
f 9273 9280 9277
f 9273 9276 9280
f 9274 9278 9279
f 9274 9279 9275
f 9277 9281 9282
f 9277 9282 9278
f 9280 9283 9284
f 9280 9279 9283
f 9277 9284 9281
f 9277 9280 9284
f 9278 9282 9283
f 9278 9283 9279
f 9281 9285 9286
f 9281 9286 9282
f 9284 9287 9288
f 9284 9283 9287
f 9281 9288 9285
f 9281 9284 9288
f 9282 9286 9287
f 9282 9287 9283
f 9285 9289 9290
f 9285 9290 9286
f 9288 9291 9292
f 9288 9287 9291
f 9285 9292 9289
f 9285 9288 9292
f 9286 9290 9291
f 9286 9291 9287
f 9289 9293 9294
f 9289 9294 9290
f 9292 9295 9296
f 9292 9291 9295
f 9289 9296 9293
f 9289 9292 9296
f 9290 9294 9295
f 9290 9295 9291
f 9293 9297 9298
f 9293 9298 9294
f 9296 9299 9300
f 9296 9295 9299
f 9293 9300 9297
f 9293 9296 9300
f 9294 9298 9299
f 9294 9299 9295
f 9297 9301 9302
f 9297 9302 9298
f 9300 9303 9304
f 9300 9299 9303
f 9297 9304 9301
f 9297 9300 9304
f 9298 9302 9303
f 9298 9303 9299
f 9301 9305 9306
f 9301 9306 9302
f 9304 9307 9308
f 9304 9303 9307
f 9301 9308 9305
f 9301 9304 9308
f 9302 9306 9307
f 9302 9307 9303
f 9305 9309 9310
f 9305 9310 9306
f 9308 9311 9312
f 9308 9307 9311
f 9305 9312 9309
f 9305 9308 9312
f 9306 9310 9311
f 9306 9311 9307
f 9309 9313 9314
f 9309 9314 9310
f 9312 9315 9316
f 9312 9311 9315
f 9309 9316 9313
f 9309 9312 9316
f 9310 9314 9315
f 9310 9315 9311
f 9313 9317 9318
f 9313 9318 9314
f 9316 9319 9320
f 9316 9315 9319
f 9313 9320 9317
f 9313 9316 9320
f 9314 9318 9319
f 9314 9319 9315
f 9317 9321 9322
f 9317 9322 9318
f 9320 9323 9324
f 9320 9319 9323
f 9317 9324 9321
f 9317 9320 9324
f 9318 9322 9323
f 9318 9323 9319
f 9321 9325 9326
f 9321 9326 9322
f 9324 9327 9328
f 9324 9323 9327
f 9321 9328 9325
f 9321 9324 9328
f 9322 9326 9327
f 9322 9327 9323
f 9325 9329 9330
f 9325 9330 9326
f 9328 9331 9332
f 9328 9327 9331
f 9325 9332 9329
f 9325 9328 9332
f 9326 9330 9331
f 9326 9331 9327
f 9329 9333 9334
f 9329 9334 9330
f 9332 9335 9336
f 9332 9331 9335
f 9329 9336 9333
f 9329 9332 9336
f 9330 9334 9335
f 9330 9335 9331
f 9333 9337 9338
f 9333 9338 9334
f 9336 9339 9340
f 9336 9335 9339
f 9333 9340 9337
f 9333 9336 9340
f 9334 9338 9339
f 9334 9339 9335
f 9337 9341 9342
f 9337 9342 9338
f 9340 9343 9344
f 9340 9339 9343
f 9337 9344 9341
f 9337 9340 9344
f 9338 9342 9343
f 9338 9343 9339
f 9341 9345 9346
f 9341 9346 9342
f 9344 9347 9348
f 9344 9343 9347
f 9341 9348 9345
f 9341 9344 9348
f 9342 9346 9347
f 9342 9347 9343
f 9345 9349 9350
f 9345 9350 9346
f 9348 9351 9352
f 9348 9347 9351
f 9345 9352 9349
f 9345 9348 9352
f 9346 9350 9351
f 9346 9351 9347
f 9349 9353 9354
f 9349 9354 9350
f 9352 9355 9356
f 9352 9351 9355
f 9349 9356 9353
f 9349 9352 9356
f 9350 9354 9355
f 9350 9355 9351
f 9353 9357 9358
f 9353 9358 9354
f 9356 9359 9360
f 9356 9355 9359
f 9353 9360 9357
f 9353 9356 9360
f 9354 9358 9359
f 9354 9359 9355
f 9357 9361 9362
f 9357 9362 9358
f 9360 9363 9364
f 9360 9359 9363
f 9357 9364 9361
f 9357 9360 9364
f 9358 9362 9363
f 9358 9363 9359
f 9361 9365 9366
f 9361 9366 9362
f 9364 9367 9368
f 9364 9363 9367
f 9361 9368 9365
f 9361 9364 9368
f 9362 9366 9367
f 9362 9367 9363
f 9365 9369 9370
f 9365 9370 9366
f 9368 9371 9372
f 9368 9367 9371
f 9365 9372 9369
f 9365 9368 9372
f 9366 9370 9371
f 9366 9371 9367
f 9369 9373 9374
f 9369 9374 9370
f 9372 9375 9376
f 9372 9371 9375
f 9369 9376 9373
f 9369 9372 9376
f 9370 9374 9375
f 9370 9375 9371
f 9373 9377 9378
f 9373 9378 9374
f 9376 9379 9380
f 9376 9375 9379
f 9373 9380 9377
f 9373 9376 9380
f 9374 9378 9379
f 9374 9379 9375
f 9377 9381 9382
f 9377 9382 9378
f 9380 9383 9384
f 9380 9379 9383
f 9377 9384 9381
f 9377 9380 9384
f 9378 9382 9383
f 9378 9383 9379
f 9381 9385 9386
f 9381 9386 9382
f 9384 9387 9388
f 9384 9383 9387
f 9381 9388 9385
f 9381 9384 9388
f 9382 9386 9387
f 9382 9387 9383
f 9385 9197 9200
f 9385 9200 9386
f 9388 9204 9201
f 9388 9387 9204
f 9385 9201 9197
f 9385 9388 9201
f 9386 9200 9204
f 9386 9204 9387
f 9389 9390 9391
f 9389 9392 9390
f 9393 9394 9395
f 9393 9395 9396
f 9389 9391 9394
f 9389 9394 9393
f 9391 9390 9395
f 9391 9395 9394
f 9390 9392 9396
f 9390 9396 9395
f 9392 9389 9393
f 9392 9393 9396
o Rear_left_center_lock
usemtl Red
v 72.80000 -67.50000 16.00000
v 72.71188 -67.50000 17.00716
v 72.71188 -64.50000 17.00716
v 72.80000 -64.50000 16.00000
v 67.00000 -67.50000 16.00000
v 67.00000 -64.50000 16.00000
v 72.45022 -67.50000 17.98372
v 72.45022 -64.50000 17.98372
v 72.02295 -67.50000 18.90000
v 72.02295 -64.50000 18.90000
v 71.44306 -67.50000 19.72817
v 71.44306 -64.50000 19.72817
v 70.72817 -67.50000 20.44306
v 70.72817 -64.50000 20.44306
v 69.90000 -67.50000 21.02295
v 69.90000 -64.50000 21.02295
v 68.98372 -67.50000 21.45022
v 68.98372 -64.50000 21.45022
v 68.00716 -67.50000 21.71188
v 68.00716 -64.50000 21.71188
v 67.00000 -67.50000 21.80000
v 67.00000 -64.50000 21.80000
v 65.99284 -67.50000 21.71188
v 65.99284 -64.50000 21.71188
v 65.01628 -67.50000 21.45022
v 65.01628 -64.50000 21.45022
v 64.10000 -67.50000 21.02295
v 64.10000 -64.50000 21.02295
v 63.27183 -67.50000 20.44306
v 63.27183 -64.50000 20.44306
v 62.55694 -67.50000 19.72817
v 62.55694 -64.50000 19.72817
v 61.97705 -67.50000 18.90000
v 61.97705 -64.50000 18.90000
v 61.54978 -67.50000 17.98372
v 61.54978 -64.50000 17.98372
v 61.28812 -67.50000 17.00716
v 61.28812 -64.50000 17.00716
v 61.20000 -67.50000 16.00000
v 61.20000 -64.50000 16.00000
v 61.28812 -67.50000 14.99284
v 61.28812 -64.50000 14.99284
v 61.54978 -67.50000 14.01628
v 61.54978 -64.50000 14.01628
v 61.97705 -67.50000 13.10000
v 61.97705 -64.50000 13.10000
v 62.55694 -67.50000 12.27183
v 62.55694 -64.50000 12.27183
v 63.27183 -67.50000 11.55694
v 63.27183 -64.50000 11.55694
v 64.10000 -67.50000 10.97705
v 64.10000 -64.50000 10.97705
v 65.01628 -67.50000 10.54978
v 65.01628 -64.50000 10.54978
v 65.99284 -67.50000 10.28812
v 65.99284 -64.50000 10.28812
v 67.00000 -67.50000 10.20000
v 67.00000 -64.50000 10.20000
v 68.00716 -67.50000 10.28812
v 68.00716 -64.50000 10.28812
v 68.98372 -67.50000 10.54978
v 68.98372 -64.50000 10.54978
v 69.90000 -67.50000 10.97705
v 69.90000 -64.50000 10.97705
v 70.72817 -67.50000 11.55694
v 70.72817 -64.50000 11.55694
v 71.44306 -67.50000 12.27183
v 71.44306 -64.50000 12.27183
v 72.02295 -67.50000 13.10000
v 72.02295 -64.50000 13.10000
v 72.45022 -67.50000 14.01628
v 72.45022 -64.50000 14.01628
v 72.71188 -67.50000 14.99284
v 72.71188 -64.50000 14.99284
v 70.40000 -65.80000 16.00000
v 70.33467 -65.80000 16.66331
v 70.33467 -61.80000 16.66331
v 70.40000 -61.80000 16.00000
v 67.00000 -65.80000 16.00000
v 67.00000 -61.80000 16.00000
v 70.14119 -65.80000 17.30112
v 70.14119 -61.80000 17.30112
v 69.82700 -65.80000 17.88894
v 69.82700 -61.80000 17.88894
v 69.40416 -65.80000 18.40416
v 69.40416 -61.80000 18.40416
v 68.88894 -65.80000 18.82700
v 68.88894 -61.80000 18.82700
v 68.30112 -65.80000 19.14119
v 68.30112 -61.80000 19.14119
v 67.66331 -65.80000 19.33467
v 67.66331 -61.80000 19.33467
v 67.00000 -65.80000 19.40000
v 67.00000 -61.80000 19.40000
v 66.33669 -65.80000 19.33467
v 66.33669 -61.80000 19.33467
v 65.69888 -65.80000 19.14119
v 65.69888 -61.80000 19.14119
v 65.11106 -65.80000 18.82700
v 65.11106 -61.80000 18.82700
v 64.59584 -65.80000 18.40416
v 64.59584 -61.80000 18.40416
v 64.17300 -65.80000 17.88894
v 64.17300 -61.80000 17.88894
v 63.85881 -65.80000 17.30112
v 63.85881 -61.80000 17.30112
v 63.66533 -65.80000 16.66331
v 63.66533 -61.80000 16.66331
v 63.60000 -65.80000 16.00000
v 63.60000 -61.80000 16.00000
v 63.66533 -65.80000 15.33669
v 63.66533 -61.80000 15.33669
v 63.85881 -65.80000 14.69888
v 63.85881 -61.80000 14.69888
v 64.17300 -65.80000 14.11106
v 64.17300 -61.80000 14.11106
v 64.59584 -65.80000 13.59584
v 64.59584 -61.80000 13.59584
v 65.11106 -65.80000 13.17300
v 65.11106 -61.80000 13.17300
v 65.69888 -65.80000 12.85881
v 65.69888 -61.80000 12.85881
v 66.33669 -65.80000 12.66533
v 66.33669 -61.80000 12.66533
v 67.00000 -65.80000 12.60000
v 67.00000 -61.80000 12.60000
v 67.66331 -65.80000 12.66533
v 67.66331 -61.80000 12.66533
v 68.30112 -65.80000 12.85881
v 68.30112 -61.80000 12.85881
v 68.88894 -65.80000 13.17300
v 68.88894 -61.80000 13.17300
v 69.40416 -65.80000 13.59584
v 69.40416 -61.80000 13.59584
v 69.82700 -65.80000 14.11106
v 69.82700 -61.80000 14.11106
v 70.14119 -65.80000 14.69888
v 70.14119 -61.80000 14.69888
v 70.33467 -65.80000 15.33669
v 70.33467 -61.80000 15.33669
f 9397 9398 9399
f 9397 9399 9400
f 9401 9398 9397
f 9402 9400 9399
f 9398 9403 9404
f 9398 9404 9399
f 9401 9403 9398
f 9402 9399 9404
f 9403 9405 9406
f 9403 9406 9404
f 9401 9405 9403
f 9402 9404 9406
f 9405 9407 9408
f 9405 9408 9406
f 9401 9407 9405
f 9402 9406 9408
f 9407 9409 9410
f 9407 9410 9408
f 9401 9409 9407
f 9402 9408 9410
f 9409 9411 9412
f 9409 9412 9410
f 9401 9411 9409
f 9402 9410 9412
f 9411 9413 9414
f 9411 9414 9412
f 9401 9413 9411
f 9402 9412 9414
f 9413 9415 9416
f 9413 9416 9414
f 9401 9415 9413
f 9402 9414 9416
f 9415 9417 9418
f 9415 9418 9416
f 9401 9417 9415
f 9402 9416 9418
f 9417 9419 9420
f 9417 9420 9418
f 9401 9419 9417
f 9402 9418 9420
f 9419 9421 9422
f 9419 9422 9420
f 9401 9421 9419
f 9402 9420 9422
f 9421 9423 9424
f 9421 9424 9422
f 9401 9423 9421
f 9402 9422 9424
f 9423 9425 9426
f 9423 9426 9424
f 9401 9425 9423
f 9402 9424 9426
f 9425 9427 9428
f 9425 9428 9426
f 9401 9427 9425
f 9402 9426 9428
f 9427 9429 9430
f 9427 9430 9428
f 9401 9429 9427
f 9402 9428 9430
f 9429 9431 9432
f 9429 9432 9430
f 9401 9431 9429
f 9402 9430 9432
f 9431 9433 9434
f 9431 9434 9432
f 9401 9433 9431
f 9402 9432 9434
f 9433 9435 9436
f 9433 9436 9434
f 9401 9435 9433
f 9402 9434 9436
f 9435 9437 9438
f 9435 9438 9436
f 9401 9437 9435
f 9402 9436 9438
f 9437 9439 9440
f 9437 9440 9438
f 9401 9439 9437
f 9402 9438 9440
f 9439 9441 9442
f 9439 9442 9440
f 9401 9441 9439
f 9402 9440 9442
f 9441 9443 9444
f 9441 9444 9442
f 9401 9443 9441
f 9402 9442 9444
f 9443 9445 9446
f 9443 9446 9444
f 9401 9445 9443
f 9402 9444 9446
f 9445 9447 9448
f 9445 9448 9446
f 9401 9447 9445
f 9402 9446 9448
f 9447 9449 9450
f 9447 9450 9448
f 9401 9449 9447
f 9402 9448 9450
f 9449 9451 9452
f 9449 9452 9450
f 9401 9451 9449
f 9402 9450 9452
f 9451 9453 9454
f 9451 9454 9452
f 9401 9453 9451
f 9402 9452 9454
f 9453 9455 9456
f 9453 9456 9454
f 9401 9455 9453
f 9402 9454 9456
f 9455 9457 9458
f 9455 9458 9456
f 9401 9457 9455
f 9402 9456 9458
f 9457 9459 9460
f 9457 9460 9458
f 9401 9459 9457
f 9402 9458 9460
f 9459 9461 9462
f 9459 9462 9460
f 9401 9461 9459
f 9402 9460 9462
f 9461 9463 9464
f 9461 9464 9462
f 9401 9463 9461
f 9402 9462 9464
f 9463 9465 9466
f 9463 9466 9464
f 9401 9465 9463
f 9402 9464 9466
f 9465 9467 9468
f 9465 9468 9466
f 9401 9467 9465
f 9402 9466 9468
f 9467 9469 9470
f 9467 9470 9468
f 9401 9469 9467
f 9402 9468 9470
f 9469 9397 9400
f 9469 9400 9470
f 9401 9397 9469
f 9402 9470 9400
f 9471 9472 9473
f 9471 9473 9474
f 9475 9472 9471
f 9476 9474 9473
f 9472 9477 9478
f 9472 9478 9473
f 9475 9477 9472
f 9476 9473 9478
f 9477 9479 9480
f 9477 9480 9478
f 9475 9479 9477
f 9476 9478 9480
f 9479 9481 9482
f 9479 9482 9480
f 9475 9481 9479
f 9476 9480 9482
f 9481 9483 9484
f 9481 9484 9482
f 9475 9483 9481
f 9476 9482 9484
f 9483 9485 9486
f 9483 9486 9484
f 9475 9485 9483
f 9476 9484 9486
f 9485 9487 9488
f 9485 9488 9486
f 9475 9487 9485
f 9476 9486 9488
f 9487 9489 9490
f 9487 9490 9488
f 9475 9489 9487
f 9476 9488 9490
f 9489 9491 9492
f 9489 9492 9490
f 9475 9491 9489
f 9476 9490 9492
f 9491 9493 9494
f 9491 9494 9492
f 9475 9493 9491
f 9476 9492 9494
f 9493 9495 9496
f 9493 9496 9494
f 9475 9495 9493
f 9476 9494 9496
f 9495 9497 9498
f 9495 9498 9496
f 9475 9497 9495
f 9476 9496 9498
f 9497 9499 9500
f 9497 9500 9498
f 9475 9499 9497
f 9476 9498 9500
f 9499 9501 9502
f 9499 9502 9500
f 9475 9501 9499
f 9476 9500 9502
f 9501 9503 9504
f 9501 9504 9502
f 9475 9503 9501
f 9476 9502 9504
f 9503 9505 9506
f 9503 9506 9504
f 9475 9505 9503
f 9476 9504 9506
f 9505 9507 9508
f 9505 9508 9506
f 9475 9507 9505
f 9476 9506 9508
f 9507 9509 9510
f 9507 9510 9508
f 9475 9509 9507
f 9476 9508 9510
f 9509 9511 9512
f 9509 9512 9510
f 9475 9511 9509
f 9476 9510 9512
f 9511 9513 9514
f 9511 9514 9512
f 9475 9513 9511
f 9476 9512 9514
f 9513 9515 9516
f 9513 9516 9514
f 9475 9515 9513
f 9476 9514 9516
f 9515 9517 9518
f 9515 9518 9516
f 9475 9517 9515
f 9476 9516 9518
f 9517 9519 9520
f 9517 9520 9518
f 9475 9519 9517
f 9476 9518 9520
f 9519 9521 9522
f 9519 9522 9520
f 9475 9521 9519
f 9476 9520 9522
f 9521 9523 9524
f 9521 9524 9522
f 9475 9523 9521
f 9476 9522 9524
f 9523 9525 9526
f 9523 9526 9524
f 9475 9525 9523
f 9476 9524 9526
f 9525 9527 9528
f 9525 9528 9526
f 9475 9527 9525
f 9476 9526 9528
f 9527 9529 9530
f 9527 9530 9528
f 9475 9529 9527
f 9476 9528 9530
f 9529 9531 9532
f 9529 9532 9530
f 9475 9531 9529
f 9476 9530 9532
f 9531 9533 9534
f 9531 9534 9532
f 9475 9533 9531
f 9476 9532 9534
f 9533 9535 9536
f 9533 9536 9534
f 9475 9535 9533
f 9476 9534 9536
f 9535 9471 9474
f 9535 9474 9536
f 9475 9471 9535
f 9476 9536 9474
o Rear_right_slick_tire
usemtl Tire
v 85.00000 51.50000 16.00000
v 84.91333 51.50000 17.76431
v 84.91333 64.50000 17.76431
v 85.00000 64.50000 16.00000
v 80.50000 51.50000 16.00000
v 80.43499 64.50000 17.32323
v 80.43499 51.50000 17.32323
v 80.50000 64.50000 16.00000
v 84.65414 51.50000 19.51163
v 84.65414 64.50000 19.51163
v 80.24060 64.50000 18.63372
v 80.24060 51.50000 18.63372
v 84.22493 51.50000 21.22512
v 84.22493 64.50000 21.22512
v 79.91869 64.50000 19.91884
v 79.91869 51.50000 19.91884
v 83.62983 51.50000 22.88830
v 83.62983 64.50000 22.88830
v 79.47237 64.50000 21.16623
v 79.47237 51.50000 21.16623
v 82.87458 51.50000 24.48514
v 82.87458 64.50000 24.48514
v 78.90594 64.50000 22.36386
v 78.90594 51.50000 22.36386
v 81.96645 51.50000 26.00026
v 81.96645 64.50000 26.00026
v 78.22484 64.50000 23.50020
v 78.22484 51.50000 23.50020
v 80.91419 51.50000 27.41908
v 80.91419 64.50000 27.41908
v 77.43564 64.50000 24.56431
v 77.43564 51.50000 24.56431
v 79.72792 51.50000 28.72792
v 79.72792 64.50000 28.72792
v 76.54594 64.50000 25.54594
v 76.54594 51.50000 25.54594
v 78.41908 51.50000 29.91419
v 78.41908 64.50000 29.91419
v 75.56431 64.50000 26.43564
v 75.56431 51.50000 26.43564
v 77.00026 51.50000 30.96645
v 77.00026 64.50000 30.96645
v 74.50020 64.50000 27.22484
v 74.50020 51.50000 27.22484
v 75.48514 51.50000 31.87458
v 75.48514 64.50000 31.87458
v 73.36386 64.50000 27.90594
v 73.36386 51.50000 27.90594
v 73.88830 51.50000 32.62983
v 73.88830 64.50000 32.62983
v 72.16623 64.50000 28.47237
v 72.16623 51.50000 28.47237
v 72.22512 51.50000 33.22493
v 72.22512 64.50000 33.22493
v 70.91884 64.50000 28.91869
v 70.91884 51.50000 28.91869
v 70.51163 51.50000 33.65414
v 70.51163 64.50000 33.65414
v 69.63372 64.50000 29.24060
v 69.63372 51.50000 29.24060
v 68.76431 51.50000 33.91333
v 68.76431 64.50000 33.91333
v 68.32323 64.50000 29.43499
v 68.32323 51.50000 29.43499
v 67.00000 51.50000 34.00000
v 67.00000 64.50000 34.00000
v 67.00000 64.50000 29.50000
v 67.00000 51.50000 29.50000
v 65.23569 51.50000 33.91333
v 65.23569 64.50000 33.91333
v 65.67677 64.50000 29.43499
v 65.67677 51.50000 29.43499
v 63.48837 51.50000 33.65414
v 63.48837 64.50000 33.65414
v 64.36628 64.50000 29.24060
v 64.36628 51.50000 29.24060
v 61.77488 51.50000 33.22493
v 61.77488 64.50000 33.22493
v 63.08116 64.50000 28.91869
v 63.08116 51.50000 28.91869
v 60.11170 51.50000 32.62983
v 60.11170 64.50000 32.62983
v 61.83377 64.50000 28.47237
v 61.83377 51.50000 28.47237
v 58.51486 51.50000 31.87458
v 58.51486 64.50000 31.87458
v 60.63614 64.50000 27.90594
v 60.63614 51.50000 27.90594
v 56.99974 51.50000 30.96645
v 56.99974 64.50000 30.96645
v 59.49980 64.50000 27.22484
v 59.49980 51.50000 27.22484
v 55.58092 51.50000 29.91419
v 55.58092 64.50000 29.91419
v 58.43569 64.50000 26.43564
v 58.43569 51.50000 26.43564
v 54.27208 51.50000 28.72792
v 54.27208 64.50000 28.72792
v 57.45406 64.50000 25.54594
v 57.45406 51.50000 25.54594
v 53.08581 51.50000 27.41908
v 53.08581 64.50000 27.41908
v 56.56436 64.50000 24.56431
v 56.56436 51.50000 24.56431
v 52.03355 51.50000 26.00026
v 52.03355 64.50000 26.00026
v 55.77516 64.50000 23.50020
v 55.77516 51.50000 23.50020
v 51.12542 51.50000 24.48514
v 51.12542 64.50000 24.48514
v 55.09406 64.50000 22.36386
v 55.09406 51.50000 22.36386
v 50.37017 51.50000 22.88830
v 50.37017 64.50000 22.88830
v 54.52763 64.50000 21.16623
v 54.52763 51.50000 21.16623
v 49.77507 51.50000 21.22512
v 49.77507 64.50000 21.22512
v 54.08131 64.50000 19.91884
v 54.08131 51.50000 19.91884
v 49.34586 51.50000 19.51163
v 49.34586 64.50000 19.51163
v 53.75940 64.50000 18.63372
v 53.75940 51.50000 18.63372
v 49.08667 51.50000 17.76431
v 49.08667 64.50000 17.76431
v 53.56501 64.50000 17.32323
v 53.56501 51.50000 17.32323
v 49.00000 51.50000 16.00000
v 49.00000 64.50000 16.00000
v 53.50000 64.50000 16.00000
v 53.50000 51.50000 16.00000
v 49.08667 51.50000 14.23569
v 49.08667 64.50000 14.23569
v 53.56501 64.50000 14.67677
v 53.56501 51.50000 14.67677
v 49.34586 51.50000 12.48837
v 49.34586 64.50000 12.48837
v 53.75940 64.50000 13.36628
v 53.75940 51.50000 13.36628
v 49.77507 51.50000 10.77488
v 49.77507 64.50000 10.77488
v 54.08131 64.50000 12.08116
v 54.08131 51.50000 12.08116
v 50.37017 51.50000 9.11170
v 50.37017 64.50000 9.11170
v 54.52763 64.50000 10.83377
v 54.52763 51.50000 10.83377
v 51.12542 51.50000 7.51486
v 51.12542 64.50000 7.51486
v 55.09406 64.50000 9.63614
v 55.09406 51.50000 9.63614
v 52.03355 51.50000 5.99974
v 52.03355 64.50000 5.99974
v 55.77516 64.50000 8.49980
v 55.77516 51.50000 8.49980
v 53.08581 51.50000 4.58092
v 53.08581 64.50000 4.58092
v 56.56436 64.50000 7.43569
v 56.56436 51.50000 7.43569
v 54.27208 51.50000 3.27208
v 54.27208 64.50000 3.27208
v 57.45406 64.50000 6.45406
v 57.45406 51.50000 6.45406
v 55.58092 51.50000 2.08581
v 55.58092 64.50000 2.08581
v 58.43569 64.50000 5.56436
v 58.43569 51.50000 5.56436
v 56.99974 51.50000 1.03355
v 56.99974 64.50000 1.03355
v 59.49980 64.50000 4.77516
v 59.49980 51.50000 4.77516
v 58.51486 51.50000 0.12542
v 58.51486 64.50000 0.12542
v 60.63614 64.50000 4.09406
v 60.63614 51.50000 4.09406
v 60.11170 51.50000 -0.62983
v 60.11170 64.50000 -0.62983
v 61.83377 64.50000 3.52763
v 61.83377 51.50000 3.52763
v 61.77488 51.50000 -1.22493
v 61.77488 64.50000 -1.22493
v 63.08116 64.50000 3.08131
v 63.08116 51.50000 3.08131
v 63.48837 51.50000 -1.65414
v 63.48837 64.50000 -1.65414
v 64.36628 64.50000 2.75940
v 64.36628 51.50000 2.75940
v 65.23569 51.50000 -1.91333
v 65.23569 64.50000 -1.91333
v 65.67677 64.50000 2.56501
v 65.67677 51.50000 2.56501
v 67.00000 51.50000 -2.00000
v 67.00000 64.50000 -2.00000
v 67.00000 64.50000 2.50000
v 67.00000 51.50000 2.50000
v 68.76431 51.50000 -1.91333
v 68.76431 64.50000 -1.91333
v 68.32323 64.50000 2.56501
v 68.32323 51.50000 2.56501
v 70.51163 51.50000 -1.65414
v 70.51163 64.50000 -1.65414
v 69.63372 64.50000 2.75940
v 69.63372 51.50000 2.75940
v 72.22512 51.50000 -1.22493
v 72.22512 64.50000 -1.22493
v 70.91884 64.50000 3.08131
v 70.91884 51.50000 3.08131
v 73.88830 51.50000 -0.62983
v 73.88830 64.50000 -0.62983
v 72.16623 64.50000 3.52763
v 72.16623 51.50000 3.52763
v 75.48514 51.50000 0.12542
v 75.48514 64.50000 0.12542
v 73.36386 64.50000 4.09406
v 73.36386 51.50000 4.09406
v 77.00026 51.50000 1.03355
v 77.00026 64.50000 1.03355
v 74.50020 64.50000 4.77516
v 74.50020 51.50000 4.77516
v 78.41908 51.50000 2.08581
v 78.41908 64.50000 2.08581
v 75.56431 64.50000 5.56436
v 75.56431 51.50000 5.56436
v 79.72792 51.50000 3.27208
v 79.72792 64.50000 3.27208
v 76.54594 64.50000 6.45406
v 76.54594 51.50000 6.45406
v 80.91419 51.50000 4.58092
v 80.91419 64.50000 4.58092
v 77.43564 64.50000 7.43569
v 77.43564 51.50000 7.43569
v 81.96645 51.50000 5.99974
v 81.96645 64.50000 5.99974
v 78.22484 64.50000 8.49980
v 78.22484 51.50000 8.49980
v 82.87458 51.50000 7.51486
v 82.87458 64.50000 7.51486
v 78.90594 64.50000 9.63614
v 78.90594 51.50000 9.63614
v 83.62983 51.50000 9.11170
v 83.62983 64.50000 9.11170
v 79.47237 64.50000 10.83377
v 79.47237 51.50000 10.83377
v 84.22493 51.50000 10.77488
v 84.22493 64.50000 10.77488
v 79.91869 64.50000 12.08116
v 79.91869 51.50000 12.08116
v 84.65414 51.50000 12.48837
v 84.65414 64.50000 12.48837
v 80.24060 64.50000 13.36628
v 80.24060 51.50000 13.36628
v 84.91333 51.50000 14.23569
v 84.91333 64.50000 14.23569
v 80.43499 64.50000 14.67677
v 80.43499 51.50000 14.67677
v 85.35000 52.45000 16.00000
v 85.26164 52.45000 17.79861
v 85.26164 53.55000 17.79861
v 85.35000 53.55000 16.00000
v 84.80000 52.45000 16.00000
v 84.71429 53.55000 17.74471
v 84.71429 52.45000 17.74471
v 84.80000 53.55000 16.00000
v 84.99741 52.45000 19.57991
v 84.99741 53.55000 19.57991
v 84.45798 53.55000 19.47261
v 84.45798 52.45000 19.47261
v 84.55986 52.45000 21.32672
v 84.55986 53.55000 21.32672
v 84.03354 53.55000 21.16707
v 84.03354 52.45000 21.16707
v 83.95319 52.45000 23.02224
v 83.95319 53.55000 23.02224
v 83.44506 53.55000 22.81177
v 83.44506 52.45000 22.81177
v 83.18326 52.45000 24.65013
v 83.18326 53.55000 24.65013
v 82.69820 53.55000 24.39086
v 82.69820 52.45000 24.39086
v 82.25747 52.45000 26.19471
v 82.25747 53.55000 26.19471
v 81.80016 53.55000 25.88915
v 81.80016 52.45000 25.88915
v 81.18474 52.45000 27.64112
v 81.18474 53.55000 27.64112
v 80.75959 53.55000 27.29220
v 80.75959 52.45000 27.29220
v 79.97541 52.45000 28.97541
v 79.97541 53.55000 28.97541
v 79.58650 53.55000 28.58650
v 79.58650 52.45000 28.58650
v 78.64112 52.45000 30.18474
v 78.64112 53.55000 30.18474
v 78.29220 53.55000 29.75959
v 78.29220 52.45000 29.75959
v 77.19471 52.45000 31.25747
v 77.19471 53.55000 31.25747
v 76.88915 53.55000 30.80016
v 76.88915 52.45000 30.80016
v 75.65013 52.45000 32.18326
v 75.65013 53.55000 32.18326
v 75.39086 53.55000 31.69820
v 75.39086 52.45000 31.69820
v 74.02224 52.45000 32.95319
v 74.02224 53.55000 32.95319
v 73.81177 53.55000 32.44506
v 73.81177 52.45000 32.44506
v 72.32672 52.45000 33.55986
v 72.32672 53.55000 33.55986
v 72.16707 53.55000 33.03354
v 72.16707 52.45000 33.03354
v 70.57991 52.45000 33.99741
v 70.57991 53.55000 33.99741
v 70.47261 53.55000 33.45798
v 70.47261 52.45000 33.45798
v 68.79861 52.45000 34.26164
v 68.79861 53.55000 34.26164
v 68.74471 53.55000 33.71429
v 68.74471 52.45000 33.71429
v 67.00000 52.45000 34.35000
v 67.00000 53.55000 34.35000
v 67.00000 53.55000 33.80000
v 67.00000 52.45000 33.80000
v 65.20139 52.45000 34.26164
v 65.20139 53.55000 34.26164
v 65.25529 53.55000 33.71429
v 65.25529 52.45000 33.71429
v 63.42009 52.45000 33.99741
v 63.42009 53.55000 33.99741
v 63.52739 53.55000 33.45798
v 63.52739 52.45000 33.45798
v 61.67328 52.45000 33.55986
v 61.67328 53.55000 33.55986
v 61.83293 53.55000 33.03354
v 61.83293 52.45000 33.03354
v 59.97776 52.45000 32.95319
v 59.97776 53.55000 32.95319
v 60.18823 53.55000 32.44506
v 60.18823 52.45000 32.44506
v 58.34987 52.45000 32.18326
v 58.34987 53.55000 32.18326
v 58.60914 53.55000 31.69820
v 58.60914 52.45000 31.69820
v 56.80529 52.45000 31.25747
v 56.80529 53.55000 31.25747
v 57.11085 53.55000 30.80016
v 57.11085 52.45000 30.80016
v 55.35888 52.45000 30.18474
v 55.35888 53.55000 30.18474
v 55.70780 53.55000 29.75959
v 55.70780 52.45000 29.75959
v 54.02459 52.45000 28.97541
v 54.02459 53.55000 28.97541
v 54.41350 53.55000 28.58650
v 54.41350 52.45000 28.58650
v 52.81526 52.45000 27.64112
v 52.81526 53.55000 27.64112
v 53.24041 53.55000 27.29220
v 53.24041 52.45000 27.29220
v 51.74253 52.45000 26.19471
v 51.74253 53.55000 26.19471
v 52.19984 53.55000 25.88915
v 52.19984 52.45000 25.88915
v 50.81674 52.45000 24.65013
v 50.81674 53.55000 24.65013
v 51.30180 53.55000 24.39086
v 51.30180 52.45000 24.39086
v 50.04681 52.45000 23.02224
v 50.04681 53.55000 23.02224
v 50.55494 53.55000 22.81177
v 50.55494 52.45000 22.81177
v 49.44014 52.45000 21.32672
v 49.44014 53.55000 21.32672
v 49.96646 53.55000 21.16707
v 49.96646 52.45000 21.16707
v 49.00259 52.45000 19.57991
v 49.00259 53.55000 19.57991
v 49.54202 53.55000 19.47261
v 49.54202 52.45000 19.47261
v 48.73836 52.45000 17.79861
v 48.73836 53.55000 17.79861
v 49.28571 53.55000 17.74471
v 49.28571 52.45000 17.74471
v 48.65000 52.45000 16.00000
v 48.65000 53.55000 16.00000
v 49.20000 53.55000 16.00000
v 49.20000 52.45000 16.00000
v 48.73836 52.45000 14.20139
v 48.73836 53.55000 14.20139
v 49.28571 53.55000 14.25529
v 49.28571 52.45000 14.25529
v 49.00259 52.45000 12.42009
v 49.00259 53.55000 12.42009
v 49.54202 53.55000 12.52739
v 49.54202 52.45000 12.52739
v 49.44014 52.45000 10.67328
v 49.44014 53.55000 10.67328
v 49.96646 53.55000 10.83293
v 49.96646 52.45000 10.83293
v 50.04681 52.45000 8.97776
v 50.04681 53.55000 8.97776
v 50.55494 53.55000 9.18823
v 50.55494 52.45000 9.18823
v 50.81674 52.45000 7.34987
v 50.81674 53.55000 7.34987
v 51.30180 53.55000 7.60914
v 51.30180 52.45000 7.60914
v 51.74253 52.45000 5.80529
v 51.74253 53.55000 5.80529
v 52.19984 53.55000 6.11085
v 52.19984 52.45000 6.11085
v 52.81526 52.45000 4.35888
v 52.81526 53.55000 4.35888
v 53.24041 53.55000 4.70780
v 53.24041 52.45000 4.70780
v 54.02459 52.45000 3.02459
v 54.02459 53.55000 3.02459
v 54.41350 53.55000 3.41350
v 54.41350 52.45000 3.41350
v 55.35888 52.45000 1.81526
v 55.35888 53.55000 1.81526
v 55.70780 53.55000 2.24041
v 55.70780 52.45000 2.24041
v 56.80529 52.45000 0.74253
v 56.80529 53.55000 0.74253
v 57.11085 53.55000 1.19984
v 57.11085 52.45000 1.19984
v 58.34987 52.45000 -0.18326
v 58.34987 53.55000 -0.18326
v 58.60914 53.55000 0.30180
v 58.60914 52.45000 0.30180
v 59.97776 52.45000 -0.95319
v 59.97776 53.55000 -0.95319
v 60.18823 53.55000 -0.44506
v 60.18823 52.45000 -0.44506
v 61.67328 52.45000 -1.55986
v 61.67328 53.55000 -1.55986
v 61.83293 53.55000 -1.03354
v 61.83293 52.45000 -1.03354
v 63.42009 52.45000 -1.99741
v 63.42009 53.55000 -1.99741
v 63.52739 53.55000 -1.45798
v 63.52739 52.45000 -1.45798
v 65.20139 52.45000 -2.26164
v 65.20139 53.55000 -2.26164
v 65.25529 53.55000 -1.71429
v 65.25529 52.45000 -1.71429
v 67.00000 52.45000 -2.35000
v 67.00000 53.55000 -2.35000
v 67.00000 53.55000 -1.80000
v 67.00000 52.45000 -1.80000
v 68.79861 52.45000 -2.26164
v 68.79861 53.55000 -2.26164
v 68.74471 53.55000 -1.71429
v 68.74471 52.45000 -1.71429
v 70.57991 52.45000 -1.99741
v 70.57991 53.55000 -1.99741
v 70.47261 53.55000 -1.45798
v 70.47261 52.45000 -1.45798
v 72.32672 52.45000 -1.55986
v 72.32672 53.55000 -1.55986
v 72.16707 53.55000 -1.03354
v 72.16707 52.45000 -1.03354
v 74.02224 52.45000 -0.95319
v 74.02224 53.55000 -0.95319
v 73.81177 53.55000 -0.44506
v 73.81177 52.45000 -0.44506
v 75.65013 52.45000 -0.18326
v 75.65013 53.55000 -0.18326
v 75.39086 53.55000 0.30180
v 75.39086 52.45000 0.30180
v 77.19471 52.45000 0.74253
v 77.19471 53.55000 0.74253
v 76.88915 53.55000 1.19984
v 76.88915 52.45000 1.19984
v 78.64112 52.45000 1.81526
v 78.64112 53.55000 1.81526
v 78.29220 53.55000 2.24041
v 78.29220 52.45000 2.24041
v 79.97541 52.45000 3.02459
v 79.97541 53.55000 3.02459
v 79.58650 53.55000 3.41350
v 79.58650 52.45000 3.41350
v 81.18474 52.45000 4.35888
v 81.18474 53.55000 4.35888
v 80.75959 53.55000 4.70780
v 80.75959 52.45000 4.70780
v 82.25747 52.45000 5.80529
v 82.25747 53.55000 5.80529
v 81.80016 53.55000 6.11085
v 81.80016 52.45000 6.11085
v 83.18326 52.45000 7.34987
v 83.18326 53.55000 7.34987
v 82.69820 53.55000 7.60914
v 82.69820 52.45000 7.60914
v 83.95319 52.45000 8.97776
v 83.95319 53.55000 8.97776
v 83.44506 53.55000 9.18823
v 83.44506 52.45000 9.18823
v 84.55986 52.45000 10.67328
v 84.55986 53.55000 10.67328
v 84.03354 53.55000 10.83293
v 84.03354 52.45000 10.83293
v 84.99741 52.45000 12.42009
v 84.99741 53.55000 12.42009
v 84.45798 53.55000 12.52739
v 84.45798 52.45000 12.52739
v 85.26164 52.45000 14.20139
v 85.26164 53.55000 14.20139
v 84.71429 53.55000 14.25529
v 84.71429 52.45000 14.25529
v 85.35000 62.45000 16.00000
v 85.26164 62.45000 17.79861
v 85.26164 63.55000 17.79861
v 85.35000 63.55000 16.00000
v 84.80000 62.45000 16.00000
v 84.71429 63.55000 17.74471
v 84.71429 62.45000 17.74471
v 84.80000 63.55000 16.00000
v 84.99741 62.45000 19.57991
v 84.99741 63.55000 19.57991
v 84.45798 63.55000 19.47261
v 84.45798 62.45000 19.47261
v 84.55986 62.45000 21.32672
v 84.55986 63.55000 21.32672
v 84.03354 63.55000 21.16707
v 84.03354 62.45000 21.16707
v 83.95319 62.45000 23.02224
v 83.95319 63.55000 23.02224
v 83.44506 63.55000 22.81177
v 83.44506 62.45000 22.81177
v 83.18326 62.45000 24.65013
v 83.18326 63.55000 24.65013
v 82.69820 63.55000 24.39086
v 82.69820 62.45000 24.39086
v 82.25747 62.45000 26.19471
v 82.25747 63.55000 26.19471
v 81.80016 63.55000 25.88915
v 81.80016 62.45000 25.88915
v 81.18474 62.45000 27.64112
v 81.18474 63.55000 27.64112
v 80.75959 63.55000 27.29220
v 80.75959 62.45000 27.29220
v 79.97541 62.45000 28.97541
v 79.97541 63.55000 28.97541
v 79.58650 63.55000 28.58650
v 79.58650 62.45000 28.58650
v 78.64112 62.45000 30.18474
v 78.64112 63.55000 30.18474
v 78.29220 63.55000 29.75959
v 78.29220 62.45000 29.75959
v 77.19471 62.45000 31.25747
v 77.19471 63.55000 31.25747
v 76.88915 63.55000 30.80016
v 76.88915 62.45000 30.80016
v 75.65013 62.45000 32.18326
v 75.65013 63.55000 32.18326
v 75.39086 63.55000 31.69820
v 75.39086 62.45000 31.69820
v 74.02224 62.45000 32.95319
v 74.02224 63.55000 32.95319
v 73.81177 63.55000 32.44506
v 73.81177 62.45000 32.44506
v 72.32672 62.45000 33.55986
v 72.32672 63.55000 33.55986
v 72.16707 63.55000 33.03354
v 72.16707 62.45000 33.03354
v 70.57991 62.45000 33.99741
v 70.57991 63.55000 33.99741
v 70.47261 63.55000 33.45798
v 70.47261 62.45000 33.45798
v 68.79861 62.45000 34.26164
v 68.79861 63.55000 34.26164
v 68.74471 63.55000 33.71429
v 68.74471 62.45000 33.71429
v 67.00000 62.45000 34.35000
v 67.00000 63.55000 34.35000
v 67.00000 63.55000 33.80000
v 67.00000 62.45000 33.80000
v 65.20139 62.45000 34.26164
v 65.20139 63.55000 34.26164
v 65.25529 63.55000 33.71429
v 65.25529 62.45000 33.71429
v 63.42009 62.45000 33.99741
v 63.42009 63.55000 33.99741
v 63.52739 63.55000 33.45798
v 63.52739 62.45000 33.45798
v 61.67328 62.45000 33.55986
v 61.67328 63.55000 33.55986
v 61.83293 63.55000 33.03354
v 61.83293 62.45000 33.03354
v 59.97776 62.45000 32.95319
v 59.97776 63.55000 32.95319
v 60.18823 63.55000 32.44506
v 60.18823 62.45000 32.44506
v 58.34987 62.45000 32.18326
v 58.34987 63.55000 32.18326
v 58.60914 63.55000 31.69820
v 58.60914 62.45000 31.69820
v 56.80529 62.45000 31.25747
v 56.80529 63.55000 31.25747
v 57.11085 63.55000 30.80016
v 57.11085 62.45000 30.80016
v 55.35888 62.45000 30.18474
v 55.35888 63.55000 30.18474
v 55.70780 63.55000 29.75959
v 55.70780 62.45000 29.75959
v 54.02459 62.45000 28.97541
v 54.02459 63.55000 28.97541
v 54.41350 63.55000 28.58650
v 54.41350 62.45000 28.58650
v 52.81526 62.45000 27.64112
v 52.81526 63.55000 27.64112
v 53.24041 63.55000 27.29220
v 53.24041 62.45000 27.29220
v 51.74253 62.45000 26.19471
v 51.74253 63.55000 26.19471
v 52.19984 63.55000 25.88915
v 52.19984 62.45000 25.88915
v 50.81674 62.45000 24.65013
v 50.81674 63.55000 24.65013
v 51.30180 63.55000 24.39086
v 51.30180 62.45000 24.39086
v 50.04681 62.45000 23.02224
v 50.04681 63.55000 23.02224
v 50.55494 63.55000 22.81177
v 50.55494 62.45000 22.81177
v 49.44014 62.45000 21.32672
v 49.44014 63.55000 21.32672
v 49.96646 63.55000 21.16707
v 49.96646 62.45000 21.16707
v 49.00259 62.45000 19.57991
v 49.00259 63.55000 19.57991
v 49.54202 63.55000 19.47261
v 49.54202 62.45000 19.47261
v 48.73836 62.45000 17.79861
v 48.73836 63.55000 17.79861
v 49.28571 63.55000 17.74471
v 49.28571 62.45000 17.74471
v 48.65000 62.45000 16.00000
v 48.65000 63.55000 16.00000
v 49.20000 63.55000 16.00000
v 49.20000 62.45000 16.00000
v 48.73836 62.45000 14.20139
v 48.73836 63.55000 14.20139
v 49.28571 63.55000 14.25529
v 49.28571 62.45000 14.25529
v 49.00259 62.45000 12.42009
v 49.00259 63.55000 12.42009
v 49.54202 63.55000 12.52739
v 49.54202 62.45000 12.52739
v 49.44014 62.45000 10.67328
v 49.44014 63.55000 10.67328
v 49.96646 63.55000 10.83293
v 49.96646 62.45000 10.83293
v 50.04681 62.45000 8.97776
v 50.04681 63.55000 8.97776
v 50.55494 63.55000 9.18823
v 50.55494 62.45000 9.18823
v 50.81674 62.45000 7.34987
v 50.81674 63.55000 7.34987
v 51.30180 63.55000 7.60914
v 51.30180 62.45000 7.60914
v 51.74253 62.45000 5.80529
v 51.74253 63.55000 5.80529
v 52.19984 63.55000 6.11085
v 52.19984 62.45000 6.11085
v 52.81526 62.45000 4.35888
v 52.81526 63.55000 4.35888
v 53.24041 63.55000 4.70780
v 53.24041 62.45000 4.70780
v 54.02459 62.45000 3.02459
v 54.02459 63.55000 3.02459
v 54.41350 63.55000 3.41350
v 54.41350 62.45000 3.41350
v 55.35888 62.45000 1.81526
v 55.35888 63.55000 1.81526
v 55.70780 63.55000 2.24041
v 55.70780 62.45000 2.24041
v 56.80529 62.45000 0.74253
v 56.80529 63.55000 0.74253
v 57.11085 63.55000 1.19984
v 57.11085 62.45000 1.19984
v 58.34987 62.45000 -0.18326
v 58.34987 63.55000 -0.18326
v 58.60914 63.55000 0.30180
v 58.60914 62.45000 0.30180
v 59.97776 62.45000 -0.95319
v 59.97776 63.55000 -0.95319
v 60.18823 63.55000 -0.44506
v 60.18823 62.45000 -0.44506
v 61.67328 62.45000 -1.55986
v 61.67328 63.55000 -1.55986
v 61.83293 63.55000 -1.03354
v 61.83293 62.45000 -1.03354
v 63.42009 62.45000 -1.99741
v 63.42009 63.55000 -1.99741
v 63.52739 63.55000 -1.45798
v 63.52739 62.45000 -1.45798
v 65.20139 62.45000 -2.26164
v 65.20139 63.55000 -2.26164
v 65.25529 63.55000 -1.71429
v 65.25529 62.45000 -1.71429
v 67.00000 62.45000 -2.35000
v 67.00000 63.55000 -2.35000
v 67.00000 63.55000 -1.80000
v 67.00000 62.45000 -1.80000
v 68.79861 62.45000 -2.26164
v 68.79861 63.55000 -2.26164
v 68.74471 63.55000 -1.71429
v 68.74471 62.45000 -1.71429
v 70.57991 62.45000 -1.99741
v 70.57991 63.55000 -1.99741
v 70.47261 63.55000 -1.45798
v 70.47261 62.45000 -1.45798
v 72.32672 62.45000 -1.55986
v 72.32672 63.55000 -1.55986
v 72.16707 63.55000 -1.03354
v 72.16707 62.45000 -1.03354
v 74.02224 62.45000 -0.95319
v 74.02224 63.55000 -0.95319
v 73.81177 63.55000 -0.44506
v 73.81177 62.45000 -0.44506
v 75.65013 62.45000 -0.18326
v 75.65013 63.55000 -0.18326
v 75.39086 63.55000 0.30180
v 75.39086 62.45000 0.30180
v 77.19471 62.45000 0.74253
v 77.19471 63.55000 0.74253
v 76.88915 63.55000 1.19984
v 76.88915 62.45000 1.19984
v 78.64112 62.45000 1.81526
v 78.64112 63.55000 1.81526
v 78.29220 63.55000 2.24041
v 78.29220 62.45000 2.24041
v 79.97541 62.45000 3.02459
v 79.97541 63.55000 3.02459
v 79.58650 63.55000 3.41350
v 79.58650 62.45000 3.41350
v 81.18474 62.45000 4.35888
v 81.18474 63.55000 4.35888
v 80.75959 63.55000 4.70780
v 80.75959 62.45000 4.70780
v 82.25747 62.45000 5.80529
v 82.25747 63.55000 5.80529
v 81.80016 63.55000 6.11085
v 81.80016 62.45000 6.11085
v 83.18326 62.45000 7.34987
v 83.18326 63.55000 7.34987
v 82.69820 63.55000 7.60914
v 82.69820 62.45000 7.60914
v 83.95319 62.45000 8.97776
v 83.95319 63.55000 8.97776
v 83.44506 63.55000 9.18823
v 83.44506 62.45000 9.18823
v 84.55986 62.45000 10.67328
v 84.55986 63.55000 10.67328
v 84.03354 63.55000 10.83293
v 84.03354 62.45000 10.83293
v 84.99741 62.45000 12.42009
v 84.99741 63.55000 12.42009
v 84.45798 63.55000 12.52739
v 84.45798 62.45000 12.52739
v 85.26164 62.45000 14.20139
v 85.26164 63.55000 14.20139
v 84.71429 63.55000 14.25529
v 84.71429 62.45000 14.25529
f 9537 9538 9539
f 9537 9539 9540
f 9541 9542 9543
f 9541 9544 9542
f 9537 9543 9538
f 9537 9541 9543
f 9540 9539 9542
f 9540 9542 9544
f 9538 9545 9546
f 9538 9546 9539
f 9543 9547 9548
f 9543 9542 9547
f 9538 9548 9545
f 9538 9543 9548
f 9539 9546 9547
f 9539 9547 9542
f 9545 9549 9550
f 9545 9550 9546
f 9548 9551 9552
f 9548 9547 9551
f 9545 9552 9549
f 9545 9548 9552
f 9546 9550 9551
f 9546 9551 9547
f 9549 9553 9554
f 9549 9554 9550
f 9552 9555 9556
f 9552 9551 9555
f 9549 9556 9553
f 9549 9552 9556
f 9550 9554 9555
f 9550 9555 9551
f 9553 9557 9558
f 9553 9558 9554
f 9556 9559 9560
f 9556 9555 9559
f 9553 9560 9557
f 9553 9556 9560
f 9554 9558 9559
f 9554 9559 9555
f 9557 9561 9562
f 9557 9562 9558
f 9560 9563 9564
f 9560 9559 9563
f 9557 9564 9561
f 9557 9560 9564
f 9558 9562 9563
f 9558 9563 9559
f 9561 9565 9566
f 9561 9566 9562
f 9564 9567 9568
f 9564 9563 9567
f 9561 9568 9565
f 9561 9564 9568
f 9562 9566 9567
f 9562 9567 9563
f 9565 9569 9570
f 9565 9570 9566
f 9568 9571 9572
f 9568 9567 9571
f 9565 9572 9569
f 9565 9568 9572
f 9566 9570 9571
f 9566 9571 9567
f 9569 9573 9574
f 9569 9574 9570
f 9572 9575 9576
f 9572 9571 9575
f 9569 9576 9573
f 9569 9572 9576
f 9570 9574 9575
f 9570 9575 9571
f 9573 9577 9578
f 9573 9578 9574
f 9576 9579 9580
f 9576 9575 9579
f 9573 9580 9577
f 9573 9576 9580
f 9574 9578 9579
f 9574 9579 9575
f 9577 9581 9582
f 9577 9582 9578
f 9580 9583 9584
f 9580 9579 9583
f 9577 9584 9581
f 9577 9580 9584
f 9578 9582 9583
f 9578 9583 9579
f 9581 9585 9586
f 9581 9586 9582
f 9584 9587 9588
f 9584 9583 9587
f 9581 9588 9585
f 9581 9584 9588
f 9582 9586 9587
f 9582 9587 9583
f 9585 9589 9590
f 9585 9590 9586
f 9588 9591 9592
f 9588 9587 9591
f 9585 9592 9589
f 9585 9588 9592
f 9586 9590 9591
f 9586 9591 9587
f 9589 9593 9594
f 9589 9594 9590
f 9592 9595 9596
f 9592 9591 9595
f 9589 9596 9593
f 9589 9592 9596
f 9590 9594 9595
f 9590 9595 9591
f 9593 9597 9598
f 9593 9598 9594
f 9596 9599 9600
f 9596 9595 9599
f 9593 9600 9597
f 9593 9596 9600
f 9594 9598 9599
f 9594 9599 9595
f 9597 9601 9602
f 9597 9602 9598
f 9600 9603 9604
f 9600 9599 9603
f 9597 9604 9601
f 9597 9600 9604
f 9598 9602 9603
f 9598 9603 9599
f 9601 9605 9606
f 9601 9606 9602
f 9604 9607 9608
f 9604 9603 9607
f 9601 9608 9605
f 9601 9604 9608
f 9602 9606 9607
f 9602 9607 9603
f 9605 9609 9610
f 9605 9610 9606
f 9608 9611 9612
f 9608 9607 9611
f 9605 9612 9609
f 9605 9608 9612
f 9606 9610 9611
f 9606 9611 9607
f 9609 9613 9614
f 9609 9614 9610
f 9612 9615 9616
f 9612 9611 9615
f 9609 9616 9613
f 9609 9612 9616
f 9610 9614 9615
f 9610 9615 9611
f 9613 9617 9618
f 9613 9618 9614
f 9616 9619 9620
f 9616 9615 9619
f 9613 9620 9617
f 9613 9616 9620
f 9614 9618 9619
f 9614 9619 9615
f 9617 9621 9622
f 9617 9622 9618
f 9620 9623 9624
f 9620 9619 9623
f 9617 9624 9621
f 9617 9620 9624
f 9618 9622 9623
f 9618 9623 9619
f 9621 9625 9626
f 9621 9626 9622
f 9624 9627 9628
f 9624 9623 9627
f 9621 9628 9625
f 9621 9624 9628
f 9622 9626 9627
f 9622 9627 9623
f 9625 9629 9630
f 9625 9630 9626
f 9628 9631 9632
f 9628 9627 9631
f 9625 9632 9629
f 9625 9628 9632
f 9626 9630 9631
f 9626 9631 9627
f 9629 9633 9634
f 9629 9634 9630
f 9632 9635 9636
f 9632 9631 9635
f 9629 9636 9633
f 9629 9632 9636
f 9630 9634 9635
f 9630 9635 9631
f 9633 9637 9638
f 9633 9638 9634
f 9636 9639 9640
f 9636 9635 9639
f 9633 9640 9637
f 9633 9636 9640
f 9634 9638 9639
f 9634 9639 9635
f 9637 9641 9642
f 9637 9642 9638
f 9640 9643 9644
f 9640 9639 9643
f 9637 9644 9641
f 9637 9640 9644
f 9638 9642 9643
f 9638 9643 9639
f 9641 9645 9646
f 9641 9646 9642
f 9644 9647 9648
f 9644 9643 9647
f 9641 9648 9645
f 9641 9644 9648
f 9642 9646 9647
f 9642 9647 9643
f 9645 9649 9650
f 9645 9650 9646
f 9648 9651 9652
f 9648 9647 9651
f 9645 9652 9649
f 9645 9648 9652
f 9646 9650 9651
f 9646 9651 9647
f 9649 9653 9654
f 9649 9654 9650
f 9652 9655 9656
f 9652 9651 9655
f 9649 9656 9653
f 9649 9652 9656
f 9650 9654 9655
f 9650 9655 9651
f 9653 9657 9658
f 9653 9658 9654
f 9656 9659 9660
f 9656 9655 9659
f 9653 9660 9657
f 9653 9656 9660
f 9654 9658 9659
f 9654 9659 9655
f 9657 9661 9662
f 9657 9662 9658
f 9660 9663 9664
f 9660 9659 9663
f 9657 9664 9661
f 9657 9660 9664
f 9658 9662 9663
f 9658 9663 9659
f 9661 9665 9666
f 9661 9666 9662
f 9664 9667 9668
f 9664 9663 9667
f 9661 9668 9665
f 9661 9664 9668
f 9662 9666 9667
f 9662 9667 9663
f 9665 9669 9670
f 9665 9670 9666
f 9668 9671 9672
f 9668 9667 9671
f 9665 9672 9669
f 9665 9668 9672
f 9666 9670 9671
f 9666 9671 9667
f 9669 9673 9674
f 9669 9674 9670
f 9672 9675 9676
f 9672 9671 9675
f 9669 9676 9673
f 9669 9672 9676
f 9670 9674 9675
f 9670 9675 9671
f 9673 9677 9678
f 9673 9678 9674
f 9676 9679 9680
f 9676 9675 9679
f 9673 9680 9677
f 9673 9676 9680
f 9674 9678 9679
f 9674 9679 9675
f 9677 9681 9682
f 9677 9682 9678
f 9680 9683 9684
f 9680 9679 9683
f 9677 9684 9681
f 9677 9680 9684
f 9678 9682 9683
f 9678 9683 9679
f 9681 9685 9686
f 9681 9686 9682
f 9684 9687 9688
f 9684 9683 9687
f 9681 9688 9685
f 9681 9684 9688
f 9682 9686 9687
f 9682 9687 9683
f 9685 9689 9690
f 9685 9690 9686
f 9688 9691 9692
f 9688 9687 9691
f 9685 9692 9689
f 9685 9688 9692
f 9686 9690 9691
f 9686 9691 9687
f 9689 9693 9694
f 9689 9694 9690
f 9692 9695 9696
f 9692 9691 9695
f 9689 9696 9693
f 9689 9692 9696
f 9690 9694 9695
f 9690 9695 9691
f 9693 9697 9698
f 9693 9698 9694
f 9696 9699 9700
f 9696 9695 9699
f 9693 9700 9697
f 9693 9696 9700
f 9694 9698 9699
f 9694 9699 9695
f 9697 9701 9702
f 9697 9702 9698
f 9700 9703 9704
f 9700 9699 9703
f 9697 9704 9701
f 9697 9700 9704
f 9698 9702 9703
f 9698 9703 9699
f 9701 9705 9706
f 9701 9706 9702
f 9704 9707 9708
f 9704 9703 9707
f 9701 9708 9705
f 9701 9704 9708
f 9702 9706 9707
f 9702 9707 9703
f 9705 9709 9710
f 9705 9710 9706
f 9708 9711 9712
f 9708 9707 9711
f 9705 9712 9709
f 9705 9708 9712
f 9706 9710 9711
f 9706 9711 9707
f 9709 9713 9714
f 9709 9714 9710
f 9712 9715 9716
f 9712 9711 9715
f 9709 9716 9713
f 9709 9712 9716
f 9710 9714 9715
f 9710 9715 9711
f 9713 9717 9718
f 9713 9718 9714
f 9716 9719 9720
f 9716 9715 9719
f 9713 9720 9717
f 9713 9716 9720
f 9714 9718 9719
f 9714 9719 9715
f 9717 9721 9722
f 9717 9722 9718
f 9720 9723 9724
f 9720 9719 9723
f 9717 9724 9721
f 9717 9720 9724
f 9718 9722 9723
f 9718 9723 9719
f 9721 9725 9726
f 9721 9726 9722
f 9724 9727 9728
f 9724 9723 9727
f 9721 9728 9725
f 9721 9724 9728
f 9722 9726 9727
f 9722 9727 9723
f 9725 9729 9730
f 9725 9730 9726
f 9728 9731 9732
f 9728 9727 9731
f 9725 9732 9729
f 9725 9728 9732
f 9726 9730 9731
f 9726 9731 9727
f 9729 9733 9734
f 9729 9734 9730
f 9732 9735 9736
f 9732 9731 9735
f 9729 9736 9733
f 9729 9732 9736
f 9730 9734 9735
f 9730 9735 9731
f 9733 9737 9738
f 9733 9738 9734
f 9736 9739 9740
f 9736 9735 9739
f 9733 9740 9737
f 9733 9736 9740
f 9734 9738 9739
f 9734 9739 9735
f 9737 9741 9742
f 9737 9742 9738
f 9740 9743 9744
f 9740 9739 9743
f 9737 9744 9741
f 9737 9740 9744
f 9738 9742 9743
f 9738 9743 9739
f 9741 9745 9746
f 9741 9746 9742
f 9744 9747 9748
f 9744 9743 9747
f 9741 9748 9745
f 9741 9744 9748
f 9742 9746 9747
f 9742 9747 9743
f 9745 9749 9750
f 9745 9750 9746
f 9748 9751 9752
f 9748 9747 9751
f 9745 9752 9749
f 9745 9748 9752
f 9746 9750 9751
f 9746 9751 9747
f 9749 9753 9754
f 9749 9754 9750
f 9752 9755 9756
f 9752 9751 9755
f 9749 9756 9753
f 9749 9752 9756
f 9750 9754 9755
f 9750 9755 9751
f 9753 9757 9758
f 9753 9758 9754
f 9756 9759 9760
f 9756 9755 9759
f 9753 9760 9757
f 9753 9756 9760
f 9754 9758 9759
f 9754 9759 9755
f 9757 9761 9762
f 9757 9762 9758
f 9760 9763 9764
f 9760 9759 9763
f 9757 9764 9761
f 9757 9760 9764
f 9758 9762 9763
f 9758 9763 9759
f 9761 9765 9766
f 9761 9766 9762
f 9764 9767 9768
f 9764 9763 9767
f 9761 9768 9765
f 9761 9764 9768
f 9762 9766 9767
f 9762 9767 9763
f 9765 9769 9770
f 9765 9770 9766
f 9768 9771 9772
f 9768 9767 9771
f 9765 9772 9769
f 9765 9768 9772
f 9766 9770 9771
f 9766 9771 9767
f 9769 9773 9774
f 9769 9774 9770
f 9772 9775 9776
f 9772 9771 9775
f 9769 9776 9773
f 9769 9772 9776
f 9770 9774 9775
f 9770 9775 9771
f 9773 9777 9778
f 9773 9778 9774
f 9776 9779 9780
f 9776 9775 9779
f 9773 9780 9777
f 9773 9776 9780
f 9774 9778 9779
f 9774 9779 9775
f 9777 9781 9782
f 9777 9782 9778
f 9780 9783 9784
f 9780 9779 9783
f 9777 9784 9781
f 9777 9780 9784
f 9778 9782 9783
f 9778 9783 9779
f 9781 9785 9786
f 9781 9786 9782
f 9784 9787 9788
f 9784 9783 9787
f 9781 9788 9785
f 9781 9784 9788
f 9782 9786 9787
f 9782 9787 9783
f 9785 9789 9790
f 9785 9790 9786
f 9788 9791 9792
f 9788 9787 9791
f 9785 9792 9789
f 9785 9788 9792
f 9786 9790 9791
f 9786 9791 9787
f 9789 9537 9540
f 9789 9540 9790
f 9792 9544 9541
f 9792 9791 9544
f 9789 9541 9537
f 9789 9792 9541
f 9790 9540 9544
f 9790 9544 9791
f 9793 9794 9795
f 9793 9795 9796
f 9797 9798 9799
f 9797 9800 9798
f 9793 9799 9794
f 9793 9797 9799
f 9796 9795 9798
f 9796 9798 9800
f 9794 9801 9802
f 9794 9802 9795
f 9799 9803 9804
f 9799 9798 9803
f 9794 9804 9801
f 9794 9799 9804
f 9795 9802 9803
f 9795 9803 9798
f 9801 9805 9806
f 9801 9806 9802
f 9804 9807 9808
f 9804 9803 9807
f 9801 9808 9805
f 9801 9804 9808
f 9802 9806 9807
f 9802 9807 9803
f 9805 9809 9810
f 9805 9810 9806
f 9808 9811 9812
f 9808 9807 9811
f 9805 9812 9809
f 9805 9808 9812
f 9806 9810 9811
f 9806 9811 9807
f 9809 9813 9814
f 9809 9814 9810
f 9812 9815 9816
f 9812 9811 9815
f 9809 9816 9813
f 9809 9812 9816
f 9810 9814 9815
f 9810 9815 9811
f 9813 9817 9818
f 9813 9818 9814
f 9816 9819 9820
f 9816 9815 9819
f 9813 9820 9817
f 9813 9816 9820
f 9814 9818 9819
f 9814 9819 9815
f 9817 9821 9822
f 9817 9822 9818
f 9820 9823 9824
f 9820 9819 9823
f 9817 9824 9821
f 9817 9820 9824
f 9818 9822 9823
f 9818 9823 9819
f 9821 9825 9826
f 9821 9826 9822
f 9824 9827 9828
f 9824 9823 9827
f 9821 9828 9825
f 9821 9824 9828
f 9822 9826 9827
f 9822 9827 9823
f 9825 9829 9830
f 9825 9830 9826
f 9828 9831 9832
f 9828 9827 9831
f 9825 9832 9829
f 9825 9828 9832
f 9826 9830 9831
f 9826 9831 9827
f 9829 9833 9834
f 9829 9834 9830
f 9832 9835 9836
f 9832 9831 9835
f 9829 9836 9833
f 9829 9832 9836
f 9830 9834 9835
f 9830 9835 9831
f 9833 9837 9838
f 9833 9838 9834
f 9836 9839 9840
f 9836 9835 9839
f 9833 9840 9837
f 9833 9836 9840
f 9834 9838 9839
f 9834 9839 9835
f 9837 9841 9842
f 9837 9842 9838
f 9840 9843 9844
f 9840 9839 9843
f 9837 9844 9841
f 9837 9840 9844
f 9838 9842 9843
f 9838 9843 9839
f 9841 9845 9846
f 9841 9846 9842
f 9844 9847 9848
f 9844 9843 9847
f 9841 9848 9845
f 9841 9844 9848
f 9842 9846 9847
f 9842 9847 9843
f 9845 9849 9850
f 9845 9850 9846
f 9848 9851 9852
f 9848 9847 9851
f 9845 9852 9849
f 9845 9848 9852
f 9846 9850 9851
f 9846 9851 9847
f 9849 9853 9854
f 9849 9854 9850
f 9852 9855 9856
f 9852 9851 9855
f 9849 9856 9853
f 9849 9852 9856
f 9850 9854 9855
f 9850 9855 9851
f 9853 9857 9858
f 9853 9858 9854
f 9856 9859 9860
f 9856 9855 9859
f 9853 9860 9857
f 9853 9856 9860
f 9854 9858 9859
f 9854 9859 9855
f 9857 9861 9862
f 9857 9862 9858
f 9860 9863 9864
f 9860 9859 9863
f 9857 9864 9861
f 9857 9860 9864
f 9858 9862 9863
f 9858 9863 9859
f 9861 9865 9866
f 9861 9866 9862
f 9864 9867 9868
f 9864 9863 9867
f 9861 9868 9865
f 9861 9864 9868
f 9862 9866 9867
f 9862 9867 9863
f 9865 9869 9870
f 9865 9870 9866
f 9868 9871 9872
f 9868 9867 9871
f 9865 9872 9869
f 9865 9868 9872
f 9866 9870 9871
f 9866 9871 9867
f 9869 9873 9874
f 9869 9874 9870
f 9872 9875 9876
f 9872 9871 9875
f 9869 9876 9873
f 9869 9872 9876
f 9870 9874 9875
f 9870 9875 9871
f 9873 9877 9878
f 9873 9878 9874
f 9876 9879 9880
f 9876 9875 9879
f 9873 9880 9877
f 9873 9876 9880
f 9874 9878 9879
f 9874 9879 9875
f 9877 9881 9882
f 9877 9882 9878
f 9880 9883 9884
f 9880 9879 9883
f 9877 9884 9881
f 9877 9880 9884
f 9878 9882 9883
f 9878 9883 9879
f 9881 9885 9886
f 9881 9886 9882
f 9884 9887 9888
f 9884 9883 9887
f 9881 9888 9885
f 9881 9884 9888
f 9882 9886 9887
f 9882 9887 9883
f 9885 9889 9890
f 9885 9890 9886
f 9888 9891 9892
f 9888 9887 9891
f 9885 9892 9889
f 9885 9888 9892
f 9886 9890 9891
f 9886 9891 9887
f 9889 9893 9894
f 9889 9894 9890
f 9892 9895 9896
f 9892 9891 9895
f 9889 9896 9893
f 9889 9892 9896
f 9890 9894 9895
f 9890 9895 9891
f 9893 9897 9898
f 9893 9898 9894
f 9896 9899 9900
f 9896 9895 9899
f 9893 9900 9897
f 9893 9896 9900
f 9894 9898 9899
f 9894 9899 9895
f 9897 9901 9902
f 9897 9902 9898
f 9900 9903 9904
f 9900 9899 9903
f 9897 9904 9901
f 9897 9900 9904
f 9898 9902 9903
f 9898 9903 9899
f 9901 9905 9906
f 9901 9906 9902
f 9904 9907 9908
f 9904 9903 9907
f 9901 9908 9905
f 9901 9904 9908
f 9902 9906 9907
f 9902 9907 9903
f 9905 9909 9910
f 9905 9910 9906
f 9908 9911 9912
f 9908 9907 9911
f 9905 9912 9909
f 9905 9908 9912
f 9906 9910 9911
f 9906 9911 9907
f 9909 9913 9914
f 9909 9914 9910
f 9912 9915 9916
f 9912 9911 9915
f 9909 9916 9913
f 9909 9912 9916
f 9910 9914 9915
f 9910 9915 9911
f 9913 9917 9918
f 9913 9918 9914
f 9916 9919 9920
f 9916 9915 9919
f 9913 9920 9917
f 9913 9916 9920
f 9914 9918 9919
f 9914 9919 9915
f 9917 9921 9922
f 9917 9922 9918
f 9920 9923 9924
f 9920 9919 9923
f 9917 9924 9921
f 9917 9920 9924
f 9918 9922 9923
f 9918 9923 9919
f 9921 9925 9926
f 9921 9926 9922
f 9924 9927 9928
f 9924 9923 9927
f 9921 9928 9925
f 9921 9924 9928
f 9922 9926 9927
f 9922 9927 9923
f 9925 9929 9930
f 9925 9930 9926
f 9928 9931 9932
f 9928 9927 9931
f 9925 9932 9929
f 9925 9928 9932
f 9926 9930 9931
f 9926 9931 9927
f 9929 9933 9934
f 9929 9934 9930
f 9932 9935 9936
f 9932 9931 9935
f 9929 9936 9933
f 9929 9932 9936
f 9930 9934 9935
f 9930 9935 9931
f 9933 9937 9938
f 9933 9938 9934
f 9936 9939 9940
f 9936 9935 9939
f 9933 9940 9937
f 9933 9936 9940
f 9934 9938 9939
f 9934 9939 9935
f 9937 9941 9942
f 9937 9942 9938
f 9940 9943 9944
f 9940 9939 9943
f 9937 9944 9941
f 9937 9940 9944
f 9938 9942 9943
f 9938 9943 9939
f 9941 9945 9946
f 9941 9946 9942
f 9944 9947 9948
f 9944 9943 9947
f 9941 9948 9945
f 9941 9944 9948
f 9942 9946 9947
f 9942 9947 9943
f 9945 9949 9950
f 9945 9950 9946
f 9948 9951 9952
f 9948 9947 9951
f 9945 9952 9949
f 9945 9948 9952
f 9946 9950 9951
f 9946 9951 9947
f 9949 9953 9954
f 9949 9954 9950
f 9952 9955 9956
f 9952 9951 9955
f 9949 9956 9953
f 9949 9952 9956
f 9950 9954 9955
f 9950 9955 9951
f 9953 9957 9958
f 9953 9958 9954
f 9956 9959 9960
f 9956 9955 9959
f 9953 9960 9957
f 9953 9956 9960
f 9954 9958 9959
f 9954 9959 9955
f 9957 9961 9962
f 9957 9962 9958
f 9960 9963 9964
f 9960 9959 9963
f 9957 9964 9961
f 9957 9960 9964
f 9958 9962 9963
f 9958 9963 9959
f 9961 9965 9966
f 9961 9966 9962
f 9964 9967 9968
f 9964 9963 9967
f 9961 9968 9965
f 9961 9964 9968
f 9962 9966 9967
f 9962 9967 9963
f 9965 9969 9970
f 9965 9970 9966
f 9968 9971 9972
f 9968 9967 9971
f 9965 9972 9969
f 9965 9968 9972
f 9966 9970 9971
f 9966 9971 9967
f 9969 9973 9974
f 9969 9974 9970
f 9972 9975 9976
f 9972 9971 9975
f 9969 9976 9973
f 9969 9972 9976
f 9970 9974 9975
f 9970 9975 9971
f 9973 9977 9978
f 9973 9978 9974
f 9976 9979 9980
f 9976 9975 9979
f 9973 9980 9977
f 9973 9976 9980
f 9974 9978 9979
f 9974 9979 9975
f 9977 9981 9982
f 9977 9982 9978
f 9980 9983 9984
f 9980 9979 9983
f 9977 9984 9981
f 9977 9980 9984
f 9978 9982 9983
f 9978 9983 9979
f 9981 9985 9986
f 9981 9986 9982
f 9984 9987 9988
f 9984 9983 9987
f 9981 9988 9985
f 9981 9984 9988
f 9982 9986 9987
f 9982 9987 9983
f 9985 9989 9990
f 9985 9990 9986
f 9988 9991 9992
f 9988 9987 9991
f 9985 9992 9989
f 9985 9988 9992
f 9986 9990 9991
f 9986 9991 9987
f 9989 9993 9994
f 9989 9994 9990
f 9992 9995 9996
f 9992 9991 9995
f 9989 9996 9993
f 9989 9992 9996
f 9990 9994 9995
f 9990 9995 9991
f 9993 9997 9998
f 9993 9998 9994
f 9996 9999 10000
f 9996 9995 9999
f 9993 10000 9997
f 9993 9996 10000
f 9994 9998 9999
f 9994 9999 9995
f 9997 10001 10002
f 9997 10002 9998
f 10000 10003 10004
f 10000 9999 10003
f 9997 10004 10001
f 9997 10000 10004
f 9998 10002 10003
f 9998 10003 9999
f 10001 10005 10006
f 10001 10006 10002
f 10004 10007 10008
f 10004 10003 10007
f 10001 10008 10005
f 10001 10004 10008
f 10002 10006 10007
f 10002 10007 10003
f 10005 10009 10010
f 10005 10010 10006
f 10008 10011 10012
f 10008 10007 10011
f 10005 10012 10009
f 10005 10008 10012
f 10006 10010 10011
f 10006 10011 10007
f 10009 10013 10014
f 10009 10014 10010
f 10012 10015 10016
f 10012 10011 10015
f 10009 10016 10013
f 10009 10012 10016
f 10010 10014 10015
f 10010 10015 10011
f 10013 10017 10018
f 10013 10018 10014
f 10016 10019 10020
f 10016 10015 10019
f 10013 10020 10017
f 10013 10016 10020
f 10014 10018 10019
f 10014 10019 10015
f 10017 10021 10022
f 10017 10022 10018
f 10020 10023 10024
f 10020 10019 10023
f 10017 10024 10021
f 10017 10020 10024
f 10018 10022 10023
f 10018 10023 10019
f 10021 10025 10026
f 10021 10026 10022
f 10024 10027 10028
f 10024 10023 10027
f 10021 10028 10025
f 10021 10024 10028
f 10022 10026 10027
f 10022 10027 10023
f 10025 10029 10030
f 10025 10030 10026
f 10028 10031 10032
f 10028 10027 10031
f 10025 10032 10029
f 10025 10028 10032
f 10026 10030 10031
f 10026 10031 10027
f 10029 10033 10034
f 10029 10034 10030
f 10032 10035 10036
f 10032 10031 10035
f 10029 10036 10033
f 10029 10032 10036
f 10030 10034 10035
f 10030 10035 10031
f 10033 10037 10038
f 10033 10038 10034
f 10036 10039 10040
f 10036 10035 10039
f 10033 10040 10037
f 10033 10036 10040
f 10034 10038 10039
f 10034 10039 10035
f 10037 10041 10042
f 10037 10042 10038
f 10040 10043 10044
f 10040 10039 10043
f 10037 10044 10041
f 10037 10040 10044
f 10038 10042 10043
f 10038 10043 10039
f 10041 10045 10046
f 10041 10046 10042
f 10044 10047 10048
f 10044 10043 10047
f 10041 10048 10045
f 10041 10044 10048
f 10042 10046 10047
f 10042 10047 10043
f 10045 9793 9796
f 10045 9796 10046
f 10048 9800 9797
f 10048 10047 9800
f 10045 9797 9793
f 10045 10048 9797
f 10046 9796 9800
f 10046 9800 10047
f 10049 10050 10051
f 10049 10051 10052
f 10053 10054 10055
f 10053 10056 10054
f 10049 10055 10050
f 10049 10053 10055
f 10052 10051 10054
f 10052 10054 10056
f 10050 10057 10058
f 10050 10058 10051
f 10055 10059 10060
f 10055 10054 10059
f 10050 10060 10057
f 10050 10055 10060
f 10051 10058 10059
f 10051 10059 10054
f 10057 10061 10062
f 10057 10062 10058
f 10060 10063 10064
f 10060 10059 10063
f 10057 10064 10061
f 10057 10060 10064
f 10058 10062 10063
f 10058 10063 10059
f 10061 10065 10066
f 10061 10066 10062
f 10064 10067 10068
f 10064 10063 10067
f 10061 10068 10065
f 10061 10064 10068
f 10062 10066 10067
f 10062 10067 10063
f 10065 10069 10070
f 10065 10070 10066
f 10068 10071 10072
f 10068 10067 10071
f 10065 10072 10069
f 10065 10068 10072
f 10066 10070 10071
f 10066 10071 10067
f 10069 10073 10074
f 10069 10074 10070
f 10072 10075 10076
f 10072 10071 10075
f 10069 10076 10073
f 10069 10072 10076
f 10070 10074 10075
f 10070 10075 10071
f 10073 10077 10078
f 10073 10078 10074
f 10076 10079 10080
f 10076 10075 10079
f 10073 10080 10077
f 10073 10076 10080
f 10074 10078 10079
f 10074 10079 10075
f 10077 10081 10082
f 10077 10082 10078
f 10080 10083 10084
f 10080 10079 10083
f 10077 10084 10081
f 10077 10080 10084
f 10078 10082 10083
f 10078 10083 10079
f 10081 10085 10086
f 10081 10086 10082
f 10084 10087 10088
f 10084 10083 10087
f 10081 10088 10085
f 10081 10084 10088
f 10082 10086 10087
f 10082 10087 10083
f 10085 10089 10090
f 10085 10090 10086
f 10088 10091 10092
f 10088 10087 10091
f 10085 10092 10089
f 10085 10088 10092
f 10086 10090 10091
f 10086 10091 10087
f 10089 10093 10094
f 10089 10094 10090
f 10092 10095 10096
f 10092 10091 10095
f 10089 10096 10093
f 10089 10092 10096
f 10090 10094 10095
f 10090 10095 10091
f 10093 10097 10098
f 10093 10098 10094
f 10096 10099 10100
f 10096 10095 10099
f 10093 10100 10097
f 10093 10096 10100
f 10094 10098 10099
f 10094 10099 10095
f 10097 10101 10102
f 10097 10102 10098
f 10100 10103 10104
f 10100 10099 10103
f 10097 10104 10101
f 10097 10100 10104
f 10098 10102 10103
f 10098 10103 10099
f 10101 10105 10106
f 10101 10106 10102
f 10104 10107 10108
f 10104 10103 10107
f 10101 10108 10105
f 10101 10104 10108
f 10102 10106 10107
f 10102 10107 10103
f 10105 10109 10110
f 10105 10110 10106
f 10108 10111 10112
f 10108 10107 10111
f 10105 10112 10109
f 10105 10108 10112
f 10106 10110 10111
f 10106 10111 10107
f 10109 10113 10114
f 10109 10114 10110
f 10112 10115 10116
f 10112 10111 10115
f 10109 10116 10113
f 10109 10112 10116
f 10110 10114 10115
f 10110 10115 10111
f 10113 10117 10118
f 10113 10118 10114
f 10116 10119 10120
f 10116 10115 10119
f 10113 10120 10117
f 10113 10116 10120
f 10114 10118 10119
f 10114 10119 10115
f 10117 10121 10122
f 10117 10122 10118
f 10120 10123 10124
f 10120 10119 10123
f 10117 10124 10121
f 10117 10120 10124
f 10118 10122 10123
f 10118 10123 10119
f 10121 10125 10126
f 10121 10126 10122
f 10124 10127 10128
f 10124 10123 10127
f 10121 10128 10125
f 10121 10124 10128
f 10122 10126 10127
f 10122 10127 10123
f 10125 10129 10130
f 10125 10130 10126
f 10128 10131 10132
f 10128 10127 10131
f 10125 10132 10129
f 10125 10128 10132
f 10126 10130 10131
f 10126 10131 10127
f 10129 10133 10134
f 10129 10134 10130
f 10132 10135 10136
f 10132 10131 10135
f 10129 10136 10133
f 10129 10132 10136
f 10130 10134 10135
f 10130 10135 10131
f 10133 10137 10138
f 10133 10138 10134
f 10136 10139 10140
f 10136 10135 10139
f 10133 10140 10137
f 10133 10136 10140
f 10134 10138 10139
f 10134 10139 10135
f 10137 10141 10142
f 10137 10142 10138
f 10140 10143 10144
f 10140 10139 10143
f 10137 10144 10141
f 10137 10140 10144
f 10138 10142 10143
f 10138 10143 10139
f 10141 10145 10146
f 10141 10146 10142
f 10144 10147 10148
f 10144 10143 10147
f 10141 10148 10145
f 10141 10144 10148
f 10142 10146 10147
f 10142 10147 10143
f 10145 10149 10150
f 10145 10150 10146
f 10148 10151 10152
f 10148 10147 10151
f 10145 10152 10149
f 10145 10148 10152
f 10146 10150 10151
f 10146 10151 10147
f 10149 10153 10154
f 10149 10154 10150
f 10152 10155 10156
f 10152 10151 10155
f 10149 10156 10153
f 10149 10152 10156
f 10150 10154 10155
f 10150 10155 10151
f 10153 10157 10158
f 10153 10158 10154
f 10156 10159 10160
f 10156 10155 10159
f 10153 10160 10157
f 10153 10156 10160
f 10154 10158 10159
f 10154 10159 10155
f 10157 10161 10162
f 10157 10162 10158
f 10160 10163 10164
f 10160 10159 10163
f 10157 10164 10161
f 10157 10160 10164
f 10158 10162 10163
f 10158 10163 10159
f 10161 10165 10166
f 10161 10166 10162
f 10164 10167 10168
f 10164 10163 10167
f 10161 10168 10165
f 10161 10164 10168
f 10162 10166 10167
f 10162 10167 10163
f 10165 10169 10170
f 10165 10170 10166
f 10168 10171 10172
f 10168 10167 10171
f 10165 10172 10169
f 10165 10168 10172
f 10166 10170 10171
f 10166 10171 10167
f 10169 10173 10174
f 10169 10174 10170
f 10172 10175 10176
f 10172 10171 10175
f 10169 10176 10173
f 10169 10172 10176
f 10170 10174 10175
f 10170 10175 10171
f 10173 10177 10178
f 10173 10178 10174
f 10176 10179 10180
f 10176 10175 10179
f 10173 10180 10177
f 10173 10176 10180
f 10174 10178 10179
f 10174 10179 10175
f 10177 10181 10182
f 10177 10182 10178
f 10180 10183 10184
f 10180 10179 10183
f 10177 10184 10181
f 10177 10180 10184
f 10178 10182 10183
f 10178 10183 10179
f 10181 10185 10186
f 10181 10186 10182
f 10184 10187 10188
f 10184 10183 10187
f 10181 10188 10185
f 10181 10184 10188
f 10182 10186 10187
f 10182 10187 10183
f 10185 10189 10190
f 10185 10190 10186
f 10188 10191 10192
f 10188 10187 10191
f 10185 10192 10189
f 10185 10188 10192
f 10186 10190 10191
f 10186 10191 10187
f 10189 10193 10194
f 10189 10194 10190
f 10192 10195 10196
f 10192 10191 10195
f 10189 10196 10193
f 10189 10192 10196
f 10190 10194 10195
f 10190 10195 10191
f 10193 10197 10198
f 10193 10198 10194
f 10196 10199 10200
f 10196 10195 10199
f 10193 10200 10197
f 10193 10196 10200
f 10194 10198 10199
f 10194 10199 10195
f 10197 10201 10202
f 10197 10202 10198
f 10200 10203 10204
f 10200 10199 10203
f 10197 10204 10201
f 10197 10200 10204
f 10198 10202 10203
f 10198 10203 10199
f 10201 10205 10206
f 10201 10206 10202
f 10204 10207 10208
f 10204 10203 10207
f 10201 10208 10205
f 10201 10204 10208
f 10202 10206 10207
f 10202 10207 10203
f 10205 10209 10210
f 10205 10210 10206
f 10208 10211 10212
f 10208 10207 10211
f 10205 10212 10209
f 10205 10208 10212
f 10206 10210 10211
f 10206 10211 10207
f 10209 10213 10214
f 10209 10214 10210
f 10212 10215 10216
f 10212 10211 10215
f 10209 10216 10213
f 10209 10212 10216
f 10210 10214 10215
f 10210 10215 10211
f 10213 10217 10218
f 10213 10218 10214
f 10216 10219 10220
f 10216 10215 10219
f 10213 10220 10217
f 10213 10216 10220
f 10214 10218 10219
f 10214 10219 10215
f 10217 10221 10222
f 10217 10222 10218
f 10220 10223 10224
f 10220 10219 10223
f 10217 10224 10221
f 10217 10220 10224
f 10218 10222 10223
f 10218 10223 10219
f 10221 10225 10226
f 10221 10226 10222
f 10224 10227 10228
f 10224 10223 10227
f 10221 10228 10225
f 10221 10224 10228
f 10222 10226 10227
f 10222 10227 10223
f 10225 10229 10230
f 10225 10230 10226
f 10228 10231 10232
f 10228 10227 10231
f 10225 10232 10229
f 10225 10228 10232
f 10226 10230 10231
f 10226 10231 10227
f 10229 10233 10234
f 10229 10234 10230
f 10232 10235 10236
f 10232 10231 10235
f 10229 10236 10233
f 10229 10232 10236
f 10230 10234 10235
f 10230 10235 10231
f 10233 10237 10238
f 10233 10238 10234
f 10236 10239 10240
f 10236 10235 10239
f 10233 10240 10237
f 10233 10236 10240
f 10234 10238 10239
f 10234 10239 10235
f 10237 10241 10242
f 10237 10242 10238
f 10240 10243 10244
f 10240 10239 10243
f 10237 10244 10241
f 10237 10240 10244
f 10238 10242 10243
f 10238 10243 10239
f 10241 10245 10246
f 10241 10246 10242
f 10244 10247 10248
f 10244 10243 10247
f 10241 10248 10245
f 10241 10244 10248
f 10242 10246 10247
f 10242 10247 10243
f 10245 10249 10250
f 10245 10250 10246
f 10248 10251 10252
f 10248 10247 10251
f 10245 10252 10249
f 10245 10248 10252
f 10246 10250 10251
f 10246 10251 10247
f 10249 10253 10254
f 10249 10254 10250
f 10252 10255 10256
f 10252 10251 10255
f 10249 10256 10253
f 10249 10252 10256
f 10250 10254 10255
f 10250 10255 10251
f 10253 10257 10258
f 10253 10258 10254
f 10256 10259 10260
f 10256 10255 10259
f 10253 10260 10257
f 10253 10256 10260
f 10254 10258 10259
f 10254 10259 10255
f 10257 10261 10262
f 10257 10262 10258
f 10260 10263 10264
f 10260 10259 10263
f 10257 10264 10261
f 10257 10260 10264
f 10258 10262 10263
f 10258 10263 10259
f 10261 10265 10266
f 10261 10266 10262
f 10264 10267 10268
f 10264 10263 10267
f 10261 10268 10265
f 10261 10264 10268
f 10262 10266 10267
f 10262 10267 10263
f 10265 10269 10270
f 10265 10270 10266
f 10268 10271 10272
f 10268 10267 10271
f 10265 10272 10269
f 10265 10268 10272
f 10266 10270 10271
f 10266 10271 10267
f 10269 10273 10274
f 10269 10274 10270
f 10272 10275 10276
f 10272 10271 10275
f 10269 10276 10273
f 10269 10272 10276
f 10270 10274 10275
f 10270 10275 10271
f 10273 10277 10278
f 10273 10278 10274
f 10276 10279 10280
f 10276 10275 10279
f 10273 10280 10277
f 10273 10276 10280
f 10274 10278 10279
f 10274 10279 10275
f 10277 10281 10282
f 10277 10282 10278
f 10280 10283 10284
f 10280 10279 10283
f 10277 10284 10281
f 10277 10280 10284
f 10278 10282 10283
f 10278 10283 10279
f 10281 10285 10286
f 10281 10286 10282
f 10284 10287 10288
f 10284 10283 10287
f 10281 10288 10285
f 10281 10284 10288
f 10282 10286 10287
f 10282 10287 10283
f 10285 10289 10290
f 10285 10290 10286
f 10288 10291 10292
f 10288 10287 10291
f 10285 10292 10289
f 10285 10288 10292
f 10286 10290 10291
f 10286 10291 10287
f 10289 10293 10294
f 10289 10294 10290
f 10292 10295 10296
f 10292 10291 10295
f 10289 10296 10293
f 10289 10292 10296
f 10290 10294 10295
f 10290 10295 10291
f 10293 10297 10298
f 10293 10298 10294
f 10296 10299 10300
f 10296 10295 10299
f 10293 10300 10297
f 10293 10296 10300
f 10294 10298 10299
f 10294 10299 10295
f 10297 10301 10302
f 10297 10302 10298
f 10300 10303 10304
f 10300 10299 10303
f 10297 10304 10301
f 10297 10300 10304
f 10298 10302 10303
f 10298 10303 10299
f 10301 10049 10052
f 10301 10052 10302
f 10304 10056 10053
f 10304 10303 10056
f 10301 10053 10049
f 10301 10304 10053
f 10302 10052 10056
f 10302 10056 10303
o Rear_right_rim
usemtl Aluminum
v 80.70000 53.00000 16.00000
v 80.61386 53.00000 17.53391
v 80.61386 63.00000 17.53391
v 80.70000 63.00000 16.00000
v 78.50000 53.00000 16.00000
v 78.42769 63.00000 17.28759
v 78.42769 53.00000 17.28759
v 78.50000 63.00000 16.00000
v 80.35651 53.00000 19.04854
v 80.35651 63.00000 19.04854
v 78.21167 63.00000 18.55899
v 78.21167 53.00000 18.55899
v 79.93120 53.00000 20.52482
v 79.93120 63.00000 20.52482
v 77.85466 63.00000 19.79821
v 77.85466 53.00000 19.79821
v 79.34327 53.00000 21.94421
v 79.34327 63.00000 21.94421
v 77.36114 63.00000 20.98966
v 77.36114 53.00000 20.98966
v 78.60012 53.00000 23.28884
v 78.60012 63.00000 23.28884
v 76.73733 63.00000 22.11837
v 76.73733 53.00000 22.11837
v 77.71109 53.00000 24.54181
v 77.71109 63.00000 24.54181
v 75.99106 63.00000 23.17013
v 75.99106 53.00000 23.17013
v 76.68736 53.00000 25.68736
v 76.68736 63.00000 25.68736
v 75.13173 63.00000 24.13173
v 75.13173 53.00000 24.13173
v 75.54181 53.00000 26.71109
v 75.54181 63.00000 26.71109
v 74.17013 63.00000 24.99106
v 74.17013 53.00000 24.99106
v 74.28884 53.00000 27.60012
v 74.28884 63.00000 27.60012
v 73.11837 63.00000 25.73733
v 73.11837 53.00000 25.73733
v 72.94421 53.00000 28.34327
v 72.94421 63.00000 28.34327
v 71.98966 63.00000 26.36114
v 71.98966 53.00000 26.36114
v 71.52482 53.00000 28.93120
v 71.52482 63.00000 28.93120
v 70.79821 63.00000 26.85466
v 70.79821 53.00000 26.85466
v 70.04854 53.00000 29.35651
v 70.04854 63.00000 29.35651
v 69.55899 63.00000 27.21167
v 69.55899 53.00000 27.21167
v 68.53391 53.00000 29.61386
v 68.53391 63.00000 29.61386
v 68.28759 63.00000 27.42769
v 68.28759 53.00000 27.42769
v 67.00000 53.00000 29.70000
v 67.00000 63.00000 29.70000
v 67.00000 63.00000 27.50000
v 67.00000 53.00000 27.50000
v 65.46609 53.00000 29.61386
v 65.46609 63.00000 29.61386
v 65.71241 63.00000 27.42769
v 65.71241 53.00000 27.42769
v 63.95146 53.00000 29.35651
v 63.95146 63.00000 29.35651
v 64.44101 63.00000 27.21167
v 64.44101 53.00000 27.21167
v 62.47518 53.00000 28.93120
v 62.47518 63.00000 28.93120
v 63.20179 63.00000 26.85466
v 63.20179 53.00000 26.85466
v 61.05579 53.00000 28.34327
v 61.05579 63.00000 28.34327
v 62.01034 63.00000 26.36114
v 62.01034 53.00000 26.36114
v 59.71116 53.00000 27.60012
v 59.71116 63.00000 27.60012
v 60.88163 63.00000 25.73733
v 60.88163 53.00000 25.73733
v 58.45819 53.00000 26.71109
v 58.45819 63.00000 26.71109
v 59.82987 63.00000 24.99106
v 59.82987 53.00000 24.99106
v 57.31264 53.00000 25.68736
v 57.31264 63.00000 25.68736
v 58.86827 63.00000 24.13173
v 58.86827 53.00000 24.13173
v 56.28891 53.00000 24.54181
v 56.28891 63.00000 24.54181
v 58.00894 63.00000 23.17013
v 58.00894 53.00000 23.17013
v 55.39988 53.00000 23.28884
v 55.39988 63.00000 23.28884
v 57.26267 63.00000 22.11837
v 57.26267 53.00000 22.11837
v 54.65673 53.00000 21.94421
v 54.65673 63.00000 21.94421
v 56.63886 63.00000 20.98966
v 56.63886 53.00000 20.98966
v 54.06880 53.00000 20.52482
v 54.06880 63.00000 20.52482
v 56.14534 63.00000 19.79821
v 56.14534 53.00000 19.79821
v 53.64349 53.00000 19.04854
v 53.64349 63.00000 19.04854
v 55.78833 63.00000 18.55899
v 55.78833 53.00000 18.55899
v 53.38614 53.00000 17.53391
v 53.38614 63.00000 17.53391
v 55.57231 63.00000 17.28759
v 55.57231 53.00000 17.28759
v 53.30000 53.00000 16.00000
v 53.30000 63.00000 16.00000
v 55.50000 63.00000 16.00000
v 55.50000 53.00000 16.00000
v 53.38614 53.00000 14.46609
v 53.38614 63.00000 14.46609
v 55.57231 63.00000 14.71241
v 55.57231 53.00000 14.71241
v 53.64349 53.00000 12.95146
v 53.64349 63.00000 12.95146
v 55.78833 63.00000 13.44101
v 55.78833 53.00000 13.44101
v 54.06880 53.00000 11.47518
v 54.06880 63.00000 11.47518
v 56.14534 63.00000 12.20179
v 56.14534 53.00000 12.20179
v 54.65673 53.00000 10.05579
v 54.65673 63.00000 10.05579
v 56.63886 63.00000 11.01034
v 56.63886 53.00000 11.01034
v 55.39988 53.00000 8.71116
v 55.39988 63.00000 8.71116
v 57.26267 63.00000 9.88163
v 57.26267 53.00000 9.88163
v 56.28891 53.00000 7.45819
v 56.28891 63.00000 7.45819
v 58.00894 63.00000 8.82987
v 58.00894 53.00000 8.82987
v 57.31264 53.00000 6.31264
v 57.31264 63.00000 6.31264
v 58.86827 63.00000 7.86827
v 58.86827 53.00000 7.86827
v 58.45819 53.00000 5.28891
v 58.45819 63.00000 5.28891
v 59.82987 63.00000 7.00894
v 59.82987 53.00000 7.00894
v 59.71116 53.00000 4.39988
v 59.71116 63.00000 4.39988
v 60.88163 63.00000 6.26267
v 60.88163 53.00000 6.26267
v 61.05579 53.00000 3.65673
v 61.05579 63.00000 3.65673
v 62.01034 63.00000 5.63886
v 62.01034 53.00000 5.63886
v 62.47518 53.00000 3.06880
v 62.47518 63.00000 3.06880
v 63.20179 63.00000 5.14534
v 63.20179 53.00000 5.14534
v 63.95146 53.00000 2.64349
v 63.95146 63.00000 2.64349
v 64.44101 63.00000 4.78833
v 64.44101 53.00000 4.78833
v 65.46609 53.00000 2.38614
v 65.46609 63.00000 2.38614
v 65.71241 63.00000 4.57231
v 65.71241 53.00000 4.57231
v 67.00000 53.00000 2.30000
v 67.00000 63.00000 2.30000
v 67.00000 63.00000 4.50000
v 67.00000 53.00000 4.50000
v 68.53391 53.00000 2.38614
v 68.53391 63.00000 2.38614
v 68.28759 63.00000 4.57231
v 68.28759 53.00000 4.57231
v 70.04854 53.00000 2.64349
v 70.04854 63.00000 2.64349
v 69.55899 63.00000 4.78833
v 69.55899 53.00000 4.78833
v 71.52482 53.00000 3.06880
v 71.52482 63.00000 3.06880
v 70.79821 63.00000 5.14534
v 70.79821 53.00000 5.14534
v 72.94421 53.00000 3.65673
v 72.94421 63.00000 3.65673
v 71.98966 63.00000 5.63886
v 71.98966 53.00000 5.63886
v 74.28884 53.00000 4.39988
v 74.28884 63.00000 4.39988
v 73.11837 63.00000 6.26267
v 73.11837 53.00000 6.26267
v 75.54181 53.00000 5.28891
v 75.54181 63.00000 5.28891
v 74.17013 63.00000 7.00894
v 74.17013 53.00000 7.00894
v 76.68736 53.00000 6.31264
v 76.68736 63.00000 6.31264
v 75.13173 63.00000 7.86827
v 75.13173 53.00000 7.86827
v 77.71109 53.00000 7.45819
v 77.71109 63.00000 7.45819
v 75.99106 63.00000 8.82987
v 75.99106 53.00000 8.82987
v 78.60012 53.00000 8.71116
v 78.60012 63.00000 8.71116
v 76.73733 63.00000 9.88163
v 76.73733 53.00000 9.88163
v 79.34327 53.00000 10.05579
v 79.34327 63.00000 10.05579
v 77.36114 63.00000 11.01034
v 77.36114 53.00000 11.01034
v 79.93120 53.00000 11.47518
v 79.93120 63.00000 11.47518
v 77.85466 63.00000 12.20179
v 77.85466 53.00000 12.20179
v 80.35651 53.00000 12.95146
v 80.35651 63.00000 12.95146
v 78.21167 63.00000 13.44101
v 78.21167 53.00000 13.44101
v 80.61386 53.00000 14.46609
v 80.61386 63.00000 14.46609
v 78.42769 63.00000 14.71241
v 78.42769 53.00000 14.71241
v 73.20000 53.00000 16.00000
v 73.12367 53.00000 16.96989
v 73.12367 63.00000 16.96989
v 73.20000 63.00000 16.00000
v 70.90000 53.00000 16.00000
v 70.85198 63.00000 16.61009
v 70.85198 53.00000 16.61009
v 70.90000 63.00000 16.00000
v 72.89655 53.00000 17.91591
v 72.89655 63.00000 17.91591
v 70.70912 63.00000 17.20517
v 70.70912 53.00000 17.20517
v 72.52424 53.00000 18.81474
v 72.52424 63.00000 18.81474
v 70.47493 63.00000 17.77056
v 70.47493 53.00000 17.77056
v 72.01591 53.00000 19.64427
v 72.01591 63.00000 19.64427
v 70.15517 63.00000 18.29236
v 70.15517 53.00000 18.29236
v 71.38406 53.00000 20.38406
v 71.38406 63.00000 20.38406
v 69.75772 63.00000 18.75772
v 69.75772 53.00000 18.75772
v 70.64427 53.00000 21.01591
v 70.64427 63.00000 21.01591
v 69.29236 63.00000 19.15517
v 69.29236 53.00000 19.15517
v 69.81474 53.00000 21.52424
v 69.81474 63.00000 21.52424
v 68.77056 63.00000 19.47493
v 68.77056 53.00000 19.47493
v 68.91591 53.00000 21.89655
v 68.91591 63.00000 21.89655
v 68.20517 63.00000 19.70912
v 68.20517 53.00000 19.70912
v 67.96989 53.00000 22.12367
v 67.96989 63.00000 22.12367
v 67.61009 63.00000 19.85198
v 67.61009 53.00000 19.85198
v 67.00000 53.00000 22.20000
v 67.00000 63.00000 22.20000
v 67.00000 63.00000 19.90000
v 67.00000 53.00000 19.90000
v 66.03011 53.00000 22.12367
v 66.03011 63.00000 22.12367
v 66.38991 63.00000 19.85198
v 66.38991 53.00000 19.85198
v 65.08409 53.00000 21.89655
v 65.08409 63.00000 21.89655
v 65.79483 63.00000 19.70912
v 65.79483 53.00000 19.70912
v 64.18526 53.00000 21.52424
v 64.18526 63.00000 21.52424
v 65.22944 63.00000 19.47493
v 65.22944 53.00000 19.47493
v 63.35573 53.00000 21.01591
v 63.35573 63.00000 21.01591
v 64.70764 63.00000 19.15517
v 64.70764 53.00000 19.15517
v 62.61594 53.00000 20.38406
v 62.61594 63.00000 20.38406
v 64.24228 63.00000 18.75772
v 64.24228 53.00000 18.75772
v 61.98409 53.00000 19.64427
v 61.98409 63.00000 19.64427
v 63.84483 63.00000 18.29236
v 63.84483 53.00000 18.29236
v 61.47576 53.00000 18.81474
v 61.47576 63.00000 18.81474
v 63.52507 63.00000 17.77056
v 63.52507 53.00000 17.77056
v 61.10345 53.00000 17.91591
v 61.10345 63.00000 17.91591
v 63.29088 63.00000 17.20517
v 63.29088 53.00000 17.20517
v 60.87633 53.00000 16.96989
v 60.87633 63.00000 16.96989
v 63.14802 63.00000 16.61009
v 63.14802 53.00000 16.61009
v 60.80000 53.00000 16.00000
v 60.80000 63.00000 16.00000
v 63.10000 63.00000 16.00000
v 63.10000 53.00000 16.00000
v 60.87633 53.00000 15.03011
v 60.87633 63.00000 15.03011
v 63.14802 63.00000 15.38991
v 63.14802 53.00000 15.38991
v 61.10345 53.00000 14.08409
v 61.10345 63.00000 14.08409
v 63.29088 63.00000 14.79483
v 63.29088 53.00000 14.79483
v 61.47576 53.00000 13.18526
v 61.47576 63.00000 13.18526
v 63.52507 63.00000 14.22944
v 63.52507 53.00000 14.22944
v 61.98409 53.00000 12.35573
v 61.98409 63.00000 12.35573
v 63.84483 63.00000 13.70764
v 63.84483 53.00000 13.70764
v 62.61594 53.00000 11.61594
v 62.61594 63.00000 11.61594
v 64.24228 63.00000 13.24228
v 64.24228 53.00000 13.24228
v 63.35573 53.00000 10.98409
v 63.35573 63.00000 10.98409
v 64.70764 63.00000 12.84483
v 64.70764 53.00000 12.84483
v 64.18526 53.00000 10.47576
v 64.18526 63.00000 10.47576
v 65.22944 63.00000 12.52507
v 65.22944 53.00000 12.52507
v 65.08409 53.00000 10.10345
v 65.08409 63.00000 10.10345
v 65.79483 63.00000 12.29088
v 65.79483 53.00000 12.29088
v 66.03011 53.00000 9.87633
v 66.03011 63.00000 9.87633
v 66.38991 63.00000 12.14802
v 66.38991 53.00000 12.14802
v 67.00000 53.00000 9.80000
v 67.00000 63.00000 9.80000
v 67.00000 63.00000 12.10000
v 67.00000 53.00000 12.10000
v 67.96989 53.00000 9.87633
v 67.96989 63.00000 9.87633
v 67.61009 63.00000 12.14802
v 67.61009 53.00000 12.14802
v 68.91591 53.00000 10.10345
v 68.91591 63.00000 10.10345
v 68.20517 63.00000 12.29088
v 68.20517 53.00000 12.29088
v 69.81474 53.00000 10.47576
v 69.81474 63.00000 10.47576
v 68.77056 63.00000 12.52507
v 68.77056 53.00000 12.52507
v 70.64427 53.00000 10.98409
v 70.64427 63.00000 10.98409
v 69.29236 63.00000 12.84483
v 69.29236 53.00000 12.84483
v 71.38406 53.00000 11.61594
v 71.38406 63.00000 11.61594
v 69.75772 63.00000 13.24228
v 69.75772 53.00000 13.24228
v 72.01591 53.00000 12.35573
v 72.01591 63.00000 12.35573
v 70.15517 63.00000 13.70764
v 70.15517 53.00000 13.70764
v 72.52424 53.00000 13.18526
v 72.52424 63.00000 13.18526
v 70.47493 63.00000 14.22944
v 70.47493 53.00000 14.22944
v 72.89655 53.00000 14.08409
v 72.89655 63.00000 14.08409
v 70.70912 63.00000 14.79483
v 70.70912 53.00000 14.79483
v 73.12367 53.00000 15.03011
v 73.12367 63.00000 15.03011
v 70.85198 63.00000 15.38991
v 70.85198 53.00000 15.38991
v 72.50000 52.80000 16.00000
v 72.60677 52.99098 15.42199
v 79.14632 52.99098 16.62998
v 79.03955 52.80000 17.20798
v 72.67276 53.49098 15.06477
v 79.21231 53.49098 16.27275
v 72.67276 54.10902 15.06477
v 79.21231 54.10902 16.27275
v 72.60677 54.60902 15.42199
v 79.14632 54.60902 16.62998
v 72.50000 54.80000 16.00000
v 79.03955 54.80000 17.20798
v 72.39323 54.60902 16.57801
v 78.93278 54.60902 17.78599
v 72.32724 54.10902 16.93523
v 78.86679 54.10902 18.14322
v 72.32724 53.49098 16.93523
v 78.86679 53.49098 18.14322
v 72.39323 52.99098 16.57801
v 78.93278 52.99098 17.78599
v 71.76314 52.80000 18.75000
v 72.14461 52.99098 18.30282
v 77.20403 52.99098 22.61874
v 76.82256 52.80000 23.06592
v 72.38037 53.49098 18.02644
v 77.43979 53.49098 22.34236
v 72.38037 54.10902 18.02644
v 77.43979 54.10902 22.34236
v 72.14461 54.60902 18.30282
v 77.20403 54.60902 22.61874
v 71.76314 54.80000 18.75000
v 76.82256 54.80000 23.06592
v 71.38167 54.60902 19.19718
v 76.44110 54.60902 23.51310
v 71.14591 54.10902 19.47356
v 76.20534 54.10902 23.78948
v 71.14591 53.49098 19.47356
v 76.20534 53.49098 23.78948
v 71.38167 52.99098 19.19718
v 76.44110 52.99098 23.51310
v 68.80756 53.80000 21.09751
v 68.98755 53.21221 21.03365
v 71.21118 53.21221 27.30106
v 71.03119 53.80000 27.36492
v 69.45877 52.84894 20.86647
v 71.68240 52.84894 27.13388
v 70.04123 52.84894 20.65981
v 72.26486 52.84894 26.92722
v 70.51245 53.21221 20.49263
v 72.73608 53.21221 26.76004
v 70.69244 53.80000 20.42877
v 72.91607 53.80000 26.69618
v 70.51245 54.38779 20.49263
v 72.73608 54.38779 26.76004
v 70.04123 54.75106 20.65981
v 72.26486 54.75106 26.92722
v 69.45877 54.75106 20.86647
v 71.68240 54.75106 27.13388
v 68.98755 54.38779 21.03365
v 71.21118 54.38779 27.30106
v 66.01664 53.80000 21.31835
v 66.20444 53.21221 21.35304
v 64.99646 53.21221 27.89260
v 64.80865 53.80000 27.85790
v 66.69612 52.84894 21.44387
v 65.48814 52.84894 27.98342
v 67.30388 52.84894 21.55613
v 66.09589 52.84894 28.09568
v 67.79556 53.21221 21.64696
v 66.58757 53.21221 28.18651
v 67.98336 53.80000 21.68165
v 66.77538 53.80000 28.22120
v 67.79556 54.38779 21.64696
v 66.58757 54.38779 28.18651
v 67.30388 54.75106 21.55613
v 66.09589 54.75106 28.09568
v 66.69612 54.75106 21.44387
v 65.48814 54.75106 27.98342
v 66.20444 54.38779 21.35304
v 64.99646 54.38779 27.89260
v 64.25000 54.80000 20.76314
v 63.80282 54.60902 20.38167
v 59.48690 54.60902 25.44110
v 59.93408 54.80000 25.82256
v 63.52644 54.10902 20.14591
v 59.21052 54.10902 25.20534
v 63.52644 53.49098 20.14591
v 59.21052 53.49098 25.20534
v 63.80282 52.99098 20.38167
v 59.48690 52.99098 25.44110
v 64.25000 52.80000 20.76314
v 59.93408 52.80000 25.82256
v 64.69718 52.99098 21.14461
v 60.38126 52.99098 26.20403
v 64.97356 53.49098 21.38037
v 60.65764 53.49098 26.43979
v 64.97356 54.10902 21.38037
v 60.65764 54.10902 26.43979
v 64.69718 54.60902 21.14461
v 60.38126 54.60902 26.20403
v 62.23686 54.80000 18.75000
v 62.04032 54.60902 18.19605
v 55.77291 54.60902 20.41968
v 55.96945 54.80000 20.97363
v 61.91885 54.10902 17.85368
v 55.65145 54.10902 20.07731
v 61.91885 53.49098 17.85368
v 55.65145 53.49098 20.07731
v 62.04032 52.99098 18.19605
v 55.77291 52.99098 20.41968
v 62.23686 52.80000 18.75000
v 55.96945 52.80000 20.97363
v 62.43340 52.99098 19.30395
v 56.16599 52.99098 21.52758
v 62.55487 53.49098 19.64632
v 56.28746 53.49098 21.86995
v 62.55487 54.10902 19.64632
v 56.28746 54.10902 21.86995
v 62.43340 54.60902 19.30395
v 56.16599 54.60902 21.52758
v 61.50000 54.80000 16.00000
v 61.60677 54.60902 15.42199
v 55.06722 54.60902 14.21401
v 54.96045 54.80000 14.79202
v 61.67276 54.10902 15.06477
v 55.13321 54.10902 13.85678
v 61.67276 53.49098 15.06477
v 55.13321 53.49098 13.85678
v 61.60677 52.99098 15.42199
v 55.06722 52.99098 14.21401
v 61.50000 52.80000 16.00000
v 54.96045 52.80000 14.79202
v 61.39323 52.99098 16.57801
v 54.85368 52.99098 15.37002
v 61.32724 53.49098 16.93523
v 54.78769 53.49098 15.72725
v 61.32724 54.10902 16.93523
v 54.78769 54.10902 15.72725
v 61.39323 54.60902 16.57801
v 54.85368 54.60902 15.37002
v 62.23686 54.80000 13.25000
v 62.61833 54.60902 12.80282
v 57.55890 54.60902 8.48690
v 57.17744 54.80000 8.93408
v 62.85409 54.10902 12.52644
v 57.79466 54.10902 8.21052
v 62.85409 53.49098 12.52644
v 57.79466 53.49098 8.21052
v 62.61833 52.99098 12.80282
v 57.55890 52.99098 8.48690
v 62.23686 52.80000 13.25000
v 57.17744 52.80000 8.93408
v 61.85539 52.99098 13.69718
v 56.79597 52.99098 9.38126
v 61.61963 53.49098 13.97356
v 56.56021 53.49098 9.65764
v 61.61963 54.10902 13.97356
v 56.56021 54.10902 9.65764
v 61.85539 54.60902 13.69718
v 56.79597 54.60902 9.38126
v 65.19244 53.80000 10.90249
v 65.01245 53.21221 10.96635
v 62.78882 53.21221 4.69894
v 62.96881 53.80000 4.63508
v 64.54123 52.84894 11.13353
v 62.31760 52.84894 4.86612
v 63.95877 52.84894 11.34019
v 61.73514 52.84894 5.07278
v 63.48755 53.21221 11.50737
v 61.26392 53.21221 5.23996
v 63.30756 53.80000 11.57123
v 61.08393 53.80000 5.30382
v 63.48755 54.38779 11.50737
v 61.26392 54.38779 5.23996
v 63.95877 54.75106 11.34019
v 61.73514 54.75106 5.07278
v 64.54123 54.75106 11.13353
v 62.31760 54.75106 4.86612
v 65.01245 54.38779 10.96635
v 62.78882 54.38779 4.69894
v 67.98336 53.80000 10.68165
v 67.79556 53.21221 10.64696
v 69.00354 53.21221 4.10740
v 69.19135 53.80000 4.14210
v 67.30388 52.84894 10.55613
v 68.51186 52.84894 4.01658
v 66.69612 52.84894 10.44387
v 67.90411 52.84894 3.90432
v 66.20444 53.21221 10.35304
v 67.41243 53.21221 3.81349
v 66.01664 53.80000 10.31835
v 67.22462 53.80000 3.77880
v 66.20444 54.38779 10.35304
v 67.41243 54.38779 3.81349
v 66.69612 54.75106 10.44387
v 67.90411 54.75106 3.90432
v 67.30388 54.75106 10.55613
v 68.51186 54.75106 4.01658
v 67.79556 54.38779 10.64696
v 69.00354 54.38779 4.10740
v 69.75000 52.80000 11.23686
v 69.30282 52.99098 10.85539
v 73.61874 52.99098 5.79597
v 74.06592 52.80000 6.17744
v 69.02644 53.49098 10.61963
v 73.34236 53.49098 5.56021
v 69.02644 54.10902 10.61963
v 73.34236 54.10902 5.56021
v 69.30282 54.60902 10.85539
v 73.61874 54.60902 5.79597
v 69.75000 54.80000 11.23686
v 74.06592 54.80000 6.17744
v 70.19718 54.60902 11.61833
v 74.51310 54.60902 6.55890
v 70.47356 54.10902 11.85409
v 74.78948 54.10902 6.79466
v 70.47356 53.49098 11.85409
v 74.78948 53.49098 6.79466
v 70.19718 52.99098 11.61833
v 74.51310 52.99098 6.55890
v 71.76314 52.80000 13.25000
v 71.56660 52.99098 12.69605
v 77.83401 52.99098 10.47242
v 78.03055 52.80000 11.02637
v 71.44513 53.49098 12.35368
v 77.71254 53.49098 10.13005
v 71.44513 54.10902 12.35368
v 77.71254 54.10902 10.13005
v 71.56660 54.60902 12.69605
v 77.83401 54.60902 10.47242
v 71.76314 54.80000 13.25000
v 78.03055 54.80000 11.02637
v 71.95968 54.60902 13.80395
v 78.22709 54.60902 11.58032
v 72.08115 54.10902 14.14632
v 78.34855 54.10902 11.92269
v 72.08115 53.49098 14.14632
v 78.34855 53.49098 11.92269
v 71.95968 52.99098 13.80395
v 78.22709 52.99098 11.58032
f 10305 10306 10307
f 10305 10307 10308
f 10309 10310 10311
f 10309 10312 10310
f 10305 10311 10306
f 10305 10309 10311
f 10308 10307 10310
f 10308 10310 10312
f 10306 10313 10314
f 10306 10314 10307
f 10311 10315 10316
f 10311 10310 10315
f 10306 10316 10313
f 10306 10311 10316
f 10307 10314 10315
f 10307 10315 10310
f 10313 10317 10318
f 10313 10318 10314
f 10316 10319 10320
f 10316 10315 10319
f 10313 10320 10317
f 10313 10316 10320
f 10314 10318 10319
f 10314 10319 10315
f 10317 10321 10322
f 10317 10322 10318
f 10320 10323 10324
f 10320 10319 10323
f 10317 10324 10321
f 10317 10320 10324
f 10318 10322 10323
f 10318 10323 10319
f 10321 10325 10326
f 10321 10326 10322
f 10324 10327 10328
f 10324 10323 10327
f 10321 10328 10325
f 10321 10324 10328
f 10322 10326 10327
f 10322 10327 10323
f 10325 10329 10330
f 10325 10330 10326
f 10328 10331 10332
f 10328 10327 10331
f 10325 10332 10329
f 10325 10328 10332
f 10326 10330 10331
f 10326 10331 10327
f 10329 10333 10334
f 10329 10334 10330
f 10332 10335 10336
f 10332 10331 10335
f 10329 10336 10333
f 10329 10332 10336
f 10330 10334 10335
f 10330 10335 10331
f 10333 10337 10338
f 10333 10338 10334
f 10336 10339 10340
f 10336 10335 10339
f 10333 10340 10337
f 10333 10336 10340
f 10334 10338 10339
f 10334 10339 10335
f 10337 10341 10342
f 10337 10342 10338
f 10340 10343 10344
f 10340 10339 10343
f 10337 10344 10341
f 10337 10340 10344
f 10338 10342 10343
f 10338 10343 10339
f 10341 10345 10346
f 10341 10346 10342
f 10344 10347 10348
f 10344 10343 10347
f 10341 10348 10345
f 10341 10344 10348
f 10342 10346 10347
f 10342 10347 10343
f 10345 10349 10350
f 10345 10350 10346
f 10348 10351 10352
f 10348 10347 10351
f 10345 10352 10349
f 10345 10348 10352
f 10346 10350 10351
f 10346 10351 10347
f 10349 10353 10354
f 10349 10354 10350
f 10352 10355 10356
f 10352 10351 10355
f 10349 10356 10353
f 10349 10352 10356
f 10350 10354 10355
f 10350 10355 10351
f 10353 10357 10358
f 10353 10358 10354
f 10356 10359 10360
f 10356 10355 10359
f 10353 10360 10357
f 10353 10356 10360
f 10354 10358 10359
f 10354 10359 10355
f 10357 10361 10362
f 10357 10362 10358
f 10360 10363 10364
f 10360 10359 10363
f 10357 10364 10361
f 10357 10360 10364
f 10358 10362 10363
f 10358 10363 10359
f 10361 10365 10366
f 10361 10366 10362
f 10364 10367 10368
f 10364 10363 10367
f 10361 10368 10365
f 10361 10364 10368
f 10362 10366 10367
f 10362 10367 10363
f 10365 10369 10370
f 10365 10370 10366
f 10368 10371 10372
f 10368 10367 10371
f 10365 10372 10369
f 10365 10368 10372
f 10366 10370 10371
f 10366 10371 10367
f 10369 10373 10374
f 10369 10374 10370
f 10372 10375 10376
f 10372 10371 10375
f 10369 10376 10373
f 10369 10372 10376
f 10370 10374 10375
f 10370 10375 10371
f 10373 10377 10378
f 10373 10378 10374
f 10376 10379 10380
f 10376 10375 10379
f 10373 10380 10377
f 10373 10376 10380
f 10374 10378 10379
f 10374 10379 10375
f 10377 10381 10382
f 10377 10382 10378
f 10380 10383 10384
f 10380 10379 10383
f 10377 10384 10381
f 10377 10380 10384
f 10378 10382 10383
f 10378 10383 10379
f 10381 10385 10386
f 10381 10386 10382
f 10384 10387 10388
f 10384 10383 10387
f 10381 10388 10385
f 10381 10384 10388
f 10382 10386 10387
f 10382 10387 10383
f 10385 10389 10390
f 10385 10390 10386
f 10388 10391 10392
f 10388 10387 10391
f 10385 10392 10389
f 10385 10388 10392
f 10386 10390 10391
f 10386 10391 10387
f 10389 10393 10394
f 10389 10394 10390
f 10392 10395 10396
f 10392 10391 10395
f 10389 10396 10393
f 10389 10392 10396
f 10390 10394 10395
f 10390 10395 10391
f 10393 10397 10398
f 10393 10398 10394
f 10396 10399 10400
f 10396 10395 10399
f 10393 10400 10397
f 10393 10396 10400
f 10394 10398 10399
f 10394 10399 10395
f 10397 10401 10402
f 10397 10402 10398
f 10400 10403 10404
f 10400 10399 10403
f 10397 10404 10401
f 10397 10400 10404
f 10398 10402 10403
f 10398 10403 10399
f 10401 10405 10406
f 10401 10406 10402
f 10404 10407 10408
f 10404 10403 10407
f 10401 10408 10405
f 10401 10404 10408
f 10402 10406 10407
f 10402 10407 10403
f 10405 10409 10410
f 10405 10410 10406
f 10408 10411 10412
f 10408 10407 10411
f 10405 10412 10409
f 10405 10408 10412
f 10406 10410 10411
f 10406 10411 10407
f 10409 10413 10414
f 10409 10414 10410
f 10412 10415 10416
f 10412 10411 10415
f 10409 10416 10413
f 10409 10412 10416
f 10410 10414 10415
f 10410 10415 10411
f 10413 10417 10418
f 10413 10418 10414
f 10416 10419 10420
f 10416 10415 10419
f 10413 10420 10417
f 10413 10416 10420
f 10414 10418 10419
f 10414 10419 10415
f 10417 10421 10422
f 10417 10422 10418
f 10420 10423 10424
f 10420 10419 10423
f 10417 10424 10421
f 10417 10420 10424
f 10418 10422 10423
f 10418 10423 10419
f 10421 10425 10426
f 10421 10426 10422
f 10424 10427 10428
f 10424 10423 10427
f 10421 10428 10425
f 10421 10424 10428
f 10422 10426 10427
f 10422 10427 10423
f 10425 10429 10430
f 10425 10430 10426
f 10428 10431 10432
f 10428 10427 10431
f 10425 10432 10429
f 10425 10428 10432
f 10426 10430 10431
f 10426 10431 10427
f 10429 10433 10434
f 10429 10434 10430
f 10432 10435 10436
f 10432 10431 10435
f 10429 10436 10433
f 10429 10432 10436
f 10430 10434 10435
f 10430 10435 10431
f 10433 10437 10438
f 10433 10438 10434
f 10436 10439 10440
f 10436 10435 10439
f 10433 10440 10437
f 10433 10436 10440
f 10434 10438 10439
f 10434 10439 10435
f 10437 10441 10442
f 10437 10442 10438
f 10440 10443 10444
f 10440 10439 10443
f 10437 10444 10441
f 10437 10440 10444
f 10438 10442 10443
f 10438 10443 10439
f 10441 10445 10446
f 10441 10446 10442
f 10444 10447 10448
f 10444 10443 10447
f 10441 10448 10445
f 10441 10444 10448
f 10442 10446 10447
f 10442 10447 10443
f 10445 10449 10450
f 10445 10450 10446
f 10448 10451 10452
f 10448 10447 10451
f 10445 10452 10449
f 10445 10448 10452
f 10446 10450 10451
f 10446 10451 10447
f 10449 10453 10454
f 10449 10454 10450
f 10452 10455 10456
f 10452 10451 10455
f 10449 10456 10453
f 10449 10452 10456
f 10450 10454 10455
f 10450 10455 10451
f 10453 10457 10458
f 10453 10458 10454
f 10456 10459 10460
f 10456 10455 10459
f 10453 10460 10457
f 10453 10456 10460
f 10454 10458 10459
f 10454 10459 10455
f 10457 10461 10462
f 10457 10462 10458
f 10460 10463 10464
f 10460 10459 10463
f 10457 10464 10461
f 10457 10460 10464
f 10458 10462 10463
f 10458 10463 10459
f 10461 10465 10466
f 10461 10466 10462
f 10464 10467 10468
f 10464 10463 10467
f 10461 10468 10465
f 10461 10464 10468
f 10462 10466 10467
f 10462 10467 10463
f 10465 10469 10470
f 10465 10470 10466
f 10468 10471 10472
f 10468 10467 10471
f 10465 10472 10469
f 10465 10468 10472
f 10466 10470 10471
f 10466 10471 10467
f 10469 10473 10474
f 10469 10474 10470
f 10472 10475 10476
f 10472 10471 10475
f 10469 10476 10473
f 10469 10472 10476
f 10470 10474 10475
f 10470 10475 10471
f 10473 10477 10478
f 10473 10478 10474
f 10476 10479 10480
f 10476 10475 10479
f 10473 10480 10477
f 10473 10476 10480
f 10474 10478 10479
f 10474 10479 10475
f 10477 10481 10482
f 10477 10482 10478
f 10480 10483 10484
f 10480 10479 10483
f 10477 10484 10481
f 10477 10480 10484
f 10478 10482 10483
f 10478 10483 10479
f 10481 10485 10486
f 10481 10486 10482
f 10484 10487 10488
f 10484 10483 10487
f 10481 10488 10485
f 10481 10484 10488
f 10482 10486 10487
f 10482 10487 10483
f 10485 10489 10490
f 10485 10490 10486
f 10488 10491 10492
f 10488 10487 10491
f 10485 10492 10489
f 10485 10488 10492
f 10486 10490 10491
f 10486 10491 10487
f 10489 10493 10494
f 10489 10494 10490
f 10492 10495 10496
f 10492 10491 10495
f 10489 10496 10493
f 10489 10492 10496
f 10490 10494 10495
f 10490 10495 10491
f 10493 10497 10498
f 10493 10498 10494
f 10496 10499 10500
f 10496 10495 10499
f 10493 10500 10497
f 10493 10496 10500
f 10494 10498 10499
f 10494 10499 10495
f 10497 10501 10502
f 10497 10502 10498
f 10500 10503 10504
f 10500 10499 10503
f 10497 10504 10501
f 10497 10500 10504
f 10498 10502 10503
f 10498 10503 10499
f 10501 10505 10506
f 10501 10506 10502
f 10504 10507 10508
f 10504 10503 10507
f 10501 10508 10505
f 10501 10504 10508
f 10502 10506 10507
f 10502 10507 10503
f 10505 10509 10510
f 10505 10510 10506
f 10508 10511 10512
f 10508 10507 10511
f 10505 10512 10509
f 10505 10508 10512
f 10506 10510 10511
f 10506 10511 10507
f 10509 10513 10514
f 10509 10514 10510
f 10512 10515 10516
f 10512 10511 10515
f 10509 10516 10513
f 10509 10512 10516
f 10510 10514 10515
f 10510 10515 10511
f 10513 10517 10518
f 10513 10518 10514
f 10516 10519 10520
f 10516 10515 10519
f 10513 10520 10517
f 10513 10516 10520
f 10514 10518 10519
f 10514 10519 10515
f 10517 10521 10522
f 10517 10522 10518
f 10520 10523 10524
f 10520 10519 10523
f 10517 10524 10521
f 10517 10520 10524
f 10518 10522 10523
f 10518 10523 10519
f 10521 10525 10526
f 10521 10526 10522
f 10524 10527 10528
f 10524 10523 10527
f 10521 10528 10525
f 10521 10524 10528
f 10522 10526 10527
f 10522 10527 10523
f 10525 10305 10308
f 10525 10308 10526
f 10528 10312 10309
f 10528 10527 10312
f 10525 10309 10305
f 10525 10528 10309
f 10526 10308 10312
f 10526 10312 10527
f 10529 10530 10531
f 10529 10531 10532
f 10533 10534 10535
f 10533 10536 10534
f 10529 10535 10530
f 10529 10533 10535
f 10532 10531 10534
f 10532 10534 10536
f 10530 10537 10538
f 10530 10538 10531
f 10535 10539 10540
f 10535 10534 10539
f 10530 10540 10537
f 10530 10535 10540
f 10531 10538 10539
f 10531 10539 10534
f 10537 10541 10542
f 10537 10542 10538
f 10540 10543 10544
f 10540 10539 10543
f 10537 10544 10541
f 10537 10540 10544
f 10538 10542 10543
f 10538 10543 10539
f 10541 10545 10546
f 10541 10546 10542
f 10544 10547 10548
f 10544 10543 10547
f 10541 10548 10545
f 10541 10544 10548
f 10542 10546 10547
f 10542 10547 10543
f 10545 10549 10550
f 10545 10550 10546
f 10548 10551 10552
f 10548 10547 10551
f 10545 10552 10549
f 10545 10548 10552
f 10546 10550 10551
f 10546 10551 10547
f 10549 10553 10554
f 10549 10554 10550
f 10552 10555 10556
f 10552 10551 10555
f 10549 10556 10553
f 10549 10552 10556
f 10550 10554 10555
f 10550 10555 10551
f 10553 10557 10558
f 10553 10558 10554
f 10556 10559 10560
f 10556 10555 10559
f 10553 10560 10557
f 10553 10556 10560
f 10554 10558 10559
f 10554 10559 10555
f 10557 10561 10562
f 10557 10562 10558
f 10560 10563 10564
f 10560 10559 10563
f 10557 10564 10561
f 10557 10560 10564
f 10558 10562 10563
f 10558 10563 10559
f 10561 10565 10566
f 10561 10566 10562
f 10564 10567 10568
f 10564 10563 10567
f 10561 10568 10565
f 10561 10564 10568
f 10562 10566 10567
f 10562 10567 10563
f 10565 10569 10570
f 10565 10570 10566
f 10568 10571 10572
f 10568 10567 10571
f 10565 10572 10569
f 10565 10568 10572
f 10566 10570 10571
f 10566 10571 10567
f 10569 10573 10574
f 10569 10574 10570
f 10572 10575 10576
f 10572 10571 10575
f 10569 10576 10573
f 10569 10572 10576
f 10570 10574 10575
f 10570 10575 10571
f 10573 10577 10578
f 10573 10578 10574
f 10576 10579 10580
f 10576 10575 10579
f 10573 10580 10577
f 10573 10576 10580
f 10574 10578 10579
f 10574 10579 10575
f 10577 10581 10582
f 10577 10582 10578
f 10580 10583 10584
f 10580 10579 10583
f 10577 10584 10581
f 10577 10580 10584
f 10578 10582 10583
f 10578 10583 10579
f 10581 10585 10586
f 10581 10586 10582
f 10584 10587 10588
f 10584 10583 10587
f 10581 10588 10585
f 10581 10584 10588
f 10582 10586 10587
f 10582 10587 10583
f 10585 10589 10590
f 10585 10590 10586
f 10588 10591 10592
f 10588 10587 10591
f 10585 10592 10589
f 10585 10588 10592
f 10586 10590 10591
f 10586 10591 10587
f 10589 10593 10594
f 10589 10594 10590
f 10592 10595 10596
f 10592 10591 10595
f 10589 10596 10593
f 10589 10592 10596
f 10590 10594 10595
f 10590 10595 10591
f 10593 10597 10598
f 10593 10598 10594
f 10596 10599 10600
f 10596 10595 10599
f 10593 10600 10597
f 10593 10596 10600
f 10594 10598 10599
f 10594 10599 10595
f 10597 10601 10602
f 10597 10602 10598
f 10600 10603 10604
f 10600 10599 10603
f 10597 10604 10601
f 10597 10600 10604
f 10598 10602 10603
f 10598 10603 10599
f 10601 10605 10606
f 10601 10606 10602
f 10604 10607 10608
f 10604 10603 10607
f 10601 10608 10605
f 10601 10604 10608
f 10602 10606 10607
f 10602 10607 10603
f 10605 10609 10610
f 10605 10610 10606
f 10608 10611 10612
f 10608 10607 10611
f 10605 10612 10609
f 10605 10608 10612
f 10606 10610 10611
f 10606 10611 10607
f 10609 10613 10614
f 10609 10614 10610
f 10612 10615 10616
f 10612 10611 10615
f 10609 10616 10613
f 10609 10612 10616
f 10610 10614 10615
f 10610 10615 10611
f 10613 10617 10618
f 10613 10618 10614
f 10616 10619 10620
f 10616 10615 10619
f 10613 10620 10617
f 10613 10616 10620
f 10614 10618 10619
f 10614 10619 10615
f 10617 10621 10622
f 10617 10622 10618
f 10620 10623 10624
f 10620 10619 10623
f 10617 10624 10621
f 10617 10620 10624
f 10618 10622 10623
f 10618 10623 10619
f 10621 10625 10626
f 10621 10626 10622
f 10624 10627 10628
f 10624 10623 10627
f 10621 10628 10625
f 10621 10624 10628
f 10622 10626 10627
f 10622 10627 10623
f 10625 10629 10630
f 10625 10630 10626
f 10628 10631 10632
f 10628 10627 10631
f 10625 10632 10629
f 10625 10628 10632
f 10626 10630 10631
f 10626 10631 10627
f 10629 10633 10634
f 10629 10634 10630
f 10632 10635 10636
f 10632 10631 10635
f 10629 10636 10633
f 10629 10632 10636
f 10630 10634 10635
f 10630 10635 10631
f 10633 10637 10638
f 10633 10638 10634
f 10636 10639 10640
f 10636 10635 10639
f 10633 10640 10637
f 10633 10636 10640
f 10634 10638 10639
f 10634 10639 10635
f 10637 10641 10642
f 10637 10642 10638
f 10640 10643 10644
f 10640 10639 10643
f 10637 10644 10641
f 10637 10640 10644
f 10638 10642 10643
f 10638 10643 10639
f 10641 10645 10646
f 10641 10646 10642
f 10644 10647 10648
f 10644 10643 10647
f 10641 10648 10645
f 10641 10644 10648
f 10642 10646 10647
f 10642 10647 10643
f 10645 10649 10650
f 10645 10650 10646
f 10648 10651 10652
f 10648 10647 10651
f 10645 10652 10649
f 10645 10648 10652
f 10646 10650 10651
f 10646 10651 10647
f 10649 10653 10654
f 10649 10654 10650
f 10652 10655 10656
f 10652 10651 10655
f 10649 10656 10653
f 10649 10652 10656
f 10650 10654 10655
f 10650 10655 10651
f 10653 10657 10658
f 10653 10658 10654
f 10656 10659 10660
f 10656 10655 10659
f 10653 10660 10657
f 10653 10656 10660
f 10654 10658 10659
f 10654 10659 10655
f 10657 10661 10662
f 10657 10662 10658
f 10660 10663 10664
f 10660 10659 10663
f 10657 10664 10661
f 10657 10660 10664
f 10658 10662 10663
f 10658 10663 10659
f 10661 10665 10666
f 10661 10666 10662
f 10664 10667 10668
f 10664 10663 10667
f 10661 10668 10665
f 10661 10664 10668
f 10662 10666 10667
f 10662 10667 10663
f 10665 10669 10670
f 10665 10670 10666
f 10668 10671 10672
f 10668 10667 10671
f 10665 10672 10669
f 10665 10668 10672
f 10666 10670 10671
f 10666 10671 10667
f 10669 10673 10674
f 10669 10674 10670
f 10672 10675 10676
f 10672 10671 10675
f 10669 10676 10673
f 10669 10672 10676
f 10670 10674 10675
f 10670 10675 10671
f 10673 10677 10678
f 10673 10678 10674
f 10676 10679 10680
f 10676 10675 10679
f 10673 10680 10677
f 10673 10676 10680
f 10674 10678 10679
f 10674 10679 10675
f 10677 10681 10682
f 10677 10682 10678
f 10680 10683 10684
f 10680 10679 10683
f 10677 10684 10681
f 10677 10680 10684
f 10678 10682 10683
f 10678 10683 10679
f 10681 10685 10686
f 10681 10686 10682
f 10684 10687 10688
f 10684 10683 10687
f 10681 10688 10685
f 10681 10684 10688
f 10682 10686 10687
f 10682 10687 10683
f 10685 10529 10532
f 10685 10532 10686
f 10688 10536 10533
f 10688 10687 10536
f 10685 10533 10529
f 10685 10688 10533
f 10686 10532 10536
f 10686 10536 10687
f 10689 10690 10691
f 10689 10691 10692
f 10690 10693 10694
f 10690 10694 10691
f 10693 10695 10696
f 10693 10696 10694
f 10695 10697 10698
f 10695 10698 10696
f 10697 10699 10700
f 10697 10700 10698
f 10699 10701 10702
f 10699 10702 10700
f 10701 10703 10704
f 10701 10704 10702
f 10703 10705 10706
f 10703 10706 10704
f 10705 10707 10708
f 10705 10708 10706
f 10707 10689 10692
f 10707 10692 10708
f 10709 10710 10711
f 10709 10711 10712
f 10710 10713 10714
f 10710 10714 10711
f 10713 10715 10716
f 10713 10716 10714
f 10715 10717 10718
f 10715 10718 10716
f 10717 10719 10720
f 10717 10720 10718
f 10719 10721 10722
f 10719 10722 10720
f 10721 10723 10724
f 10721 10724 10722
f 10723 10725 10726
f 10723 10726 10724
f 10725 10727 10728
f 10725 10728 10726
f 10727 10709 10712
f 10727 10712 10728
f 10729 10730 10731
f 10729 10731 10732
f 10730 10733 10734
f 10730 10734 10731
f 10733 10735 10736
f 10733 10736 10734
f 10735 10737 10738
f 10735 10738 10736
f 10737 10739 10740
f 10737 10740 10738
f 10739 10741 10742
f 10739 10742 10740
f 10741 10743 10744
f 10741 10744 10742
f 10743 10745 10746
f 10743 10746 10744
f 10745 10747 10748
f 10745 10748 10746
f 10747 10729 10732
f 10747 10732 10748
f 10749 10750 10751
f 10749 10751 10752
f 10750 10753 10754
f 10750 10754 10751
f 10753 10755 10756
f 10753 10756 10754
f 10755 10757 10758
f 10755 10758 10756
f 10757 10759 10760
f 10757 10760 10758
f 10759 10761 10762
f 10759 10762 10760
f 10761 10763 10764
f 10761 10764 10762
f 10763 10765 10766
f 10763 10766 10764
f 10765 10767 10768
f 10765 10768 10766
f 10767 10749 10752
f 10767 10752 10768
f 10769 10770 10771
f 10769 10771 10772
f 10770 10773 10774
f 10770 10774 10771
f 10773 10775 10776
f 10773 10776 10774
f 10775 10777 10778
f 10775 10778 10776
f 10777 10779 10780
f 10777 10780 10778
f 10779 10781 10782
f 10779 10782 10780
f 10781 10783 10784
f 10781 10784 10782
f 10783 10785 10786
f 10783 10786 10784
f 10785 10787 10788
f 10785 10788 10786
f 10787 10769 10772
f 10787 10772 10788
f 10789 10790 10791
f 10789 10791 10792
f 10790 10793 10794
f 10790 10794 10791
f 10793 10795 10796
f 10793 10796 10794
f 10795 10797 10798
f 10795 10798 10796
f 10797 10799 10800
f 10797 10800 10798
f 10799 10801 10802
f 10799 10802 10800
f 10801 10803 10804
f 10801 10804 10802
f 10803 10805 10806
f 10803 10806 10804
f 10805 10807 10808
f 10805 10808 10806
f 10807 10789 10792
f 10807 10792 10808
f 10809 10810 10811
f 10809 10811 10812
f 10810 10813 10814
f 10810 10814 10811
f 10813 10815 10816
f 10813 10816 10814
f 10815 10817 10818
f 10815 10818 10816
f 10817 10819 10820
f 10817 10820 10818
f 10819 10821 10822
f 10819 10822 10820
f 10821 10823 10824
f 10821 10824 10822
f 10823 10825 10826
f 10823 10826 10824
f 10825 10827 10828
f 10825 10828 10826
f 10827 10809 10812
f 10827 10812 10828
f 10829 10830 10831
f 10829 10831 10832
f 10830 10833 10834
f 10830 10834 10831
f 10833 10835 10836
f 10833 10836 10834
f 10835 10837 10838
f 10835 10838 10836
f 10837 10839 10840
f 10837 10840 10838
f 10839 10841 10842
f 10839 10842 10840
f 10841 10843 10844
f 10841 10844 10842
f 10843 10845 10846
f 10843 10846 10844
f 10845 10847 10848
f 10845 10848 10846
f 10847 10829 10832
f 10847 10832 10848
f 10849 10850 10851
f 10849 10851 10852
f 10850 10853 10854
f 10850 10854 10851
f 10853 10855 10856
f 10853 10856 10854
f 10855 10857 10858
f 10855 10858 10856
f 10857 10859 10860
f 10857 10860 10858
f 10859 10861 10862
f 10859 10862 10860
f 10861 10863 10864
f 10861 10864 10862
f 10863 10865 10866
f 10863 10866 10864
f 10865 10867 10868
f 10865 10868 10866
f 10867 10849 10852
f 10867 10852 10868
f 10869 10870 10871
f 10869 10871 10872
f 10870 10873 10874
f 10870 10874 10871
f 10873 10875 10876
f 10873 10876 10874
f 10875 10877 10878
f 10875 10878 10876
f 10877 10879 10880
f 10877 10880 10878
f 10879 10881 10882
f 10879 10882 10880
f 10881 10883 10884
f 10881 10884 10882
f 10883 10885 10886
f 10883 10886 10884
f 10885 10887 10888
f 10885 10888 10886
f 10887 10869 10872
f 10887 10872 10888
f 10889 10890 10891
f 10889 10891 10892
f 10890 10893 10894
f 10890 10894 10891
f 10893 10895 10896
f 10893 10896 10894
f 10895 10897 10898
f 10895 10898 10896
f 10897 10899 10900
f 10897 10900 10898
f 10899 10901 10902
f 10899 10902 10900
f 10901 10903 10904
f 10901 10904 10902
f 10903 10905 10906
f 10903 10906 10904
f 10905 10907 10908
f 10905 10908 10906
f 10907 10889 10892
f 10907 10892 10908
f 10909 10910 10911
f 10909 10911 10912
f 10910 10913 10914
f 10910 10914 10911
f 10913 10915 10916
f 10913 10916 10914
f 10915 10917 10918
f 10915 10918 10916
f 10917 10919 10920
f 10917 10920 10918
f 10919 10921 10922
f 10919 10922 10920
f 10921 10923 10924
f 10921 10924 10922
f 10923 10925 10926
f 10923 10926 10924
f 10925 10927 10928
f 10925 10928 10926
f 10927 10909 10912
f 10927 10912 10928
o Rear_right_rotor
usemtl Brake
v 77.80000 57.00000 16.00000
v 77.70760 57.00000 17.40968
v 77.70760 59.00000 17.40968
v 77.80000 59.00000 16.00000
v 71.10000 57.00000 16.00000
v 71.06492 59.00000 16.53516
v 71.06492 57.00000 16.53516
v 71.10000 59.00000 16.00000
v 77.43200 57.00000 18.79525
v 77.43200 59.00000 18.79525
v 70.96030 59.00000 17.06116
v 70.96030 57.00000 17.06116
v 76.97790 57.00000 20.13298
v 76.97790 59.00000 20.13298
v 70.78791 59.00000 17.56900
v 70.78791 57.00000 17.56900
v 76.35307 57.00000 21.40000
v 76.35307 59.00000 21.40000
v 70.55070 59.00000 18.05000
v 70.55070 57.00000 18.05000
v 75.56822 57.00000 22.57462
v 75.56822 59.00000 22.57462
v 70.25275 59.00000 18.49592
v 70.25275 57.00000 18.49592
v 74.63675 57.00000 23.63675
v 74.63675 59.00000 23.63675
v 69.89914 59.00000 18.89914
v 69.89914 57.00000 18.89914
v 73.57462 57.00000 24.56822
v 73.57462 59.00000 24.56822
v 69.49592 59.00000 19.25275
v 69.49592 57.00000 19.25275
v 72.40000 57.00000 25.35307
v 72.40000 59.00000 25.35307
v 69.05000 59.00000 19.55070
v 69.05000 57.00000 19.55070
v 71.13298 57.00000 25.97790
v 71.13298 59.00000 25.97790
v 68.56900 59.00000 19.78791
v 68.56900 57.00000 19.78791
v 69.79525 57.00000 26.43200
v 69.79525 59.00000 26.43200
v 68.06116 59.00000 19.96030
v 68.06116 57.00000 19.96030
v 68.40968 57.00000 26.70760
v 68.40968 59.00000 26.70760
v 67.53516 59.00000 20.06492
v 67.53516 57.00000 20.06492
v 67.00000 57.00000 26.80000
v 67.00000 59.00000 26.80000
v 67.00000 59.00000 20.10000
v 67.00000 57.00000 20.10000
v 65.59032 57.00000 26.70760
v 65.59032 59.00000 26.70760
v 66.46484 59.00000 20.06492
v 66.46484 57.00000 20.06492
v 64.20475 57.00000 26.43200
v 64.20475 59.00000 26.43200
v 65.93884 59.00000 19.96030
v 65.93884 57.00000 19.96030
v 62.86702 57.00000 25.97790
v 62.86702 59.00000 25.97790
v 65.43100 59.00000 19.78791
v 65.43100 57.00000 19.78791
v 61.60000 57.00000 25.35307
v 61.60000 59.00000 25.35307
v 64.95000 59.00000 19.55070
v 64.95000 57.00000 19.55070
v 60.42538 57.00000 24.56822
v 60.42538 59.00000 24.56822
v 64.50408 59.00000 19.25275
v 64.50408 57.00000 19.25275
v 59.36325 57.00000 23.63675
v 59.36325 59.00000 23.63675
v 64.10086 59.00000 18.89914
v 64.10086 57.00000 18.89914
v 58.43178 57.00000 22.57462
v 58.43178 59.00000 22.57462
v 63.74725 59.00000 18.49592
v 63.74725 57.00000 18.49592
v 57.64693 57.00000 21.40000
v 57.64693 59.00000 21.40000
v 63.44930 59.00000 18.05000
v 63.44930 57.00000 18.05000
v 57.02210 57.00000 20.13298
v 57.02210 59.00000 20.13298
v 63.21209 59.00000 17.56900
v 63.21209 57.00000 17.56900
v 56.56800 57.00000 18.79525
v 56.56800 59.00000 18.79525
v 63.03970 59.00000 17.06116
v 63.03970 57.00000 17.06116
v 56.29240 57.00000 17.40968
v 56.29240 59.00000 17.40968
v 62.93508 59.00000 16.53516
v 62.93508 57.00000 16.53516
v 56.20000 57.00000 16.00000
v 56.20000 59.00000 16.00000
v 62.90000 59.00000 16.00000
v 62.90000 57.00000 16.00000
v 56.29240 57.00000 14.59032
v 56.29240 59.00000 14.59032
v 62.93508 59.00000 15.46484
v 62.93508 57.00000 15.46484
v 56.56800 57.00000 13.20475
v 56.56800 59.00000 13.20475
v 63.03970 59.00000 14.93884
v 63.03970 57.00000 14.93884
v 57.02210 57.00000 11.86702
v 57.02210 59.00000 11.86702
v 63.21209 59.00000 14.43100
v 63.21209 57.00000 14.43100
v 57.64693 57.00000 10.60000
v 57.64693 59.00000 10.60000
v 63.44930 59.00000 13.95000
v 63.44930 57.00000 13.95000
v 58.43178 57.00000 9.42538
v 58.43178 59.00000 9.42538
v 63.74725 59.00000 13.50408
v 63.74725 57.00000 13.50408
v 59.36325 57.00000 8.36325
v 59.36325 59.00000 8.36325
v 64.10086 59.00000 13.10086
v 64.10086 57.00000 13.10086
v 60.42538 57.00000 7.43178
v 60.42538 59.00000 7.43178
v 64.50408 59.00000 12.74725
v 64.50408 57.00000 12.74725
v 61.60000 57.00000 6.64693
v 61.60000 59.00000 6.64693
v 64.95000 59.00000 12.44930
v 64.95000 57.00000 12.44930
v 62.86702 57.00000 6.02210
v 62.86702 59.00000 6.02210
v 65.43100 59.00000 12.21209
v 65.43100 57.00000 12.21209
v 64.20475 57.00000 5.56800
v 64.20475 59.00000 5.56800
v 65.93884 59.00000 12.03970
v 65.93884 57.00000 12.03970
v 65.59032 57.00000 5.29240
v 65.59032 59.00000 5.29240
v 66.46484 59.00000 11.93508
v 66.46484 57.00000 11.93508
v 67.00000 57.00000 5.20000
v 67.00000 59.00000 5.20000
v 67.00000 59.00000 11.90000
v 67.00000 57.00000 11.90000
v 68.40968 57.00000 5.29240
v 68.40968 59.00000 5.29240
v 67.53516 59.00000 11.93508
v 67.53516 57.00000 11.93508
v 69.79525 57.00000 5.56800
v 69.79525 59.00000 5.56800
v 68.06116 59.00000 12.03970
v 68.06116 57.00000 12.03970
v 71.13298 57.00000 6.02210
v 71.13298 59.00000 6.02210
v 68.56900 59.00000 12.21209
v 68.56900 57.00000 12.21209
v 72.40000 57.00000 6.64693
v 72.40000 59.00000 6.64693
v 69.05000 59.00000 12.44930
v 69.05000 57.00000 12.44930
v 73.57462 57.00000 7.43178
v 73.57462 59.00000 7.43178
v 69.49592 59.00000 12.74725
v 69.49592 57.00000 12.74725
v 74.63675 57.00000 8.36325
v 74.63675 59.00000 8.36325
v 69.89914 59.00000 13.10086
v 69.89914 57.00000 13.10086
v 75.56822 57.00000 9.42538
v 75.56822 59.00000 9.42538
v 70.25275 59.00000 13.50408
v 70.25275 57.00000 13.50408
v 76.35307 57.00000 10.60000
v 76.35307 59.00000 10.60000
v 70.55070 59.00000 13.95000
v 70.55070 57.00000 13.95000
v 76.97790 57.00000 11.86702
v 76.97790 59.00000 11.86702
v 70.78791 59.00000 14.43100
v 70.78791 57.00000 14.43100
v 77.43200 57.00000 13.20475
v 77.43200 59.00000 13.20475
v 70.96030 59.00000 14.93884
v 70.96030 57.00000 14.93884
v 77.70760 57.00000 14.59032
v 77.70760 59.00000 14.59032
v 71.06492 59.00000 15.46484
v 71.06492 57.00000 15.46484
v 73.50000 56.00000 11.50000
v 77.50000 60.00000 11.50000
v 77.50000 56.00000 11.50000
v 73.50000 60.00000 11.50000
v 73.50000 56.00000 20.50000
v 77.50000 56.00000 20.50000
v 77.50000 60.00000 20.50000
v 73.50000 60.00000 20.50000
f 10929 10930 10931
f 10929 10931 10932
f 10933 10934 10935
f 10933 10936 10934
f 10929 10935 10930
f 10929 10933 10935
f 10932 10931 10934
f 10932 10934 10936
f 10930 10937 10938
f 10930 10938 10931
f 10935 10939 10940
f 10935 10934 10939
f 10930 10940 10937
f 10930 10935 10940
f 10931 10938 10939
f 10931 10939 10934
f 10937 10941 10942
f 10937 10942 10938
f 10940 10943 10944
f 10940 10939 10943
f 10937 10944 10941
f 10937 10940 10944
f 10938 10942 10943
f 10938 10943 10939
f 10941 10945 10946
f 10941 10946 10942
f 10944 10947 10948
f 10944 10943 10947
f 10941 10948 10945
f 10941 10944 10948
f 10942 10946 10947
f 10942 10947 10943
f 10945 10949 10950
f 10945 10950 10946
f 10948 10951 10952
f 10948 10947 10951
f 10945 10952 10949
f 10945 10948 10952
f 10946 10950 10951
f 10946 10951 10947
f 10949 10953 10954
f 10949 10954 10950
f 10952 10955 10956
f 10952 10951 10955
f 10949 10956 10953
f 10949 10952 10956
f 10950 10954 10955
f 10950 10955 10951
f 10953 10957 10958
f 10953 10958 10954
f 10956 10959 10960
f 10956 10955 10959
f 10953 10960 10957
f 10953 10956 10960
f 10954 10958 10959
f 10954 10959 10955
f 10957 10961 10962
f 10957 10962 10958
f 10960 10963 10964
f 10960 10959 10963
f 10957 10964 10961
f 10957 10960 10964
f 10958 10962 10963
f 10958 10963 10959
f 10961 10965 10966
f 10961 10966 10962
f 10964 10967 10968
f 10964 10963 10967
f 10961 10968 10965
f 10961 10964 10968
f 10962 10966 10967
f 10962 10967 10963
f 10965 10969 10970
f 10965 10970 10966
f 10968 10971 10972
f 10968 10967 10971
f 10965 10972 10969
f 10965 10968 10972
f 10966 10970 10971
f 10966 10971 10967
f 10969 10973 10974
f 10969 10974 10970
f 10972 10975 10976
f 10972 10971 10975
f 10969 10976 10973
f 10969 10972 10976
f 10970 10974 10975
f 10970 10975 10971
f 10973 10977 10978
f 10973 10978 10974
f 10976 10979 10980
f 10976 10975 10979
f 10973 10980 10977
f 10973 10976 10980
f 10974 10978 10979
f 10974 10979 10975
f 10977 10981 10982
f 10977 10982 10978
f 10980 10983 10984
f 10980 10979 10983
f 10977 10984 10981
f 10977 10980 10984
f 10978 10982 10983
f 10978 10983 10979
f 10981 10985 10986
f 10981 10986 10982
f 10984 10987 10988
f 10984 10983 10987
f 10981 10988 10985
f 10981 10984 10988
f 10982 10986 10987
f 10982 10987 10983
f 10985 10989 10990
f 10985 10990 10986
f 10988 10991 10992
f 10988 10987 10991
f 10985 10992 10989
f 10985 10988 10992
f 10986 10990 10991
f 10986 10991 10987
f 10989 10993 10994
f 10989 10994 10990
f 10992 10995 10996
f 10992 10991 10995
f 10989 10996 10993
f 10989 10992 10996
f 10990 10994 10995
f 10990 10995 10991
f 10993 10997 10998
f 10993 10998 10994
f 10996 10999 11000
f 10996 10995 10999
f 10993 11000 10997
f 10993 10996 11000
f 10994 10998 10999
f 10994 10999 10995
f 10997 11001 11002
f 10997 11002 10998
f 11000 11003 11004
f 11000 10999 11003
f 10997 11004 11001
f 10997 11000 11004
f 10998 11002 11003
f 10998 11003 10999
f 11001 11005 11006
f 11001 11006 11002
f 11004 11007 11008
f 11004 11003 11007
f 11001 11008 11005
f 11001 11004 11008
f 11002 11006 11007
f 11002 11007 11003
f 11005 11009 11010
f 11005 11010 11006
f 11008 11011 11012
f 11008 11007 11011
f 11005 11012 11009
f 11005 11008 11012
f 11006 11010 11011
f 11006 11011 11007
f 11009 11013 11014
f 11009 11014 11010
f 11012 11015 11016
f 11012 11011 11015
f 11009 11016 11013
f 11009 11012 11016
f 11010 11014 11015
f 11010 11015 11011
f 11013 11017 11018
f 11013 11018 11014
f 11016 11019 11020
f 11016 11015 11019
f 11013 11020 11017
f 11013 11016 11020
f 11014 11018 11019
f 11014 11019 11015
f 11017 11021 11022
f 11017 11022 11018
f 11020 11023 11024
f 11020 11019 11023
f 11017 11024 11021
f 11017 11020 11024
f 11018 11022 11023
f 11018 11023 11019
f 11021 11025 11026
f 11021 11026 11022
f 11024 11027 11028
f 11024 11023 11027
f 11021 11028 11025
f 11021 11024 11028
f 11022 11026 11027
f 11022 11027 11023
f 11025 11029 11030
f 11025 11030 11026
f 11028 11031 11032
f 11028 11027 11031
f 11025 11032 11029
f 11025 11028 11032
f 11026 11030 11031
f 11026 11031 11027
f 11029 11033 11034
f 11029 11034 11030
f 11032 11035 11036
f 11032 11031 11035
f 11029 11036 11033
f 11029 11032 11036
f 11030 11034 11035
f 11030 11035 11031
f 11033 11037 11038
f 11033 11038 11034
f 11036 11039 11040
f 11036 11035 11039
f 11033 11040 11037
f 11033 11036 11040
f 11034 11038 11039
f 11034 11039 11035
f 11037 11041 11042
f 11037 11042 11038
f 11040 11043 11044
f 11040 11039 11043
f 11037 11044 11041
f 11037 11040 11044
f 11038 11042 11043
f 11038 11043 11039
f 11041 11045 11046
f 11041 11046 11042
f 11044 11047 11048
f 11044 11043 11047
f 11041 11048 11045
f 11041 11044 11048
f 11042 11046 11047
f 11042 11047 11043
f 11045 11049 11050
f 11045 11050 11046
f 11048 11051 11052
f 11048 11047 11051
f 11045 11052 11049
f 11045 11048 11052
f 11046 11050 11051
f 11046 11051 11047
f 11049 11053 11054
f 11049 11054 11050
f 11052 11055 11056
f 11052 11051 11055
f 11049 11056 11053
f 11049 11052 11056
f 11050 11054 11055
f 11050 11055 11051
f 11053 11057 11058
f 11053 11058 11054
f 11056 11059 11060
f 11056 11055 11059
f 11053 11060 11057
f 11053 11056 11060
f 11054 11058 11059
f 11054 11059 11055
f 11057 11061 11062
f 11057 11062 11058
f 11060 11063 11064
f 11060 11059 11063
f 11057 11064 11061
f 11057 11060 11064
f 11058 11062 11063
f 11058 11063 11059
f 11061 11065 11066
f 11061 11066 11062
f 11064 11067 11068
f 11064 11063 11067
f 11061 11068 11065
f 11061 11064 11068
f 11062 11066 11067
f 11062 11067 11063
f 11065 11069 11070
f 11065 11070 11066
f 11068 11071 11072
f 11068 11067 11071
f 11065 11072 11069
f 11065 11068 11072
f 11066 11070 11071
f 11066 11071 11067
f 11069 11073 11074
f 11069 11074 11070
f 11072 11075 11076
f 11072 11071 11075
f 11069 11076 11073
f 11069 11072 11076
f 11070 11074 11075
f 11070 11075 11071
f 11073 11077 11078
f 11073 11078 11074
f 11076 11079 11080
f 11076 11075 11079
f 11073 11080 11077
f 11073 11076 11080
f 11074 11078 11079
f 11074 11079 11075
f 11077 11081 11082
f 11077 11082 11078
f 11080 11083 11084
f 11080 11079 11083
f 11077 11084 11081
f 11077 11080 11084
f 11078 11082 11083
f 11078 11083 11079
f 11081 11085 11086
f 11081 11086 11082
f 11084 11087 11088
f 11084 11083 11087
f 11081 11088 11085
f 11081 11084 11088
f 11082 11086 11087
f 11082 11087 11083
f 11085 11089 11090
f 11085 11090 11086
f 11088 11091 11092
f 11088 11087 11091
f 11085 11092 11089
f 11085 11088 11092
f 11086 11090 11091
f 11086 11091 11087
f 11089 11093 11094
f 11089 11094 11090
f 11092 11095 11096
f 11092 11091 11095
f 11089 11096 11093
f 11089 11092 11096
f 11090 11094 11095
f 11090 11095 11091
f 11093 11097 11098
f 11093 11098 11094
f 11096 11099 11100
f 11096 11095 11099
f 11093 11100 11097
f 11093 11096 11100
f 11094 11098 11099
f 11094 11099 11095
f 11097 11101 11102
f 11097 11102 11098
f 11100 11103 11104
f 11100 11099 11103
f 11097 11104 11101
f 11097 11100 11104
f 11098 11102 11103
f 11098 11103 11099
f 11101 11105 11106
f 11101 11106 11102
f 11104 11107 11108
f 11104 11103 11107
f 11101 11108 11105
f 11101 11104 11108
f 11102 11106 11107
f 11102 11107 11103
f 11105 11109 11110
f 11105 11110 11106
f 11108 11111 11112
f 11108 11107 11111
f 11105 11112 11109
f 11105 11108 11112
f 11106 11110 11111
f 11106 11111 11107
f 11109 11113 11114
f 11109 11114 11110
f 11112 11115 11116
f 11112 11111 11115
f 11109 11116 11113
f 11109 11112 11116
f 11110 11114 11115
f 11110 11115 11111
f 11113 11117 11118
f 11113 11118 11114
f 11116 11119 11120
f 11116 11115 11119
f 11113 11120 11117
f 11113 11116 11120
f 11114 11118 11119
f 11114 11119 11115
f 11117 10929 10932
f 11117 10932 11118
f 11120 10936 10933
f 11120 11119 10936
f 11117 10933 10929
f 11117 11120 10933
f 11118 10932 10936
f 11118 10936 11119
f 11121 11122 11123
f 11121 11124 11122
f 11125 11126 11127
f 11125 11127 11128
f 11121 11123 11126
f 11121 11126 11125
f 11123 11122 11127
f 11123 11127 11126
f 11122 11124 11128
f 11122 11128 11127
f 11124 11121 11125
f 11124 11125 11128
o Rear_right_center_lock
usemtl Red
v 72.80000 64.50000 16.00000
v 72.71188 64.50000 17.00716
v 72.71188 67.50000 17.00716
v 72.80000 67.50000 16.00000
v 67.00000 64.50000 16.00000
v 67.00000 67.50000 16.00000
v 72.45022 64.50000 17.98372
v 72.45022 67.50000 17.98372
v 72.02295 64.50000 18.90000
v 72.02295 67.50000 18.90000
v 71.44306 64.50000 19.72817
v 71.44306 67.50000 19.72817
v 70.72817 64.50000 20.44306
v 70.72817 67.50000 20.44306
v 69.90000 64.50000 21.02295
v 69.90000 67.50000 21.02295
v 68.98372 64.50000 21.45022
v 68.98372 67.50000 21.45022
v 68.00716 64.50000 21.71188
v 68.00716 67.50000 21.71188
v 67.00000 64.50000 21.80000
v 67.00000 67.50000 21.80000
v 65.99284 64.50000 21.71188
v 65.99284 67.50000 21.71188
v 65.01628 64.50000 21.45022
v 65.01628 67.50000 21.45022
v 64.10000 64.50000 21.02295
v 64.10000 67.50000 21.02295
v 63.27183 64.50000 20.44306
v 63.27183 67.50000 20.44306
v 62.55694 64.50000 19.72817
v 62.55694 67.50000 19.72817
v 61.97705 64.50000 18.90000
v 61.97705 67.50000 18.90000
v 61.54978 64.50000 17.98372
v 61.54978 67.50000 17.98372
v 61.28812 64.50000 17.00716
v 61.28812 67.50000 17.00716
v 61.20000 64.50000 16.00000
v 61.20000 67.50000 16.00000
v 61.28812 64.50000 14.99284
v 61.28812 67.50000 14.99284
v 61.54978 64.50000 14.01628
v 61.54978 67.50000 14.01628
v 61.97705 64.50000 13.10000
v 61.97705 67.50000 13.10000
v 62.55694 64.50000 12.27183
v 62.55694 67.50000 12.27183
v 63.27183 64.50000 11.55694
v 63.27183 67.50000 11.55694
v 64.10000 64.50000 10.97705
v 64.10000 67.50000 10.97705
v 65.01628 64.50000 10.54978
v 65.01628 67.50000 10.54978
v 65.99284 64.50000 10.28812
v 65.99284 67.50000 10.28812
v 67.00000 64.50000 10.20000
v 67.00000 67.50000 10.20000
v 68.00716 64.50000 10.28812
v 68.00716 67.50000 10.28812
v 68.98372 64.50000 10.54978
v 68.98372 67.50000 10.54978
v 69.90000 64.50000 10.97705
v 69.90000 67.50000 10.97705
v 70.72817 64.50000 11.55694
v 70.72817 67.50000 11.55694
v 71.44306 64.50000 12.27183
v 71.44306 67.50000 12.27183
v 72.02295 64.50000 13.10000
v 72.02295 67.50000 13.10000
v 72.45022 64.50000 14.01628
v 72.45022 67.50000 14.01628
v 72.71188 64.50000 14.99284
v 72.71188 67.50000 14.99284
v 70.40000 66.20000 16.00000
v 70.33467 66.20000 16.66331
v 70.33467 70.20000 16.66331
v 70.40000 70.20000 16.00000
v 67.00000 66.20000 16.00000
v 67.00000 70.20000 16.00000
v 70.14119 66.20000 17.30112
v 70.14119 70.20000 17.30112
v 69.82700 66.20000 17.88894
v 69.82700 70.20000 17.88894
v 69.40416 66.20000 18.40416
v 69.40416 70.20000 18.40416
v 68.88894 66.20000 18.82700
v 68.88894 70.20000 18.82700
v 68.30112 66.20000 19.14119
v 68.30112 70.20000 19.14119
v 67.66331 66.20000 19.33467
v 67.66331 70.20000 19.33467
v 67.00000 66.20000 19.40000
v 67.00000 70.20000 19.40000
v 66.33669 66.20000 19.33467
v 66.33669 70.20000 19.33467
v 65.69888 66.20000 19.14119
v 65.69888 70.20000 19.14119
v 65.11106 66.20000 18.82700
v 65.11106 70.20000 18.82700
v 64.59584 66.20000 18.40416
v 64.59584 70.20000 18.40416
v 64.17300 66.20000 17.88894
v 64.17300 70.20000 17.88894
v 63.85881 66.20000 17.30112
v 63.85881 70.20000 17.30112
v 63.66533 66.20000 16.66331
v 63.66533 70.20000 16.66331
v 63.60000 66.20000 16.00000
v 63.60000 70.20000 16.00000
v 63.66533 66.20000 15.33669
v 63.66533 70.20000 15.33669
v 63.85881 66.20000 14.69888
v 63.85881 70.20000 14.69888
v 64.17300 66.20000 14.11106
v 64.17300 70.20000 14.11106
v 64.59584 66.20000 13.59584
v 64.59584 70.20000 13.59584
v 65.11106 66.20000 13.17300
v 65.11106 70.20000 13.17300
v 65.69888 66.20000 12.85881
v 65.69888 70.20000 12.85881
v 66.33669 66.20000 12.66533
v 66.33669 70.20000 12.66533
v 67.00000 66.20000 12.60000
v 67.00000 70.20000 12.60000
v 67.66331 66.20000 12.66533
v 67.66331 70.20000 12.66533
v 68.30112 66.20000 12.85881
v 68.30112 70.20000 12.85881
v 68.88894 66.20000 13.17300
v 68.88894 70.20000 13.17300
v 69.40416 66.20000 13.59584
v 69.40416 70.20000 13.59584
v 69.82700 66.20000 14.11106
v 69.82700 70.20000 14.11106
v 70.14119 66.20000 14.69888
v 70.14119 70.20000 14.69888
v 70.33467 66.20000 15.33669
v 70.33467 70.20000 15.33669
f 11129 11130 11131
f 11129 11131 11132
f 11133 11130 11129
f 11134 11132 11131
f 11130 11135 11136
f 11130 11136 11131
f 11133 11135 11130
f 11134 11131 11136
f 11135 11137 11138
f 11135 11138 11136
f 11133 11137 11135
f 11134 11136 11138
f 11137 11139 11140
f 11137 11140 11138
f 11133 11139 11137
f 11134 11138 11140
f 11139 11141 11142
f 11139 11142 11140
f 11133 11141 11139
f 11134 11140 11142
f 11141 11143 11144
f 11141 11144 11142
f 11133 11143 11141
f 11134 11142 11144
f 11143 11145 11146
f 11143 11146 11144
f 11133 11145 11143
f 11134 11144 11146
f 11145 11147 11148
f 11145 11148 11146
f 11133 11147 11145
f 11134 11146 11148
f 11147 11149 11150
f 11147 11150 11148
f 11133 11149 11147
f 11134 11148 11150
f 11149 11151 11152
f 11149 11152 11150
f 11133 11151 11149
f 11134 11150 11152
f 11151 11153 11154
f 11151 11154 11152
f 11133 11153 11151
f 11134 11152 11154
f 11153 11155 11156
f 11153 11156 11154
f 11133 11155 11153
f 11134 11154 11156
f 11155 11157 11158
f 11155 11158 11156
f 11133 11157 11155
f 11134 11156 11158
f 11157 11159 11160
f 11157 11160 11158
f 11133 11159 11157
f 11134 11158 11160
f 11159 11161 11162
f 11159 11162 11160
f 11133 11161 11159
f 11134 11160 11162
f 11161 11163 11164
f 11161 11164 11162
f 11133 11163 11161
f 11134 11162 11164
f 11163 11165 11166
f 11163 11166 11164
f 11133 11165 11163
f 11134 11164 11166
f 11165 11167 11168
f 11165 11168 11166
f 11133 11167 11165
f 11134 11166 11168
f 11167 11169 11170
f 11167 11170 11168
f 11133 11169 11167
f 11134 11168 11170
f 11169 11171 11172
f 11169 11172 11170
f 11133 11171 11169
f 11134 11170 11172
f 11171 11173 11174
f 11171 11174 11172
f 11133 11173 11171
f 11134 11172 11174
f 11173 11175 11176
f 11173 11176 11174
f 11133 11175 11173
f 11134 11174 11176
f 11175 11177 11178
f 11175 11178 11176
f 11133 11177 11175
f 11134 11176 11178
f 11177 11179 11180
f 11177 11180 11178
f 11133 11179 11177
f 11134 11178 11180
f 11179 11181 11182
f 11179 11182 11180
f 11133 11181 11179
f 11134 11180 11182
f 11181 11183 11184
f 11181 11184 11182
f 11133 11183 11181
f 11134 11182 11184
f 11183 11185 11186
f 11183 11186 11184
f 11133 11185 11183
f 11134 11184 11186
f 11185 11187 11188
f 11185 11188 11186
f 11133 11187 11185
f 11134 11186 11188
f 11187 11189 11190
f 11187 11190 11188
f 11133 11189 11187
f 11134 11188 11190
f 11189 11191 11192
f 11189 11192 11190
f 11133 11191 11189
f 11134 11190 11192
f 11191 11193 11194
f 11191 11194 11192
f 11133 11193 11191
f 11134 11192 11194
f 11193 11195 11196
f 11193 11196 11194
f 11133 11195 11193
f 11134 11194 11196
f 11195 11197 11198
f 11195 11198 11196
f 11133 11197 11195
f 11134 11196 11198
f 11197 11199 11200
f 11197 11200 11198
f 11133 11199 11197
f 11134 11198 11200
f 11199 11201 11202
f 11199 11202 11200
f 11133 11201 11199
f 11134 11200 11202
f 11201 11129 11132
f 11201 11132 11202
f 11133 11129 11201
f 11134 11202 11132
f 11203 11204 11205
f 11203 11205 11206
f 11207 11204 11203
f 11208 11206 11205
f 11204 11209 11210
f 11204 11210 11205
f 11207 11209 11204
f 11208 11205 11210
f 11209 11211 11212
f 11209 11212 11210
f 11207 11211 11209
f 11208 11210 11212
f 11211 11213 11214
f 11211 11214 11212
f 11207 11213 11211
f 11208 11212 11214
f 11213 11215 11216
f 11213 11216 11214
f 11207 11215 11213
f 11208 11214 11216
f 11215 11217 11218
f 11215 11218 11216
f 11207 11217 11215
f 11208 11216 11218
f 11217 11219 11220
f 11217 11220 11218
f 11207 11219 11217
f 11208 11218 11220
f 11219 11221 11222
f 11219 11222 11220
f 11207 11221 11219
f 11208 11220 11222
f 11221 11223 11224
f 11221 11224 11222
f 11207 11223 11221
f 11208 11222 11224
f 11223 11225 11226
f 11223 11226 11224
f 11207 11225 11223
f 11208 11224 11226
f 11225 11227 11228
f 11225 11228 11226
f 11207 11227 11225
f 11208 11226 11228
f 11227 11229 11230
f 11227 11230 11228
f 11207 11229 11227
f 11208 11228 11230
f 11229 11231 11232
f 11229 11232 11230
f 11207 11231 11229
f 11208 11230 11232
f 11231 11233 11234
f 11231 11234 11232
f 11207 11233 11231
f 11208 11232 11234
f 11233 11235 11236
f 11233 11236 11234
f 11207 11235 11233
f 11208 11234 11236
f 11235 11237 11238
f 11235 11238 11236
f 11207 11237 11235
f 11208 11236 11238
f 11237 11239 11240
f 11237 11240 11238
f 11207 11239 11237
f 11208 11238 11240
f 11239 11241 11242
f 11239 11242 11240
f 11207 11241 11239
f 11208 11240 11242
f 11241 11243 11244
f 11241 11244 11242
f 11207 11243 11241
f 11208 11242 11244
f 11243 11245 11246
f 11243 11246 11244
f 11207 11245 11243
f 11208 11244 11246
f 11245 11247 11248
f 11245 11248 11246
f 11207 11247 11245
f 11208 11246 11248
f 11247 11249 11250
f 11247 11250 11248
f 11207 11249 11247
f 11208 11248 11250
f 11249 11251 11252
f 11249 11252 11250
f 11207 11251 11249
f 11208 11250 11252
f 11251 11253 11254
f 11251 11254 11252
f 11207 11253 11251
f 11208 11252 11254
f 11253 11255 11256
f 11253 11256 11254
f 11207 11255 11253
f 11208 11254 11256
f 11255 11257 11258
f 11255 11258 11256
f 11207 11257 11255
f 11208 11256 11258
f 11257 11259 11260
f 11257 11260 11258
f 11207 11259 11257
f 11208 11258 11260
f 11259 11261 11262
f 11259 11262 11260
f 11207 11261 11259
f 11208 11260 11262
f 11261 11263 11264
f 11261 11264 11262
f 11207 11263 11261
f 11208 11262 11264
f 11263 11265 11266
f 11263 11266 11264
f 11207 11265 11263
f 11208 11264 11266
f 11265 11267 11268
f 11265 11268 11266
f 11207 11267 11265
f 11208 11266 11268
f 11267 11203 11206
f 11267 11206 11268
f 11207 11203 11267
f 11208 11268 11206
